<?xml version="1.0"?>
<gpx xmlns="http://www.topografix.com/GPX/1/1" xmlns:xsi="http://www.w3.org/2001/XMLSchema-instance" xmlns:wptx1="http://www.garmin.com/xmlschemas/WaypointExtension/v1" xmlns:gpxtrx="http://www.garmin.com/xmlschemas/GpxExtensions/v3" xmlns:gpxtpx="http://www.garmin.com/xmlschemas/TrackPointExtension/v1" xmlns:gpxx="http://www.garmin.com/xmlschemas/GpxExtensions/v3" xmlns:trp="http://www.garmin.com/xmlschemas/TripExtensions/v1" xmlns:adv="http://www.garmin.com/xmlschemas/AdventuresExtensions/v1" xmlns:prs="http://www.garmin.com/xmlschemas/PressureExtension/v1" xmlns:tmd="http://www.garmin.com/xmlschemas/TripMetaDataExtensions/v1" xmlns:vptm="http://www.garmin.com/xmlschemas/ViaPointTransportationModeExtensions/v1" xmlns:ctx="http://www.garmin.com/xmlschemas/CreationTimeExtension/v1" xmlns:gpxacc="http://www.garmin.com/xmlschemas/AccelerationExtension/v1" xmlns:gpxpx="http://www.garmin.com/xmlschemas/PowerExtension/v1" xmlns:vidx1="http://www.garmin.com/xmlschemas/VideoExtension/v1" creator="Garmin Desktop App" version="1.1" xsi:schemaLocation="http://www.topografix.com/GPX/1/1 http://www.topografix.com/GPX/1/1/gpx.xsd http://www.garmin.com/xmlschemas/WaypointExtension/v1 http://www8.garmin.com/xmlschemas/WaypointExtensionv1.xsd http://www.garmin.com/xmlschemas/TrackPointExtension/v1 http://www.garmin.com/xmlschemas/TrackPointExtensionv1.xsd http://www.garmin.com/xmlschemas/GpxExtensions/v3 http://www8.garmin.com/xmlschemas/GpxExtensionsv3.xsd http://www.garmin.com/xmlschemas/ActivityExtension/v1 http://www8.garmin.com/xmlschemas/ActivityExtensionv1.xsd http://www.garmin.com/xmlschemas/AdventuresExtensions/v1 http://www8.garmin.com/xmlschemas/AdventuresExtensionv1.xsd http://www.garmin.com/xmlschemas/PressureExtension/v1 http://www.garmin.com/xmlschemas/PressureExtensionv1.xsd http://www.garmin.com/xmlschemas/TripExtensions/v1 http://www.garmin.com/xmlschemas/TripExtensionsv1.xsd http://www.garmin.com/xmlschemas/TripMetaDataExtensions/v1 http://www.garmin.com/xmlschemas/TripMetaDataExtensionsv1.xsd http://www.garmin.com/xmlschemas/ViaPointTransportationModeExtensions/v1 http://www.garmin.com/xmlschemas/ViaPointTransportationModeExtensionsv1.xsd http://www.garmin.com/xmlschemas/CreationTimeExtension/v1 http://www.garmin.com/xmlschemas/CreationTimeExtensionsv1.xsd http://www.garmin.com/xmlschemas/AccelerationExtension/v1 http://www.garmin.com/xmlschemas/AccelerationExtensionv1.xsd http://www.garmin.com/xmlschemas/PowerExtension/v1 http://www.garmin.com/xmlschemas/PowerExtensionv1.xsd http://www.garmin.com/xmlschemas/VideoExtension/v1 http://www.garmin.com/xmlschemas/VideoExtensionv1.xsd">

  <metadata>
    <link href="http://www.garmin.com">
      <text>Garmin International</text>
    </link>
    <time>2019-02-24T18:10:00Z</time>
    <bounds maxlat="5.138715757057071" maxlon="-75.537747591733932" minlat="5.112709058448672" minlon="-75.549838654696941"/>
  </metadata>

  <wpt lat="5.133226029574871" lon="-75.549699012190104">
    <ele>1264.231078999999909</ele>
    <time>2019-02-23T17:35:52Z</time>
    <name>041</name>
    <sym>Flag, Blue</sym>
    <type>user</type>
    <extensions>
      <gpxx:WaypointExtension>
        <gpxx:DisplayMode>SymbolAndName</gpxx:DisplayMode>
      </gpxx:WaypointExtension>
      <wptx1:WaypointExtension>
        <wptx1:DisplayMode>SymbolAndName</wptx1:DisplayMode>
      </wptx1:WaypointExtension>
      <ctx:CreationTimeExtension>
        <ctx:CreationTime>2019-02-23T17:35:52Z</ctx:CreationTime>
      </ctx:CreationTimeExtension>
    </extensions>
  </wpt>

  <wpt lat="5.138440998271108" lon="-75.538211027160287">
    <ele>1381</ele>
    <time>2019-02-23T18:39:40Z</time>
    <name>CASCADA DE LA LUNA</name>
    <sym>Water Source</sym>
    <type>user</type>
    <extensions>
      <gpxx:WaypointExtension>
        <gpxx:DisplayMode>SymbolAndName</gpxx:DisplayMode>
      </gpxx:WaypointExtension>
      <wptx1:WaypointExtension>
        <wptx1:DisplayMode>SymbolAndName</wptx1:DisplayMode>
      </wptx1:WaypointExtension>
      <ctx:CreationTimeExtension>
        <ctx:CreationTime>2019-02-23T18:39:40Z</ctx:CreationTime>
      </ctx:CreationTimeExtension>
    </extensions>
  </wpt>

  <wpt lat="5.133431050926447" lon="-75.549556184560061">
    <ele>1272</ele>
    <time>2019-02-23T03:17:39Z</time>
    <name>Cruce de pequño rio</name>
    <cmt>Pequeño puente de guadua</cmt>
    <desc>Pequeño puente de guadua</desc>
    <sym>Bridge</sym>
    <type>user</type>
    <extensions>
      <gpxx:WaypointExtension>
        <gpxx:DisplayMode>SymbolAndName</gpxx:DisplayMode>
      </gpxx:WaypointExtension>
      <wptx1:WaypointExtension>
        <wptx1:DisplayMode>SymbolAndName</wptx1:DisplayMode>
      </wptx1:WaypointExtension>
      <ctx:CreationTimeExtension>
        <ctx:CreationTime>2019-02-23T03:17:39Z</ctx:CreationTime>
      </ctx:CreationTimeExtension>
    </extensions>
  </wpt>

  <wpt lat="5.138530014082789" lon="-75.539284497499466">
    <ele>1396.725380829517462</ele>
    <time>2019-02-23T03:17:39Z</time>
    <name>Cruce del rio</name>
    <cmt>Cruce del rio</cmt>
    <desc>Cruce del rio</desc>
    <sym>Flag, Blue</sym>
    <type>user</type>
    <extensions>
      <gpxx:WaypointExtension>
        <gpxx:DisplayMode>SymbolAndName</gpxx:DisplayMode>
      </gpxx:WaypointExtension>
      <wptx1:WaypointExtension>
        <wptx1:DisplayMode>SymbolAndName</wptx1:DisplayMode>
      </wptx1:WaypointExtension>
      <ctx:CreationTimeExtension>
        <ctx:CreationTime>2019-02-23T03:17:39Z</ctx:CreationTime>
      </ctx:CreationTimeExtension>
    </extensions>
  </wpt>

  <wpt lat="5.133240027353168" lon="-75.549695994704962">
    <ele>1265</ele>
    <time>2019-02-23T17:36:18Z</time>
    <name>Entrada Camino Cascada</name>
    <sym>Navaid, Red</sym>
    <type>user</type>
    <extensions>
      <gpxx:WaypointExtension>
        <gpxx:DisplayMode>SymbolAndName</gpxx:DisplayMode>
      </gpxx:WaypointExtension>
      <wptx1:WaypointExtension>
        <wptx1:DisplayMode>SymbolAndName</wptx1:DisplayMode>
      </wptx1:WaypointExtension>
      <ctx:CreationTimeExtension>
        <ctx:CreationTime>2019-02-23T17:36:18Z</ctx:CreationTime>
      </ctx:CreationTimeExtension>
    </extensions>
  </wpt>

  <wpt lat="5.128680355846882" lon="-75.549474628642201">
    <time>2019-02-24T17:59:21Z</time>
    <name>FIN RUTA</name>
    <cmt>Fin de la ruta
</cmt>
    <desc>Fin de la ruta
</desc>
    <sym>Trail Head</sym>
    <type>user</type>
    <extensions>
      <gpxx:WaypointExtension>
        <gpxx:DisplayMode>SymbolAndName</gpxx:DisplayMode>
      </gpxx:WaypointExtension>
      <wptx1:WaypointExtension>
        <wptx1:DisplayMode>SymbolAndName</wptx1:DisplayMode>
      </wptx1:WaypointExtension>
      <ctx:CreationTimeExtension>
        <ctx:CreationTime>2019-02-24T17:59:21Z</ctx:CreationTime>
      </ctx:CreationTimeExtension>
    </extensions>
  </wpt>

  <wpt lat="5.138632440939546" lon="-75.53954659961164">
    <ele>1395.664199209607887</ele>
    <time>2019-02-23T03:17:39Z</time>
    <name>Guadual</name>
    <cmt>Guadual</cmt>
    <desc>Guadual</desc>
    <sym>Flag, Blue</sym>
    <type>user</type>
    <extensions>
      <gpxx:WaypointExtension>
        <gpxx:DisplayMode>SymbolAndName</gpxx:DisplayMode>
      </gpxx:WaypointExtension>
      <wptx1:WaypointExtension>
        <wptx1:DisplayMode>SymbolAndName</wptx1:DisplayMode>
      </wptx1:WaypointExtension>
      <ctx:CreationTimeExtension>
        <ctx:CreationTime>2019-02-23T03:17:39Z</ctx:CreationTime>
      </ctx:CreationTimeExtension>
    </extensions>
  </wpt>

  <wpt lat="5.112709058448672" lon="-75.537747591733932">
    <time>2019-02-24T17:47:50Z</time>
    <name>INICIO RUTA</name>
    <cmt>Vía Urbana</cmt>
    <desc>Vía Urbana</desc>
    <sym>Trail Head</sym>
    <type>user</type>
    <extensions>
      <gpxx:WaypointExtension>
        <gpxx:DisplayMode>SymbolAndName</gpxx:DisplayMode>
      </gpxx:WaypointExtension>
      <wptx1:WaypointExtension>
        <wptx1:DisplayMode>SymbolAndName</wptx1:DisplayMode>
      </wptx1:WaypointExtension>
      <ctx:CreationTimeExtension>
        <ctx:CreationTime>2019-02-24T17:47:50Z</ctx:CreationTime>
      </ctx:CreationTimeExtension>
    </extensions>
  </wpt>

  <wpt lat="5.136688007041812" lon="-75.547385020181537">
    <ele>1297</ele>
    <time>2019-02-23T17:47:51Z</time>
    <name>Pasar por un cañaduzal</name>
    <cmt>Pasar por un cañaduzal, que tiene un pequeño camino</cmt>
    <desc>Pasar por un cañaduzal, que tiene un pequeño camino</desc>
    <sym>Navaid, Red</sym>
    <type>user</type>
    <extensions>
      <gpxx:WaypointExtension>
        <gpxx:DisplayMode>SymbolAndName</gpxx:DisplayMode>
      </gpxx:WaypointExtension>
      <wptx1:WaypointExtension>
        <wptx1:DisplayMode>SymbolAndName</wptx1:DisplayMode>
      </wptx1:WaypointExtension>
      <ctx:CreationTimeExtension>
        <ctx:CreationTime>2019-02-23T17:47:51Z</ctx:CreationTime>
      </ctx:CreationTimeExtension>
    </extensions>
  </wpt>

  <wpt lat="5.138506963849068" lon="-75.538676977157593">
    <ele>1372.985961999999972</ele>
    <time>2019-02-23T18:29:07Z</time>
    <name>PIEDRA</name>
    <sym>Flag, Blue</sym>
    <type>user</type>
    <extensions>
      <gpxx:WaypointExtension>
        <gpxx:DisplayMode>SymbolAndName</gpxx:DisplayMode>
      </gpxx:WaypointExtension>
      <wptx1:WaypointExtension>
        <wptx1:DisplayMode>SymbolAndName</wptx1:DisplayMode>
      </wptx1:WaypointExtension>
      <ctx:CreationTimeExtension>
        <ctx:CreationTime>2019-02-23T18:29:07Z</ctx:CreationTime>
      </ctx:CreationTimeExtension>
    </extensions>
  </wpt>

  <wpt lat="5.128675997257233" lon="-75.549499019980431">
    <ele>1237</ele>
    <time>2019-02-23T17:18:38Z</time>
    <name>Puente y toma jeep</name>
    <cmt>En este punto se toma el jeep de regreso antes de las 4 pm sábados y domingos</cmt>
    <desc>En este punto se toma el jeep de regreso antes de las 4 pm sábados y domingos</desc>
    <sym>Bridge</sym>
    <type>user</type>
    <extensions>
      <gpxx:WaypointExtension>
        <gpxx:DisplayMode>SymbolAndName</gpxx:DisplayMode>
      </gpxx:WaypointExtension>
      <wptx1:WaypointExtension>
        <wptx1:DisplayMode>SymbolAndName</wptx1:DisplayMode>
      </wptx1:WaypointExtension>
      <ctx:CreationTimeExtension>
        <ctx:CreationTime>2019-02-23T17:18:38Z</ctx:CreationTime>
      </ctx:CreationTimeExtension>
    </extensions>
  </wpt>

  <wpt lat="5.138702010735869" lon="-75.539805013686419">
    <ele>1358.883910999999898</ele>
    <time>2019-02-23T18:16:56Z</time>
    <name>RIO</name>
    <sym>Flag, Blue</sym>
    <type>user</type>
    <extensions>
      <gpxx:WaypointExtension>
        <gpxx:DisplayMode>SymbolAndName</gpxx:DisplayMode>
      </gpxx:WaypointExtension>
      <wptx1:WaypointExtension>
        <wptx1:DisplayMode>SymbolAndName</wptx1:DisplayMode>
      </wptx1:WaypointExtension>
      <ctx:CreationTimeExtension>
        <ctx:CreationTime>2019-02-23T18:16:56Z</ctx:CreationTime>
      </ctx:CreationTimeExtension>
    </extensions>
  </wpt>

  <trk>
    <name>Ruta de la luna completa</name>
    <extensions>
      <gpxx:TrackExtension>
        <gpxx:DisplayColor>Green</gpxx:DisplayColor>
      </gpxx:TrackExtension>
    </extensions>
    <trkseg>
      <trkpt lat="5.11276563629508" lon="-75.537894442677498">
        <ele>1774.230000000000018</ele>
        <time>2019-02-23T15:45:47Z</time>
      </trkpt>
      <trkpt lat="5.112805450335145" lon="-75.537890084087849">
        <ele>1773.740000000000009</ele>
        <time>2019-02-23T15:46:02Z</time>
      </trkpt>
      <trkpt lat="5.112852556630969" lon="-75.537934089079499">
        <ele>1773.740000000000009</ele>
        <time>2019-02-23T15:46:04Z</time>
      </trkpt>
      <trkpt lat="5.112875942140818" lon="-75.537959570065141">
        <ele>1773.730000000000018</ele>
        <time>2019-02-23T15:46:05Z</time>
      </trkpt>
      <trkpt lat="5.113214068114758" lon="-75.538383610546589">
        <ele>1770.799999999999955</ele>
        <time>2019-02-23T15:46:17Z</time>
      </trkpt>
      <trkpt lat="5.113532999530435" lon="-75.538927931338549">
        <ele>1772.079999999999927</ele>
        <time>2019-02-23T15:46:26Z</time>
      </trkpt>
      <trkpt lat="5.113574573770165" lon="-75.538979647681117">
        <ele>1772.549999999999955</ele>
        <time>2019-02-23T15:46:27Z</time>
      </trkpt>
      <trkpt lat="5.113620674237609" lon="-75.539022479206324">
        <ele>1773.150000000000091</ele>
        <time>2019-02-23T15:46:28Z</time>
      </trkpt>
      <trkpt lat="5.11366861872375" lon="-75.539058018475771">
        <ele>1773.6400000000001</ele>
        <time>2019-02-23T15:46:29Z</time>
      </trkpt>
      <trkpt lat="5.113715892657638" lon="-75.5390858463943">
        <ele>1773.849999999999909</ele>
        <time>2019-02-23T15:46:30Z</time>
      </trkpt>
      <trkpt lat="5.113763585686684" lon="-75.539113087579608">
        <ele>1773.970000000000027</ele>
        <time>2019-02-23T15:46:31Z</time>
      </trkpt>
      <trkpt lat="5.114148817956448" lon="-75.539308888837695">
        <ele>1770.660000000000082</ele>
        <time>2019-02-23T15:46:41Z</time>
      </trkpt>
      <trkpt lat="5.114169269800186" lon="-75.539316348731518">
        <ele>1770.460000000000036</ele>
        <time>2019-02-23T15:46:42Z</time>
      </trkpt>
      <trkpt lat="5.114255268126726" lon="-75.53936630487442">
        <ele>1769.269999999999982</ele>
        <time>2019-02-23T15:46:47Z</time>
      </trkpt>
      <trkpt lat="5.11425350792706" lon="-75.539378961548209">
        <ele>1769.3900000000001</ele>
        <time>2019-02-23T15:46:48Z</time>
      </trkpt>
      <trkpt lat="5.114247053861618" lon="-75.539363622665405">
        <ele>1769.519999999999982</ele>
        <time>2019-02-23T15:46:59Z</time>
      </trkpt>
      <trkpt lat="5.114279743283987" lon="-75.539374770596623">
        <ele>1768.700000000000045</ele>
        <time>2019-02-23T15:47:04Z</time>
      </trkpt>
      <trkpt lat="5.114290555939078" lon="-75.539374016225338">
        <ele>1768.6099999999999</ele>
        <time>2019-02-23T15:47:05Z</time>
      </trkpt>
      <trkpt lat="5.114301117137074" lon="-75.539370998740196">
        <ele>1768.529999999999973</ele>
        <time>2019-02-23T15:47:06Z</time>
      </trkpt>
      <trkpt lat="5.114301536232233" lon="-75.539365885779262">
        <ele>1767.980000000000018</ele>
        <time>2019-02-23T15:47:26Z</time>
      </trkpt>
      <trkpt lat="5.11429701000452" lon="-75.539365885779262">
        <ele>1767.579999999999927</ele>
        <time>2019-02-23T15:48:09Z</time>
      </trkpt>
      <trkpt lat="5.114297764375806" lon="-75.539364377036691">
        <ele>1767.180000000000064</ele>
        <time>2019-02-23T15:49:01Z</time>
      </trkpt>
      <trkpt lat="5.114310085773468" lon="-75.539367645978928">
        <ele>1766.759999999999991</ele>
        <time>2019-02-23T15:49:50Z</time>
      </trkpt>
      <trkpt lat="5.114323077723384" lon="-75.539375022053719">
        <ele>1766.519999999999982</ele>
        <time>2019-02-23T15:50:43Z</time>
      </trkpt>
      <trkpt lat="5.114336740225554" lon="-75.539372591301799">
        <ele>1766.619999999999891</ele>
        <time>2019-02-23T15:51:33Z</time>
      </trkpt>
      <trkpt lat="5.114338081330061" lon="-75.539368400350213">
        <ele>1766.380000000000109</ele>
        <time>2019-02-23T15:52:28Z</time>
      </trkpt>
      <trkpt lat="5.114331040531397" lon="-75.539371334016323">
        <ele>1765.900000000000091</ele>
        <time>2019-02-23T15:53:18Z</time>
      </trkpt>
      <trkpt lat="5.114301703870296" lon="-75.539387259632349">
        <ele>1766.559999999999945</ele>
        <time>2019-02-23T15:53:39Z</time>
      </trkpt>
      <trkpt lat="5.114323915913701" lon="-75.539464289322495">
        <ele>1766.069999999999936</ele>
        <time>2019-02-23T15:53:58Z</time>
      </trkpt>
      <trkpt lat="5.114406142383814" lon="-75.539559507742524">
        <ele>1766.130000000000109</ele>
        <time>2019-02-23T15:54:18Z</time>
      </trkpt>
      <trkpt lat="5.114518376067281" lon="-75.539652043953538">
        <ele>1765.349999999999909</ele>
        <time>2019-02-23T15:54:40Z</time>
      </trkpt>
      <trkpt lat="5.114647541195154" lon="-75.539753632619977">
        <ele>1763.460000000000036</ele>
        <time>2019-02-23T15:55:07Z</time>
      </trkpt>
      <trkpt lat="5.114775700494647" lon="-75.539837200194597">
        <ele>1761.690000000000055</ele>
        <time>2019-02-23T15:55:31Z</time>
      </trkpt>
      <trkpt lat="5.114852730184793" lon="-75.539850695058703">
        <ele>1759.680000000000064</ele>
        <time>2019-02-23T15:55:54Z</time>
      </trkpt>
      <trkpt lat="5.114867147058249" lon="-75.539852119982243">
        <ele>1759.490000000000009</ele>
        <time>2019-02-23T15:55:55Z</time>
      </trkpt>
      <trkpt lat="5.115000419318676" lon="-75.53985983133316">
        <ele>1757.029999999999973</ele>
        <time>2019-02-23T15:56:11Z</time>
      </trkpt>
      <trkpt lat="5.115150036290288" lon="-75.539892604574561">
        <ele>1754.5</ele>
        <time>2019-02-23T15:56:31Z</time>
      </trkpt>
      <trkpt lat="5.115270148962736" lon="-75.540010621771216">
        <ele>1751.470000000000027</ele>
        <time>2019-02-23T15:56:53Z</time>
      </trkpt>
      <trkpt lat="5.115353716537356" lon="-75.540199130773544">
        <ele>1748.329999999999927</ele>
        <time>2019-02-23T15:57:19Z</time>
      </trkpt>
      <trkpt lat="5.115413563326001" lon="-75.540344389155507">
        <ele>1745.119999999999891</ele>
        <time>2019-02-23T15:57:38Z</time>
      </trkpt>
      <trkpt lat="5.115471398457885" lon="-75.540398033335805">
        <ele>1745.150000000000091</ele>
        <time>2019-02-23T15:57:48Z</time>
      </trkpt>
      <trkpt lat="5.11548338457942" lon="-75.540408594533801">
        <ele>1743.930000000000064</ele>
        <time>2019-02-23T15:57:50Z</time>
      </trkpt>
      <trkpt lat="5.115532670170069" lon="-75.540436673909426">
        <ele>1743.900000000000091</ele>
        <time>2019-02-23T15:57:58Z</time>
      </trkpt>
      <trkpt lat="5.115880519151688" lon="-75.540571790188551">
        <ele>1734.549999999999955</ele>
        <time>2019-02-23T15:58:33Z</time>
      </trkpt>
      <trkpt lat="5.115946903824806" lon="-75.540430136024952">
        <ele>1734.329999999999927</ele>
        <time>2019-02-23T15:58:34Z</time>
      </trkpt>
      <trkpt lat="5.115980096161366" lon="-75.540465172380209">
        <ele>1731.960000000000036</ele>
        <time>2019-02-23T15:58:45Z</time>
      </trkpt>
      <trkpt lat="5.116020245477557" lon="-75.540469950065017">
        <ele>1730.589999999999918</ele>
        <time>2019-02-23T15:58:50Z</time>
      </trkpt>
      <trkpt lat="5.116154523566365" lon="-75.540534825995564">
        <ele>1727.230000000000018</ele>
        <time>2019-02-23T15:59:02Z</time>
      </trkpt>
      <trkpt lat="5.116168102249503" lon="-75.540637420490384">
        <ele>1723.900000000000091</ele>
        <time>2019-02-23T15:59:13Z</time>
      </trkpt>
      <trkpt lat="5.116150584071875" lon="-75.540775386616588">
        <ele>1721.089999999999918</ele>
        <time>2019-02-23T15:59:29Z</time>
      </trkpt>
      <trkpt lat="5.116124432533979" lon="-75.540885273367167">
        <ele>1719.349999999999909</ele>
        <time>2019-02-23T15:59:41Z</time>
      </trkpt>
      <trkpt lat="5.116154523566365" lon="-75.541036566719413">
        <ele>1717.349999999999909</ele>
        <time>2019-02-23T15:59:57Z</time>
      </trkpt>
      <trkpt lat="5.116205904632807" lon="-75.541156847029924">
        <ele>1716</ele>
        <time>2019-02-23T16:00:12Z</time>
      </trkpt>
      <trkpt lat="5.116215962916613" lon="-75.541191631928086">
        <ele>1715.930000000000064</ele>
        <time>2019-02-23T16:00:16Z</time>
      </trkpt>
      <trkpt lat="5.11624806560576" lon="-75.541308475658298">
        <ele>1715.049999999999955</ele>
        <time>2019-02-23T16:00:32Z</time>
      </trkpt>
      <trkpt lat="5.116248317062855" lon="-75.541425319388509">
        <ele>1713.8599999999999</ele>
        <time>2019-02-23T16:00:48Z</time>
      </trkpt>
      <trkpt lat="5.116258794441819" lon="-75.541447531431913">
        <ele>1713.670000000000073</ele>
        <time>2019-02-23T16:01:12Z</time>
      </trkpt>
      <trkpt lat="5.116293914616108" lon="-75.541523722931743">
        <ele>1713.690000000000055</ele>
        <time>2019-02-23T16:01:27Z</time>
      </trkpt>
      <trkpt lat="5.116275809705257" lon="-75.541705274954438">
        <ele>1714.420000000000073</ele>
        <time>2019-02-23T16:01:43Z</time>
      </trkpt>
      <trkpt lat="5.116286538541317" lon="-75.541838211938739">
        <ele>1715.920000000000073</ele>
        <time>2019-02-23T16:02:02Z</time>
      </trkpt>
      <trkpt lat="5.116278324276209" lon="-75.542022278532386">
        <ele>1718.309999999999945</ele>
        <time>2019-02-23T16:02:27Z</time>
      </trkpt>
      <trkpt lat="5.116348648443818" lon="-75.542217073962092">
        <ele>1719.190000000000055</ele>
        <time>2019-02-23T16:02:49Z</time>
      </trkpt>
      <trkpt lat="5.116370944306254" lon="-75.542264683172107">
        <ele>1719.009999999999991</ele>
        <time>2019-02-23T16:02:54Z</time>
      </trkpt>
      <trkpt lat="5.116481250151992" lon="-75.542447911575437">
        <ele>1718.6400000000001</ele>
        <time>2019-02-23T16:03:15Z</time>
      </trkpt>
      <trkpt lat="5.116579150781035" lon="-75.542613621801138">
        <ele>1719.289999999999964</ele>
        <time>2019-02-23T16:03:36Z</time>
      </trkpt>
      <trkpt lat="5.11663262732327" lon="-75.542780170217156">
        <ele>1720.3900000000001</ele>
        <time>2019-02-23T16:03:58Z</time>
      </trkpt>
      <trkpt lat="5.116650983691216" lon="-75.542831383645535">
        <ele>1720.460000000000036</ele>
        <time>2019-02-23T16:04:04Z</time>
      </trkpt>
      <trkpt lat="5.116721475496888" lon="-75.543025089427829">
        <ele>1720.1099999999999</ele>
        <time>2019-02-23T16:04:23Z</time>
      </trkpt>
      <trkpt lat="5.116789201274514" lon="-75.543132964521646">
        <ele>1719.720000000000027</ele>
        <time>2019-02-23T16:04:41Z</time>
      </trkpt>
      <trkpt lat="5.11681149713695" lon="-75.543149309232831">
        <ele>1719.3900000000001</ele>
        <time>2019-02-23T16:05:03Z</time>
      </trkpt>
      <trkpt lat="5.116845862939954" lon="-75.54316439665854">
        <ele>1718.680000000000064</ele>
        <time>2019-02-23T16:05:47Z</time>
      </trkpt>
      <trkpt lat="5.116879977285862" lon="-75.543195074424148">
        <ele>1718.579999999999927</ele>
        <time>2019-02-23T16:05:53Z</time>
      </trkpt>
      <trkpt lat="5.11690478771925" lon="-75.543213346973062">
        <ele>1718.309999999999945</ele>
        <time>2019-02-23T16:05:56Z</time>
      </trkpt>
      <trkpt lat="5.117021296173334" lon="-75.543278977274895">
        <ele>1717.259999999999991</ele>
        <time>2019-02-23T16:06:12Z</time>
      </trkpt>
      <trkpt lat="5.117137301713228" lon="-75.543343350291252">
        <ele>1716.269999999999982</ele>
        <time>2019-02-23T16:06:29Z</time>
      </trkpt>
      <trkpt lat="5.117308627814054" lon="-75.543455583974719">
        <ele>1714.940000000000055</ele>
        <time>2019-02-23T16:06:46Z</time>
      </trkpt>
      <trkpt lat="5.117428656667471" lon="-75.543622802942991">
        <ele>1714.730000000000018</ele>
        <time>2019-02-23T16:07:02Z</time>
      </trkpt>
      <trkpt lat="5.117502752691507" lon="-75.54371165111661">
        <ele>1714.8599999999999</ele>
        <time>2019-02-23T16:07:18Z</time>
      </trkpt>
      <trkpt lat="5.117561090737581" lon="-75.543751381337643">
        <ele>1714.309999999999945</ele>
        <time>2019-02-23T16:07:25Z</time>
      </trkpt>
      <trkpt lat="5.117700230330229" lon="-75.543786501511931">
        <ele>1713.8599999999999</ele>
        <time>2019-02-23T16:07:42Z</time>
      </trkpt>
      <trkpt lat="5.11783953756094" lon="-75.543810054659843">
        <ele>1714.509999999999991</ele>
        <time>2019-02-23T16:08:02Z</time>
      </trkpt>
      <trkpt lat="5.117878345772624" lon="-75.543806785717607">
        <ele>1715.089999999999918</ele>
        <time>2019-02-23T16:08:18Z</time>
      </trkpt>
      <trkpt lat="5.117907430976629" lon="-75.543800666928291">
        <ele>1715.420000000000073</ele>
        <time>2019-02-23T16:08:42Z</time>
      </trkpt>
      <trkpt lat="5.117919920012355" lon="-75.543787172064185">
        <ele>1715.130000000000109</ele>
        <time>2019-02-23T16:09:04Z</time>
      </trkpt>
      <trkpt lat="5.117944059893489" lon="-75.543844420462847">
        <ele>1715.1400000000001</ele>
        <time>2019-02-23T16:09:23Z</time>
      </trkpt>
      <trkpt lat="5.117955626919866" lon="-75.543864369392395">
        <ele>1714.650000000000091</ele>
        <time>2019-02-23T16:09:44Z</time>
      </trkpt>
      <trkpt lat="5.117992926388979" lon="-75.543898064643145">
        <ele>1714.279999999999973</ele>
        <time>2019-02-23T16:09:57Z</time>
      </trkpt>
      <trkpt lat="5.118001811206341" lon="-75.543904434889555">
        <ele>1714.319999999999936</ele>
        <time>2019-02-23T16:09:58Z</time>
      </trkpt>
      <trkpt lat="5.118153942748904" lon="-75.543977776542306">
        <ele>1712.450000000000045</ele>
        <time>2019-02-23T16:10:13Z</time>
      </trkpt>
      <trkpt lat="5.11832183226943" lon="-75.544027145951986">
        <ele>1710.480000000000018</ele>
        <time>2019-02-23T16:10:29Z</time>
      </trkpt>
      <trkpt lat="5.118362233042717" lon="-75.544041730463505">
        <ele>1710.190000000000055</ele>
        <time>2019-02-23T16:10:33Z</time>
      </trkpt>
      <trkpt lat="5.118499612435699" lon="-75.544159496203065">
        <ele>1707.759999999999991</ele>
        <time>2019-02-23T16:10:50Z</time>
      </trkpt>
      <trkpt lat="5.118578067049384" lon="-75.544221857562661">
        <ele>1706.6099999999999</ele>
        <time>2019-02-23T16:10:59Z</time>
      </trkpt>
      <trkpt lat="5.11873128823936" lon="-75.544310538098216">
        <ele>1703.519999999999982</ele>
        <time>2019-02-23T16:11:15Z</time>
      </trkpt>
      <trkpt lat="5.11886958964169" lon="-75.544383125379682">
        <ele>1700.400000000000091</ele>
        <time>2019-02-23T16:11:28Z</time>
      </trkpt>
      <trkpt lat="5.118942009285092" lon="-75.544434925541282">
        <ele>1698.5</ele>
        <time>2019-02-23T16:11:35Z</time>
      </trkpt>
      <trkpt lat="5.118953408673406" lon="-75.544438110664487">
        <ele>1698.349999999999909</ele>
        <time>2019-02-23T16:11:36Z</time>
      </trkpt>
      <trkpt lat="5.11896338313818" lon="-75.544442385435104">
        <ele>1698.150000000000091</ele>
        <time>2019-02-23T16:11:37Z</time>
      </trkpt>
      <trkpt lat="5.119100259616971" lon="-75.544520253315568">
        <ele>1694.869999999999891</ele>
        <time>2019-02-23T16:11:51Z</time>
      </trkpt>
      <trkpt lat="5.119233448058367" lon="-75.544583452865481">
        <ele>1691.650000000000091</ele>
        <time>2019-02-23T16:12:04Z</time>
      </trkpt>
      <trkpt lat="5.119252977892756" lon="-75.544594097882509">
        <ele>1691.180000000000064</ele>
        <time>2019-02-23T16:12:06Z</time>
      </trkpt>
      <trkpt lat="5.119261359795928" lon="-75.544602395966649">
        <ele>1690.8900000000001</ele>
        <time>2019-02-23T16:12:07Z</time>
      </trkpt>
      <trkpt lat="5.119350710883737" lon="-75.544718317687511">
        <ele>1687.660000000000082</ele>
        <time>2019-02-23T16:12:19Z</time>
      </trkpt>
      <trkpt lat="5.119460765272379" lon="-75.544770872220397">
        <ele>1684.490000000000009</ele>
        <time>2019-02-23T16:12:29Z</time>
      </trkpt>
      <trkpt lat="5.119577692821622" lon="-75.544793168082833">
        <ele>1680.980000000000018</ele>
        <time>2019-02-23T16:12:40Z</time>
      </trkpt>
      <trkpt lat="5.119672827422619" lon="-75.544816805049777">
        <ele>1677.920000000000073</ele>
        <time>2019-02-23T16:12:49Z</time>
      </trkpt>
      <trkpt lat="5.119784558191895" lon="-75.544776152819395">
        <ele>1674.910000000000082</ele>
        <time>2019-02-23T16:13:04Z</time>
      </trkpt>
      <trkpt lat="5.119875920936465" lon="-75.544738015159965">
        <ele>1673.150000000000091</ele>
        <time>2019-02-23T16:13:16Z</time>
      </trkpt>
      <trkpt lat="5.119900479912758" lon="-75.544726783409715">
        <ele>1672.200000000000045</ele>
        <time>2019-02-23T16:13:19Z</time>
      </trkpt>
      <trkpt lat="5.119911460205913" lon="-75.544725274667144">
        <ele>1672.240000000000009</ele>
        <time>2019-02-23T16:13:20Z</time>
      </trkpt>
      <trkpt lat="5.119922691956162" lon="-75.544720916077495">
        <ele>1672.119999999999891</ele>
        <time>2019-02-23T16:13:21Z</time>
      </trkpt>
      <trkpt lat="5.119934007525444" lon="-75.544715216383338">
        <ele>1671.759999999999991</ele>
        <time>2019-02-23T16:13:22Z</time>
      </trkpt>
      <trkpt lat="5.119945658370852" lon="-75.544710773974657">
        <ele>1671.6099999999999</ele>
        <time>2019-02-23T16:13:23Z</time>
      </trkpt>
      <trkpt lat="5.119957225397229" lon="-75.54470649920404">
        <ele>1671.400000000000091</ele>
        <time>2019-02-23T16:13:24Z</time>
      </trkpt>
      <trkpt lat="5.120116816833615" lon="-75.544676575809717">
        <ele>1668.319999999999936</ele>
        <time>2019-02-23T16:13:40Z</time>
      </trkpt>
      <trkpt lat="5.120194517076015" lon="-75.544640785083175">
        <ele>1667.6099999999999</ele>
        <time>2019-02-23T16:13:47Z</time>
      </trkpt>
      <trkpt lat="5.120203904807568" lon="-75.544633073732257">
        <ele>1667.579999999999927</ele>
        <time>2019-02-23T16:13:48Z</time>
      </trkpt>
      <trkpt lat="5.120355701074004" lon="-75.544554116204381">
        <ele>1666.150000000000091</ele>
        <time>2019-02-23T16:14:03Z</time>
      </trkpt>
      <trkpt lat="5.120555693283677" lon="-75.544445486739278">
        <ele>1664.5</ele>
        <time>2019-02-23T16:14:20Z</time>
      </trkpt>
      <trkpt lat="5.120707154273987" lon="-75.544328475371003">
        <ele>1663.150000000000091</ele>
        <time>2019-02-23T16:14:37Z</time>
      </trkpt>
      <trkpt lat="5.120859872549772" lon="-75.544207440689206">
        <ele>1661.730000000000018</ele>
        <time>2019-02-23T16:14:55Z</time>
      </trkpt>
      <trkpt lat="5.121013931930065" lon="-75.544086154550314">
        <ele>1659.680000000000064</ele>
        <time>2019-02-23T16:15:11Z</time>
      </trkpt>
      <trkpt lat="5.121058272197843" lon="-75.544059919193387">
        <ele>1658.789999999999964</ele>
        <time>2019-02-23T16:15:17Z</time>
      </trkpt>
      <trkpt lat="5.121199004352093" lon="-75.544000910595059">
        <ele>1655.970000000000027</ele>
        <time>2019-02-23T16:15:34Z</time>
      </trkpt>
      <trkpt lat="5.121310064569116" lon="-75.543991941958666">
        <ele>1654.700000000000045</ele>
        <time>2019-02-23T16:15:54Z</time>
      </trkpt>
      <trkpt lat="5.121362619102001" lon="-75.543984984979033">
        <ele>1653.559999999999945</ele>
        <time>2019-02-23T16:16:11Z</time>
      </trkpt>
      <trkpt lat="5.121376449242234" lon="-75.543986158445477">
        <ele>1653.289999999999964</ele>
        <time>2019-02-23T16:16:38Z</time>
      </trkpt>
      <trkpt lat="5.121470158919692" lon="-75.543959839269519">
        <ele>1651.529999999999973</ele>
        <time>2019-02-23T16:16:56Z</time>
      </trkpt>
      <trkpt lat="5.121505362913013" lon="-75.543964700773358">
        <ele>1651.079999999999927</ele>
        <time>2019-02-23T16:17:17Z</time>
      </trkpt>
      <trkpt lat="5.121560348197818" lon="-75.543953804299235">
        <ele>1649.529999999999973</ele>
        <time>2019-02-23T16:17:35Z</time>
      </trkpt>
      <trkpt lat="5.121562359854579" lon="-75.543954893946648">
        <ele>1649.690000000000055</ele>
        <time>2019-02-23T16:18:07Z</time>
      </trkpt>
      <trkpt lat="5.121570071205497" lon="-75.543948691338301">
        <ele>1649.849999999999909</ele>
        <time>2019-02-23T16:18:17Z</time>
      </trkpt>
      <trkpt lat="5.121585913002491" lon="-75.543934274464846">
        <ele>1648.930000000000064</ele>
        <time>2019-02-23T16:18:41Z</time>
      </trkpt>
      <trkpt lat="5.121593708172441" lon="-75.543945422396064">
        <ele>1649.130000000000109</ele>
        <time>2019-02-23T16:19:05Z</time>
      </trkpt>
      <trkpt lat="5.121593037620187" lon="-75.543936621397734">
        <ele>1648.529999999999973</ele>
        <time>2019-02-23T16:19:31Z</time>
      </trkpt>
      <trkpt lat="5.121584655717015" lon="-75.543956654146314">
        <ele>1649.099999999999909</ele>
        <time>2019-02-23T16:19:51Z</time>
      </trkpt>
      <trkpt lat="5.121579626575112" lon="-75.543960090726614">
        <ele>1649.009999999999991</ele>
        <time>2019-02-23T16:20:09Z</time>
      </trkpt>
      <trkpt lat="5.121589181944728" lon="-75.543958079069853">
        <ele>1648.650000000000091</ele>
        <time>2019-02-23T16:20:30Z</time>
      </trkpt>
      <trkpt lat="5.12158440425992" lon="-75.543949361890554">
        <ele>1648.450000000000045</ele>
        <time>2019-02-23T16:20:46Z</time>
      </trkpt>
      <trkpt lat="5.121594043448567" lon="-75.543969310820103">
        <ele>1648.450000000000045</ele>
        <time>2019-02-23T16:21:13Z</time>
      </trkpt>
      <trkpt lat="5.121619692072272" lon="-75.543947266414762">
        <ele>1648.430000000000064</ele>
        <time>2019-02-23T16:21:33Z</time>
      </trkpt>
      <trkpt lat="5.121622458100319" lon="-75.543949948623776">
        <ele>1646.8900000000001</ele>
        <time>2019-02-23T16:21:58Z</time>
      </trkpt>
      <trkpt lat="5.121583566069603" lon="-75.543954893946648">
        <ele>1648.099999999999909</ele>
        <time>2019-02-23T16:22:15Z</time>
      </trkpt>
      <trkpt lat="5.121611058712006" lon="-75.543956989422441">
        <ele>1647.579999999999927</ele>
        <time>2019-02-23T16:22:33Z</time>
      </trkpt>
      <trkpt lat="5.121641317382455" lon="-75.543911391869187">
        <ele>1646.3900000000001</ele>
        <time>2019-02-23T16:22:51Z</time>
      </trkpt>
      <trkpt lat="5.121674090623856" lon="-75.543870655819774">
        <ele>1645.549999999999955</ele>
        <time>2019-02-23T16:22:57Z</time>
      </trkpt>
      <trkpt lat="5.121799148619175" lon="-75.543770659714937">
        <ele>1642.670000000000073</ele>
        <time>2019-02-23T16:23:14Z</time>
      </trkpt>
      <trkpt lat="5.121938455849886" lon="-75.543731348589063">
        <ele>1640.25</ele>
        <time>2019-02-23T16:23:30Z</time>
      </trkpt>
      <trkpt lat="5.122074158862233" lon="-75.543702682480216">
        <ele>1638.019999999999982</ele>
        <time>2019-02-23T16:23:44Z</time>
      </trkpt>
      <trkpt lat="5.122211370617151" lon="-75.543707376345992">
        <ele>1635.740000000000009</ele>
        <time>2019-02-23T16:23:59Z</time>
      </trkpt>
      <trkpt lat="5.122279431670904" lon="-75.543707795441151">
        <ele>1634.019999999999982</ele>
        <time>2019-02-23T16:24:14Z</time>
      </trkpt>
      <trkpt lat="5.122342295944691" lon="-75.543696898967028">
        <ele>1632.529999999999973</ele>
        <time>2019-02-23T16:24:34Z</time>
      </trkpt>
      <trkpt lat="5.122371213510633" lon="-75.543688349425793">
        <ele>1631.779999999999973</ele>
        <time>2019-02-23T16:24:54Z</time>
      </trkpt>
      <trkpt lat="5.122454194352031" lon="-75.54363009519875">
        <ele>1629.339999999999918</ele>
        <time>2019-02-23T16:25:09Z</time>
      </trkpt>
      <trkpt lat="5.122464671730995" lon="-75.543616767972708">
        <ele>1629.210000000000036</ele>
        <time>2019-02-23T16:25:11Z</time>
      </trkpt>
      <trkpt lat="5.122474646195769" lon="-75.543610649183393">
        <ele>1629.1099999999999</ele>
        <time>2019-02-23T16:25:12Z</time>
      </trkpt>
      <trkpt lat="5.122517561540008" lon="-75.543583994731307">
        <ele>1627.920000000000073</ele>
        <time>2019-02-23T16:25:17Z</time>
      </trkpt>
      <trkpt lat="5.122548490762711" lon="-75.54357192479074">
        <ele>1627.6099999999999</ele>
        <time>2019-02-23T16:25:23Z</time>
      </trkpt>
      <trkpt lat="5.122680421918631" lon="-75.543539570644498">
        <ele>1625.099999999999909</ele>
        <time>2019-02-23T16:25:39Z</time>
      </trkpt>
      <trkpt lat="5.122770946472883" lon="-75.543499337509274">
        <ele>1622.700000000000045</ele>
        <time>2019-02-23T16:25:50Z</time>
      </trkpt>
      <trkpt lat="5.122941266745329" lon="-75.543458517640829">
        <ele>1620.009999999999991</ele>
        <time>2019-02-23T16:26:07Z</time>
      </trkpt>
      <trkpt lat="5.123112592846155" lon="-75.543427839875221">
        <ele>1618.019999999999982</ele>
        <time>2019-02-23T16:26:23Z</time>
      </trkpt>
      <trkpt lat="5.123196579515934" lon="-75.54341216571629">
        <ele>1618.160000000000082</ele>
        <time>2019-02-23T16:26:39Z</time>
      </trkpt>
      <trkpt lat="5.123217953369021" lon="-75.543395737186074">
        <ele>1618.1400000000001</ele>
        <time>2019-02-23T16:26:42Z</time>
      </trkpt>
      <trkpt lat="5.123228766024113" lon="-75.543391210958362">
        <ele>1618.130000000000109</ele>
        <time>2019-02-23T16:26:43Z</time>
      </trkpt>
      <trkpt lat="5.123239494860172" lon="-75.543387271463871">
        <ele>1617.710000000000036</ele>
        <time>2019-02-23T16:26:44Z</time>
      </trkpt>
      <trkpt lat="5.123256426304579" lon="-75.543364472687244">
        <ele>1617.519999999999982</ele>
        <time>2019-02-23T16:26:56Z</time>
      </trkpt>
      <trkpt lat="5.123374862596393" lon="-75.543316779658198">
        <ele>1616.680000000000064</ele>
        <time>2019-02-23T16:27:10Z</time>
      </trkpt>
      <trkpt lat="5.123475613072515" lon="-75.543255340307951">
        <ele>1616.059999999999945</ele>
        <time>2019-02-23T16:27:23Z</time>
      </trkpt>
      <trkpt lat="5.123567227274179" lon="-75.543232373893261">
        <ele>1615.589999999999918</ele>
        <time>2019-02-23T16:27:33Z</time>
      </trkpt>
      <trkpt lat="5.1235765311867" lon="-75.543222986161709">
        <ele>1615.849999999999909</ele>
        <time>2019-02-23T16:27:34Z</time>
      </trkpt>
      <trkpt lat="5.12371483258903" lon="-75.543206054717302">
        <ele>1612.6400000000001</ele>
        <time>2019-02-23T16:27:50Z</time>
      </trkpt>
      <trkpt lat="5.123825054615736" lon="-75.543127181008458">
        <ele>1609.619999999999891</ele>
        <time>2019-02-23T16:28:02Z</time>
      </trkpt>
      <trkpt lat="5.123893953859806" lon="-75.543065154924989">
        <ele>1607.910000000000082</ele>
        <time>2019-02-23T16:28:09Z</time>
      </trkpt>
      <trkpt lat="5.124023286625743" lon="-75.542985191568732">
        <ele>1604.759999999999991</ele>
        <time>2019-02-23T16:28:26Z</time>
      </trkpt>
      <trkpt lat="5.124198468402028" lon="-75.542926685884595">
        <ele>1602.75</ele>
        <time>2019-02-23T16:28:44Z</time>
      </trkpt>
      <trkpt lat="5.124337607994676" lon="-75.542891817167401">
        <ele>1599.6400000000001</ele>
        <time>2019-02-23T16:28:57Z</time>
      </trkpt>
      <trkpt lat="5.124470461159945" lon="-75.542828449979424">
        <ele>1596.630000000000109</ele>
        <time>2019-02-23T16:29:13Z</time>
      </trkpt>
      <trkpt lat="5.124558806419373" lon="-75.542806992307305">
        <ele>1595.089999999999918</ele>
        <time>2019-02-23T16:29:31Z</time>
      </trkpt>
      <trkpt lat="5.124683026224375" lon="-75.542768687009811">
        <ele>1592.450000000000045</ele>
        <time>2019-02-23T16:29:49Z</time>
      </trkpt>
      <trkpt lat="5.124716637656093" lon="-75.542704062536359">
        <ele>1590.599999999999909</ele>
        <time>2019-02-23T16:30:03Z</time>
      </trkpt>
      <trkpt lat="5.124713620170951" lon="-75.54268310777843">
        <ele>1589.970000000000027</ele>
        <time>2019-02-23T16:30:05Z</time>
      </trkpt>
      <trkpt lat="5.124711859971285" lon="-75.542673217132688">
        <ele>1589.779999999999973</ele>
        <time>2019-02-23T16:30:06Z</time>
      </trkpt>
      <trkpt lat="5.124708507210016" lon="-75.542667349800467">
        <ele>1589.789999999999964</ele>
        <time>2019-02-23T16:30:07Z</time>
      </trkpt>
      <trkpt lat="5.124640865251422" lon="-75.542596187442541">
        <ele>1587.200000000000045</ele>
        <time>2019-02-23T16:30:29Z</time>
      </trkpt>
      <trkpt lat="5.124641871079803" lon="-75.5425707064569">
        <ele>1586.470000000000027</ele>
        <time>2019-02-23T16:30:35Z</time>
      </trkpt>
      <trkpt lat="5.124652851372957" lon="-75.542568862438202">
        <ele>1588.339999999999918</ele>
        <time>2019-02-23T16:30:37Z</time>
      </trkpt>
      <trkpt lat="5.124707585200667" lon="-75.542519241571426">
        <ele>1585.920000000000073</ele>
        <time>2019-02-23T16:31:00Z</time>
      </trkpt>
      <trkpt lat="5.12474580667913" lon="-75.542520917952061">
        <ele>1582.579999999999927</ele>
        <time>2019-02-23T16:31:07Z</time>
      </trkpt>
      <trkpt lat="5.124755697324872" lon="-75.542528629302979">
        <ele>1585.970000000000027</ele>
        <time>2019-02-23T16:31:11Z</time>
      </trkpt>
      <trkpt lat="5.124767431989312" lon="-75.542525192722678">
        <ele>1584.8599999999999</ele>
        <time>2019-02-23T16:31:12Z</time>
      </trkpt>
      <trkpt lat="5.124791488051414" lon="-75.542512619867921">
        <ele>1583.200000000000045</ele>
        <time>2019-02-23T16:31:14Z</time>
      </trkpt>
      <trkpt lat="5.124922413378954" lon="-75.54249887354672">
        <ele>1580.079999999999927</ele>
        <time>2019-02-23T16:31:31Z</time>
      </trkpt>
      <trkpt lat="5.125015284866095" lon="-75.542490743100643">
        <ele>1577.869999999999891</ele>
        <time>2019-02-23T16:31:47Z</time>
      </trkpt>
      <trkpt lat="5.125115532428026" lon="-75.542451180517673">
        <ele>1574.849999999999909</ele>
        <time>2019-02-23T16:32:02Z</time>
      </trkpt>
      <trkpt lat="5.125221228227019" lon="-75.542443301528692">
        <ele>1572.799999999999955</ele>
        <time>2019-02-23T16:32:24Z</time>
      </trkpt>
      <trkpt lat="5.125343101099133" lon="-75.542456461116672">
        <ele>1569.799999999999955</ele>
        <time>2019-02-23T16:32:42Z</time>
      </trkpt>
      <trkpt lat="5.125421974807978" lon="-75.54236208088696">
        <ele>1566.549999999999955</ele>
        <time>2019-02-23T16:32:59Z</time>
      </trkpt>
      <trkpt lat="5.125438822433352" lon="-75.542268706485629">
        <ele>1563.349999999999909</ele>
        <time>2019-02-23T16:33:13Z</time>
      </trkpt>
      <trkpt lat="5.125558096915483" lon="-75.542273400351405">
        <ele>1560.259999999999991</ele>
        <time>2019-02-23T16:33:30Z</time>
      </trkpt>
      <trkpt lat="5.125594474375248" lon="-75.542296785861254">
        <ele>1559.8900000000001</ele>
        <time>2019-02-23T16:33:49Z</time>
      </trkpt>
      <trkpt lat="5.125632779672742" lon="-75.542332995682955">
        <ele>1558.440000000000055</ele>
        <time>2019-02-23T16:34:09Z</time>
      </trkpt>
      <trkpt lat="5.12571525759995" lon="-75.542343053966761">
        <ele>1556</ele>
        <time>2019-02-23T16:34:28Z</time>
      </trkpt>
      <trkpt lat="5.125766806304455" lon="-75.542250433936715">
        <ele>1552.839999999999918</ele>
        <time>2019-02-23T16:34:47Z</time>
      </trkpt>
      <trkpt lat="5.125906532630324" lon="-75.542228221893311">
        <ele>1551.559999999999945</ele>
        <time>2019-02-23T16:35:05Z</time>
      </trkpt>
      <trkpt lat="5.125913992524147" lon="-75.542294355109334">
        <ele>1548.470000000000027</ele>
        <time>2019-02-23T16:35:21Z</time>
      </trkpt>
      <trkpt lat="5.125855905935168" lon="-75.542399296537042">
        <ele>1546.1099999999999</ele>
        <time>2019-02-23T16:35:42Z</time>
      </trkpt>
      <trkpt lat="5.125813577324152" lon="-75.54251404479146">
        <ele>1542.630000000000109</ele>
        <time>2019-02-23T16:35:55Z</time>
      </trkpt>
      <trkpt lat="5.125803519040346" lon="-75.542552014812827">
        <ele>1541.380000000000109</ele>
        <time>2019-02-23T16:35:59Z</time>
      </trkpt>
      <trkpt lat="5.125784995034337" lon="-75.542601048946381">
        <ele>1541.059999999999945</ele>
        <time>2019-02-23T16:36:12Z</time>
      </trkpt>
      <trkpt lat="5.125783737748861" lon="-75.54262544028461">
        <ele>1541.930000000000064</ele>
        <time>2019-02-23T16:36:22Z</time>
      </trkpt>
      <trkpt lat="5.125821623951197" lon="-75.542595768347383">
        <ele>1542.400000000000091</ele>
        <time>2019-02-23T16:36:43Z</time>
      </trkpt>
      <trkpt lat="5.12580662034452" lon="-75.54259224794805">
        <ele>1542.069999999999936</ele>
        <time>2019-02-23T16:37:11Z</time>
      </trkpt>
      <trkpt lat="5.12578415684402" lon="-75.542610688135028">
        <ele>1540.789999999999964</ele>
        <time>2019-02-23T16:37:39Z</time>
      </trkpt>
      <trkpt lat="5.125757083296776" lon="-75.542645053938031">
        <ele>1539.6400000000001</ele>
        <time>2019-02-23T16:38:05Z</time>
      </trkpt>
      <trkpt lat="5.125721963122487" lon="-75.542712192982435">
        <ele>1537.8900000000001</ele>
        <time>2019-02-23T16:38:25Z</time>
      </trkpt>
      <trkpt lat="5.125669492408633" lon="-75.542742451652884">
        <ele>1534.579999999999927</ele>
        <time>2019-02-23T16:38:42Z</time>
      </trkpt>
      <trkpt lat="5.125670414417982" lon="-75.54276080802083">
        <ele>1536.430000000000064</ele>
        <time>2019-02-23T16:39:03Z</time>
      </trkpt>
      <trkpt lat="5.125668738037348" lon="-75.542824510484934">
        <ele>1533.309999999999945</ele>
        <time>2019-02-23T16:39:23Z</time>
      </trkpt>
      <trkpt lat="5.125634456053376" lon="-75.542911598458886">
        <ele>1530.220000000000027</ele>
        <time>2019-02-23T16:39:41Z</time>
      </trkpt>
      <trkpt lat="5.125554325059056" lon="-75.54301930591464">
        <ele>1528.380000000000109</ele>
        <time>2019-02-23T16:40:04Z</time>
      </trkpt>
      <trkpt lat="5.125532699748874" lon="-75.543100610375404">
        <ele>1528.259999999999991</ele>
        <time>2019-02-23T16:40:30Z</time>
      </trkpt>
      <trkpt lat="5.125535549595952" lon="-75.54311896674335">
        <ele>1527.119999999999891</ele>
        <time>2019-02-23T16:40:55Z</time>
      </trkpt>
      <trkpt lat="5.125540243461728" lon="-75.543144783005118">
        <ele>1526.480000000000018</ele>
        <time>2019-02-23T16:41:18Z</time>
      </trkpt>
      <trkpt lat="5.125493640080094" lon="-75.54325140081346">
        <ele>1524.660000000000082</ele>
        <time>2019-02-23T16:41:29Z</time>
      </trkpt>
      <trkpt lat="5.125481402501464" lon="-75.543246874585748">
        <ele>1524.460000000000036</ele>
        <time>2019-02-23T16:41:46Z</time>
      </trkpt>
      <trkpt lat="5.12547193095088" lon="-75.543247796595097">
        <ele>1524.650000000000091</ele>
        <time>2019-02-23T16:42:03Z</time>
      </trkpt>
      <trkpt lat="5.125472350046039" lon="-75.543244108557701">
        <ele>1524.710000000000036</ele>
        <time>2019-02-23T16:42:29Z</time>
      </trkpt>
      <trkpt lat="5.125393895432353" lon="-75.543365813791752">
        <ele>1521.789999999999964</ele>
        <time>2019-02-23T16:42:48Z</time>
      </trkpt>
      <trkpt lat="5.125350560992956" lon="-75.543461870402098">
        <ele>1518.599999999999909</ele>
        <time>2019-02-23T16:42:58Z</time>
      </trkpt>
      <trkpt lat="5.125308567658067" lon="-75.543541498482227">
        <ele>1516.670000000000073</ele>
        <time>2019-02-23T16:43:08Z</time>
      </trkpt>
      <trkpt lat="5.125291468575597" lon="-75.54366865195334">
        <ele>1513.8599999999999</ele>
        <time>2019-02-23T16:43:23Z</time>
      </trkpt>
      <trkpt lat="5.125350896269083" lon="-75.543651133775711">
        <ele>1510.759999999999991</ele>
        <time>2019-02-23T16:43:34Z</time>
      </trkpt>
      <trkpt lat="5.125408479943871" lon="-75.543573601171374">
        <ele>1507.880000000000109</ele>
        <time>2019-02-23T16:43:46Z</time>
      </trkpt>
      <trkpt lat="5.125454245135188" lon="-75.543495398014784">
        <ele>1505.660000000000082</ele>
        <time>2019-02-23T16:43:55Z</time>
      </trkpt>
      <trkpt lat="5.125503530725837" lon="-75.543443849310279">
        <ele>1502.6400000000001</ele>
        <time>2019-02-23T16:44:06Z</time>
      </trkpt>
      <trkpt lat="5.125550553202629" lon="-75.543406130746007">
        <ele>1501.079999999999927</ele>
        <time>2019-02-23T16:44:12Z</time>
      </trkpt>
      <trkpt lat="5.125605538487434" lon="-75.543338404968381">
        <ele>1497.950000000000045</ele>
        <time>2019-02-23T16:44:23Z</time>
      </trkpt>
      <trkpt lat="5.12571182101965" lon="-75.543277719989419">
        <ele>1494.910000000000082</ele>
        <time>2019-02-23T16:44:37Z</time>
      </trkpt>
      <trkpt lat="5.125807961449027" lon="-75.543229943141341">
        <ele>1491.700000000000045</ele>
        <time>2019-02-23T16:44:50Z</time>
      </trkpt>
      <trkpt lat="5.125884739682078" lon="-75.543164480477571">
        <ele>1488.539999999999964</ele>
        <time>2019-02-23T16:45:02Z</time>
      </trkpt>
      <trkpt lat="5.125984316691756" lon="-75.543131288141012">
        <ele>1485.3599999999999</ele>
        <time>2019-02-23T16:45:14Z</time>
      </trkpt>
      <trkpt lat="5.126089006662369" lon="-75.543109998106956">
        <ele>1482.25</ele>
        <time>2019-02-23T16:45:25Z</time>
      </trkpt>
      <trkpt lat="5.126162935048342" lon="-75.543107148259878">
        <ele>1481.089999999999918</ele>
        <time>2019-02-23T16:45:30Z</time>
      </trkpt>
      <trkpt lat="5.126204760745168" lon="-75.543102705851197">
        <ele>1480.529999999999973</ele>
        <time>2019-02-23T16:45:32Z</time>
      </trkpt>
      <trkpt lat="5.126321101561189" lon="-75.543094910681248">
        <ele>1477.670000000000073</ele>
        <time>2019-02-23T16:45:45Z</time>
      </trkpt>
      <trkpt lat="5.126356137916446" lon="-75.543116116896272">
        <ele>1477.519999999999982</ele>
        <time>2019-02-23T16:46:05Z</time>
      </trkpt>
      <trkpt lat="5.12642134912312" lon="-75.543144531548023">
        <ele>1476.170000000000073</ele>
        <time>2019-02-23T16:46:20Z</time>
      </trkpt>
      <trkpt lat="5.126507682725787" lon="-75.543139837682247">
        <ele>1473.170000000000073</ele>
        <time>2019-02-23T16:46:43Z</time>
      </trkpt>
      <trkpt lat="5.126592675223947" lon="-75.54311259649694">
        <ele>1471.099999999999909</ele>
        <time>2019-02-23T16:46:52Z</time>
      </trkpt>
      <trkpt lat="5.126696610823274" lon="-75.543056353926659">
        <ele>1468.369999999999891</ele>
        <time>2019-02-23T16:47:09Z</time>
      </trkpt>
      <trkpt lat="5.126786045730114" lon="-75.543001871556044">
        <ele>1465.470000000000027</ele>
        <time>2019-02-23T16:47:30Z</time>
      </trkpt>
      <trkpt lat="5.126852933317423" lon="-75.542967254295945">
        <ele>1464.059999999999945</ele>
        <time>2019-02-23T16:47:47Z</time>
      </trkpt>
      <trkpt lat="5.126885203644633" lon="-75.542927021160722">
        <ele>1462.6400000000001</ele>
        <time>2019-02-23T16:48:09Z</time>
      </trkpt>
      <trkpt lat="5.126928705722094" lon="-75.542892152443528">
        <ele>1461.1400000000001</ele>
        <time>2019-02-23T16:48:27Z</time>
      </trkpt>
      <trkpt lat="5.126967513933778" lon="-75.542876562103629">
        <ele>1460.1400000000001</ele>
        <time>2019-02-23T16:48:30Z</time>
      </trkpt>
      <trkpt lat="5.127038676291704" lon="-75.542850494384766">
        <ele>1458.3900000000001</ele>
        <time>2019-02-23T16:48:36Z</time>
      </trkpt>
      <trkpt lat="5.127106653526425" lon="-75.542820654809475">
        <ele>1457.289999999999964</ele>
        <time>2019-02-23T16:48:51Z</time>
      </trkpt>
      <trkpt lat="5.127126518636942" lon="-75.542819397523999">
        <ele>1456.970000000000027</ele>
        <time>2019-02-23T16:49:14Z</time>
      </trkpt>
      <trkpt lat="5.127131212502718" lon="-75.542810009792447">
        <ele>1456.839999999999918</ele>
        <time>2019-02-23T16:49:45Z</time>
      </trkpt>
      <trkpt lat="5.127144455909729" lon="-75.542803052812815">
        <ele>1457.400000000000091</ele>
        <time>2019-02-23T16:50:05Z</time>
      </trkpt>
      <trkpt lat="5.127124674618244" lon="-75.542796095833182">
        <ele>1457.1400000000001</ele>
        <time>2019-02-23T16:50:25Z</time>
      </trkpt>
      <trkpt lat="5.127114616334438" lon="-75.542805064469576">
        <ele>1457.460000000000036</ele>
        <time>2019-02-23T16:50:43Z</time>
      </trkpt>
      <trkpt lat="5.127140767872334" lon="-75.542802717536688">
        <ele>1456.779999999999973</ele>
        <time>2019-02-23T16:51:09Z</time>
      </trkpt>
      <trkpt lat="5.12712400406599" lon="-75.542783020064235">
        <ele>1456.740000000000009</ele>
        <time>2019-02-23T16:51:37Z</time>
      </trkpt>
      <trkpt lat="5.12709810398519" lon="-75.542749157175422">
        <ele>1456.6400000000001</ele>
        <time>2019-02-23T16:51:59Z</time>
      </trkpt>
      <trkpt lat="5.127110844478011" lon="-75.542737003415823">
        <ele>1455.460000000000036</ele>
        <time>2019-02-23T16:52:05Z</time>
      </trkpt>
      <trkpt lat="5.12725149281323" lon="-75.542697189375758">
        <ele>1452.630000000000109</ele>
        <time>2019-02-23T16:52:20Z</time>
      </trkpt>
      <trkpt lat="5.127405468374491" lon="-75.542619908228517">
        <ele>1449.3900000000001</ele>
        <time>2019-02-23T16:52:37Z</time>
      </trkpt>
      <trkpt lat="5.127510409802198" lon="-75.542501555755734">
        <ele>1446.3900000000001</ele>
        <time>2019-02-23T16:52:55Z</time>
      </trkpt>
      <trkpt lat="5.127621637657285" lon="-75.54245931096375">
        <ele>1443.289999999999964</ele>
        <time>2019-02-23T16:53:08Z</time>
      </trkpt>
      <trkpt lat="5.12770788744092" lon="-75.542419496923685">
        <ele>1441.549999999999955</ele>
        <time>2019-02-23T16:53:17Z</time>
      </trkpt>
      <trkpt lat="5.127743845805526" lon="-75.542282536625862">
        <ele>1438.1400000000001</ele>
        <time>2019-02-23T16:53:32Z</time>
      </trkpt>
      <trkpt lat="5.127745606005192" lon="-75.542272059246898">
        <ele>1438.089999999999918</ele>
        <time>2019-02-23T16:53:33Z</time>
      </trkpt>
      <trkpt lat="5.127749126404524" lon="-75.542202908545732">
        <ele>1436.160000000000082</ele>
        <time>2019-02-23T16:53:40Z</time>
      </trkpt>
      <trkpt lat="5.127782905474305" lon="-75.542177679017186">
        <ele>1435.299999999999955</ele>
        <time>2019-02-23T16:53:43Z</time>
      </trkpt>
      <trkpt lat="5.127828754484653" lon="-75.54225261323154">
        <ele>1431.839999999999918</ele>
        <time>2019-02-23T16:53:54Z</time>
      </trkpt>
      <trkpt lat="5.127858426421881" lon="-75.54232151247561">
        <ele>1428.779999999999973</ele>
        <time>2019-02-23T16:54:03Z</time>
      </trkpt>
      <trkpt lat="5.127897234633565" lon="-75.542410109192133">
        <ele>1425.660000000000082</ele>
        <time>2019-02-23T16:54:13Z</time>
      </trkpt>
      <trkpt lat="5.127901677042246" lon="-75.542418658733368">
        <ele>1425.440000000000055</ele>
        <time>2019-02-23T16:54:14Z</time>
      </trkpt>
      <trkpt lat="5.127878878265619" lon="-75.542521672323346">
        <ele>1422.039999999999964</ele>
        <time>2019-02-23T16:54:30Z</time>
      </trkpt>
      <trkpt lat="5.127819702029228" lon="-75.542580178007483">
        <ele>1418.940000000000055</ele>
        <time>2019-02-23T16:54:44Z</time>
      </trkpt>
      <trkpt lat="5.127768153324723" lon="-75.54267237894237">
        <ele>1415.789999999999964</ele>
        <time>2019-02-23T16:54:56Z</time>
      </trkpt>
      <trkpt lat="5.12775968760252" lon="-75.542772458866239">
        <ele>1412.589999999999918</ele>
        <time>2019-02-23T16:55:08Z</time>
      </trkpt>
      <trkpt lat="5.127743175253272" lon="-75.542869437485933">
        <ele>1409.460000000000036</ele>
        <time>2019-02-23T16:55:19Z</time>
      </trkpt>
      <trkpt lat="5.12771911919117" lon="-75.542966164648533">
        <ele>1406.380000000000109</ele>
        <time>2019-02-23T16:55:30Z</time>
      </trkpt>
      <trkpt lat="5.127684501931071" lon="-75.543009666725993">
        <ele>1405</ele>
        <time>2019-02-23T16:55:37Z</time>
      </trkpt>
      <trkpt lat="5.127632031217217" lon="-75.543071441352367">
        <ele>1402.869999999999891</ele>
        <time>2019-02-23T16:55:45Z</time>
      </trkpt>
      <trkpt lat="5.127579979598522" lon="-75.543136736378074">
        <ele>1401.009999999999991</ele>
        <time>2019-02-23T16:55:53Z</time>
      </trkpt>
      <trkpt lat="5.127537567168474" lon="-75.543223991990089">
        <ele>1399.509999999999991</ele>
        <time>2019-02-23T16:56:03Z</time>
      </trkpt>
      <trkpt lat="5.127481743693352" lon="-75.543318372219801">
        <ele>1396.5</ele>
        <time>2019-02-23T16:56:19Z</time>
      </trkpt>
      <trkpt lat="5.127440588548779" lon="-75.543418703600764">
        <ele>1393.289999999999964</ele>
        <time>2019-02-23T16:56:32Z</time>
      </trkpt>
      <trkpt lat="5.127400103956461" lon="-75.543538480997086">
        <ele>1389.900000000000091</ele>
        <time>2019-02-23T16:56:49Z</time>
      </trkpt>
      <trkpt lat="5.127389375120401" lon="-75.543589610606432">
        <ele>1389.420000000000073</ele>
        <time>2019-02-23T16:57:05Z</time>
      </trkpt>
      <trkpt lat="5.127353668212891" lon="-75.54362959228456">
        <ele>1387.279999999999973</ele>
        <time>2019-02-23T16:57:23Z</time>
      </trkpt>
      <trkpt lat="5.127336652949452" lon="-75.543651469051838">
        <ele>1386.279999999999973</ele>
        <time>2019-02-23T16:57:43Z</time>
      </trkpt>
      <trkpt lat="5.127343777567148" lon="-75.543649205937982">
        <ele>1386.160000000000082</ele>
        <time>2019-02-23T16:58:09Z</time>
      </trkpt>
      <trkpt lat="5.127303125336766" lon="-75.543715758249164">
        <ele>1384.099999999999909</ele>
        <time>2019-02-23T16:58:28Z</time>
      </trkpt>
      <trkpt lat="5.12726423330605" lon="-75.543780131265521">
        <ele>1382.319999999999936</ele>
        <time>2019-02-23T16:58:36Z</time>
      </trkpt>
      <trkpt lat="5.1271684281528" lon="-75.543880462646484">
        <ele>1378.740000000000009</ele>
        <time>2019-02-23T16:58:50Z</time>
      </trkpt>
      <trkpt lat="5.127080837264657" lon="-75.543954558670521">
        <ele>1375.680000000000064</ele>
        <time>2019-02-23T16:59:03Z</time>
      </trkpt>
      <trkpt lat="5.127013111487031" lon="-75.544030833989382">
        <ele>1373.309999999999945</ele>
        <time>2019-02-23T16:59:24Z</time>
      </trkpt>
      <trkpt lat="5.127018056809902" lon="-75.544034857302904">
        <ele>1373.319999999999936</ele>
        <time>2019-02-23T16:59:46Z</time>
      </trkpt>
      <trkpt lat="5.126982433721423" lon="-75.544037539511919">
        <ele>1372.980000000000018</ele>
        <time>2019-02-23T17:00:15Z</time>
      </trkpt>
      <trkpt lat="5.126971201971173" lon="-75.544081628322601">
        <ele>1372.039999999999964</ele>
        <time>2019-02-23T17:00:38Z</time>
      </trkpt>
      <trkpt lat="5.127019481733441" lon="-75.544048519805074">
        <ele>1372.089999999999918</ele>
        <time>2019-02-23T17:01:02Z</time>
      </trkpt>
      <trkpt lat="5.127025181427598" lon="-75.544047178700566">
        <ele>1371.920000000000073</ele>
        <time>2019-02-23T17:01:27Z</time>
      </trkpt>
      <trkpt lat="5.126975309103727" lon="-75.544014908373356">
        <ele>1373.349999999999909</ele>
        <time>2019-02-23T17:01:46Z</time>
      </trkpt>
      <trkpt lat="5.12696323916316" lon="-75.544002586975694">
        <ele>1373.6099999999999</ele>
        <time>2019-02-23T17:02:06Z</time>
      </trkpt>
      <trkpt lat="5.126967765390873" lon="-75.544014489278197">
        <ele>1373.069999999999936</ele>
        <time>2019-02-23T17:02:31Z</time>
      </trkpt>
      <trkpt lat="5.126992743462324" lon="-75.544086070731282">
        <ele>1371.029999999999973</ele>
        <time>2019-02-23T17:02:35Z</time>
      </trkpt>
      <trkpt lat="5.127002047374845" lon="-75.544110462069511">
        <ele>1370.589999999999918</ele>
        <time>2019-02-23T17:02:36Z</time>
      </trkpt>
      <trkpt lat="5.127057116478682" lon="-75.544201992452145">
        <ele>1367.3599999999999</ele>
        <time>2019-02-23T17:02:40Z</time>
      </trkpt>
      <trkpt lat="5.127047309651971" lon="-75.544223031029105">
        <ele>1366.769999999999982</ele>
        <time>2019-02-23T17:02:41Z</time>
      </trkpt>
      <trkpt lat="5.127029875293374" lon="-75.544240633025765">
        <ele>1366.009999999999991</ele>
        <time>2019-02-23T17:02:42Z</time>
      </trkpt>
      <trkpt lat="5.126931723207235" lon="-75.544333420693874">
        <ele>1362.059999999999945</ele>
        <time>2019-02-23T17:02:47Z</time>
      </trkpt>
      <trkpt lat="5.126936417073011" lon="-75.544470464810729">
        <ele>1358.950000000000045</ele>
        <time>2019-02-23T17:02:55Z</time>
      </trkpt>
      <trkpt lat="5.127020319923759" lon="-75.544545650482178">
        <ele>1355.849999999999909</ele>
        <time>2019-02-23T17:03:05Z</time>
      </trkpt>
      <trkpt lat="5.127013446763158" lon="-75.544608766213059">
        <ele>1352.740000000000009</ele>
        <time>2019-02-23T17:03:18Z</time>
      </trkpt>
      <trkpt lat="5.127068934962153" lon="-75.544672217220068">
        <ele>1350.670000000000073</ele>
        <time>2019-02-23T17:03:35Z</time>
      </trkpt>
      <trkpt lat="5.127101959660649" lon="-75.544700212776661">
        <ele>1350.299999999999955</ele>
        <time>2019-02-23T17:03:56Z</time>
      </trkpt>
      <trkpt lat="5.127136828377843" lon="-75.54471630603075">
        <ele>1350.369999999999891</ele>
        <time>2019-02-23T17:04:18Z</time>
      </trkpt>
      <trkpt lat="5.127135738730431" lon="-75.54472653195262">
        <ele>1349.730000000000018</ele>
        <time>2019-02-23T17:04:42Z</time>
      </trkpt>
      <trkpt lat="5.127154095098376" lon="-75.544777493923903">
        <ele>1346.710000000000036</ele>
        <time>2019-02-23T17:04:50Z</time>
      </trkpt>
      <trkpt lat="5.12716306373477" lon="-75.544860726222396">
        <ele>1343.519999999999982</ele>
        <time>2019-02-23T17:05:03Z</time>
      </trkpt>
      <trkpt lat="5.127142276614904" lon="-75.544960889965296">
        <ele>1340.450000000000045</ele>
        <time>2019-02-23T17:05:18Z</time>
      </trkpt>
      <trkpt lat="5.127144707366824" lon="-75.545079074800014">
        <ele>1337.220000000000027</ele>
        <time>2019-02-23T17:05:32Z</time>
      </trkpt>
      <trkpt lat="5.127160213887691" lon="-75.545193320140243">
        <ele>1334.1099999999999</ele>
        <time>2019-02-23T17:05:45Z</time>
      </trkpt>
      <trkpt lat="5.127151999622583" lon="-75.545299686491489">
        <ele>1330.950000000000045</ele>
        <time>2019-02-23T17:05:58Z</time>
      </trkpt>
      <trkpt lat="5.127163231372833" lon="-75.545422649011016">
        <ele>1327.930000000000064</ele>
        <time>2019-02-23T17:06:12Z</time>
      </trkpt>
      <trkpt lat="5.127155855298042" lon="-75.545566314831376">
        <ele>1324.829999999999927</ele>
        <time>2019-02-23T17:06:30Z</time>
      </trkpt>
      <trkpt lat="5.12715476565063" lon="-75.545578552410007">
        <ele>1324.589999999999918</ele>
        <time>2019-02-23T17:06:31Z</time>
      </trkpt>
      <trkpt lat="5.127233471721411" lon="-75.545753315091133">
        <ele>1321.180000000000064</ele>
        <time>2019-02-23T17:06:48Z</time>
      </trkpt>
      <trkpt lat="5.127293653786182" lon="-75.5457878485322">
        <ele>1319.930000000000064</ele>
        <time>2019-02-23T17:06:55Z</time>
      </trkpt>
      <trkpt lat="5.127404294908047" lon="-75.54584895260632">
        <ele>1316.509999999999991</ele>
        <time>2019-02-23T17:07:08Z</time>
      </trkpt>
      <trkpt lat="5.127394152805209" lon="-75.545899411663413">
        <ele>1315.240000000000009</ele>
        <time>2019-02-23T17:07:15Z</time>
      </trkpt>
      <trkpt lat="5.127357440069318" lon="-75.546025391668081">
        <ele>1312.6400000000001</ele>
        <time>2019-02-23T17:07:30Z</time>
      </trkpt>
      <trkpt lat="5.127327516674995" lon="-75.546176014468074">
        <ele>1309.329999999999927</ele>
        <time>2019-02-23T17:07:45Z</time>
      </trkpt>
      <trkpt lat="5.127333300188184" lon="-75.546290343627334">
        <ele>1307.099999999999909</ele>
        <time>2019-02-23T17:08:02Z</time>
      </trkpt>
      <trkpt lat="5.127333048731089" lon="-75.546300569549203">
        <ele>1306.970000000000027</ele>
        <time>2019-02-23T17:08:03Z</time>
      </trkpt>
      <trkpt lat="5.127331288531423" lon="-75.546434344723821">
        <ele>1303.440000000000055</ele>
        <time>2019-02-23T17:08:17Z</time>
      </trkpt>
      <trkpt lat="5.127332545816898" lon="-75.54653400555253">
        <ele>1301.190000000000055</ele>
        <time>2019-02-23T17:08:29Z</time>
      </trkpt>
      <trkpt lat="5.127335647121072" lon="-75.546581950038671">
        <ele>1299.900000000000091</ele>
        <time>2019-02-23T17:08:33Z</time>
      </trkpt>
      <trkpt lat="5.127374874427915" lon="-75.546723352745175">
        <ele>1298.460000000000036</ele>
        <time>2019-02-23T17:08:49Z</time>
      </trkpt>
      <trkpt lat="5.127375964075327" lon="-75.546780433505774">
        <ele>1295.180000000000064</ele>
        <time>2019-02-23T17:08:54Z</time>
      </trkpt>
      <trkpt lat="5.127373617142439" lon="-75.54679149761796">
        <ele>1294.930000000000064</ele>
        <time>2019-02-23T17:08:55Z</time>
      </trkpt>
      <trkpt lat="5.127388034015894" lon="-75.546914460137486">
        <ele>1291.619999999999891</ele>
        <time>2019-02-23T17:09:07Z</time>
      </trkpt>
      <trkpt lat="5.127424830570817" lon="-75.546927032992244">
        <ele>1290.660000000000082</ele>
        <time>2019-02-23T17:09:12Z</time>
      </trkpt>
      <trkpt lat="5.127485012635589" lon="-75.546935079619288">
        <ele>1288.529999999999973</ele>
        <time>2019-02-23T17:09:17Z</time>
      </trkpt>
      <trkpt lat="5.127520635724068" lon="-75.546916387975216">
        <ele>1287.529999999999973</ele>
        <time>2019-02-23T17:09:21Z</time>
      </trkpt>
      <trkpt lat="5.12755885720253" lon="-75.546902306377888">
        <ele>1286.569999999999936</ele>
        <time>2019-02-23T17:09:25Z</time>
      </trkpt>
      <trkpt lat="5.12765659019351" lon="-75.546933906152844">
        <ele>1284.3599999999999</ele>
        <time>2019-02-23T17:09:38Z</time>
      </trkpt>
      <trkpt lat="5.127699924632907" lon="-75.546945556998253">
        <ele>1283.8900000000001</ele>
        <time>2019-02-23T17:09:40Z</time>
      </trkpt>
      <trkpt lat="5.127800758928061" lon="-75.546990316361189">
        <ele>1281.779999999999973</ele>
        <time>2019-02-23T17:09:51Z</time>
      </trkpt>
      <trkpt lat="5.127821629866958" lon="-75.547030130401254">
        <ele>1281.220000000000027</ele>
        <time>2019-02-23T17:09:55Z</time>
      </trkpt>
      <trkpt lat="5.127875776961446" lon="-75.547128366306424">
        <ele>1280.519999999999982</ele>
        <time>2019-02-23T17:10:04Z</time>
      </trkpt>
      <trkpt lat="5.127780055627227" lon="-75.547305140644312">
        <ele>1278.039999999999964</ele>
        <time>2019-02-23T17:10:24Z</time>
      </trkpt>
      <trkpt lat="5.127745773643255" lon="-75.547376219183207">
        <ele>1276.6099999999999</ele>
        <time>2019-02-23T17:10:40Z</time>
      </trkpt>
      <trkpt lat="5.127742337062955" lon="-75.547399017959833">
        <ele>1276.009999999999991</ele>
        <time>2019-02-23T17:11:04Z</time>
      </trkpt>
      <trkpt lat="5.12766589410603" lon="-75.547482585534453">
        <ele>1273.799999999999955</ele>
        <time>2019-02-23T17:11:21Z</time>
      </trkpt>
      <trkpt lat="5.12759355828166" lon="-75.547559028491378">
        <ele>1272.730000000000018</ele>
        <time>2019-02-23T17:11:35Z</time>
      </trkpt>
      <trkpt lat="5.127568915486336" lon="-75.547569841146469">
        <ele>1271.690000000000055</ele>
        <time>2019-02-23T17:11:45Z</time>
      </trkpt>
      <trkpt lat="5.127566233277321" lon="-75.547553244978189">
        <ele>1271.440000000000055</ele>
        <time>2019-02-23T17:12:13Z</time>
      </trkpt>
      <trkpt lat="5.127551229670644" lon="-75.547588868066669">
        <ele>1270.480000000000018</ele>
        <time>2019-02-23T17:12:36Z</time>
      </trkpt>
      <trkpt lat="5.127509739249945" lon="-75.547642512246966">
        <ele>1269.940000000000055</ele>
        <time>2019-02-23T17:12:44Z</time>
      </trkpt>
      <trkpt lat="5.127459699288011" lon="-75.547686768695712">
        <ele>1270.190000000000055</ele>
        <time>2019-02-23T17:12:50Z</time>
      </trkpt>
      <trkpt lat="5.127415861934423" lon="-75.547760277986526">
        <ele>1270.130000000000109</ele>
        <time>2019-02-23T17:12:58Z</time>
      </trkpt>
      <trkpt lat="5.127330869436264" lon="-75.547896064817905">
        <ele>1267.809999999999945</ele>
        <time>2019-02-23T17:13:14Z</time>
      </trkpt>
      <trkpt lat="5.127245793119073" lon="-75.548063032329082">
        <ele>1266.049999999999955</ele>
        <time>2019-02-23T17:13:33Z</time>
      </trkpt>
      <trkpt lat="5.127234058454633" lon="-75.548103768378496">
        <ele>1265.730000000000018</ele>
        <time>2019-02-23T17:13:38Z</time>
      </trkpt>
      <trkpt lat="5.127310249954462" lon="-75.54825053550303">
        <ele>1263.740000000000009</ele>
        <time>2019-02-23T17:13:54Z</time>
      </trkpt>
      <trkpt lat="5.127318296581507" lon="-75.548257073387504">
        <ele>1263.529999999999973</ele>
        <time>2019-02-23T17:13:55Z</time>
      </trkpt>
      <trkpt lat="5.127368252724409" lon="-75.548282386735082">
        <ele>1263.079999999999927</ele>
        <time>2019-02-23T17:13:59Z</time>
      </trkpt>
      <trkpt lat="5.127406809478998" lon="-75.548332175239921">
        <ele>1262.079999999999927</ele>
        <time>2019-02-23T17:14:04Z</time>
      </trkpt>
      <trkpt lat="5.127403624355793" lon="-75.548391100019217">
        <ele>1261.339999999999918</ele>
        <time>2019-02-23T17:14:09Z</time>
      </trkpt>
      <trkpt lat="5.127364816144109" lon="-75.548444660380483">
        <ele>1260.529999999999973</ele>
        <time>2019-02-23T17:14:15Z</time>
      </trkpt>
      <trkpt lat="5.127247720956802" lon="-75.548531832173467">
        <ele>1260.339999999999918</ele>
        <time>2019-02-23T17:14:31Z</time>
      </trkpt>
      <trkpt lat="5.127240596339107" lon="-75.548564940690994">
        <ele>1260.059999999999945</ele>
        <time>2019-02-23T17:14:34Z</time>
      </trkpt>
      <trkpt lat="5.127325505018234" lon="-75.548631073907018">
        <ele>1257.960000000000036</ele>
        <time>2019-02-23T17:14:49Z</time>
      </trkpt>
      <trkpt lat="5.127357440069318" lon="-75.548655046150088">
        <ele>1257.509999999999991</ele>
        <time>2019-02-23T17:14:53Z</time>
      </trkpt>
      <trkpt lat="5.12739566154778" lon="-75.5486717261374">
        <ele>1257.009999999999991</ele>
        <time>2019-02-23T17:14:56Z</time>
      </trkpt>
      <trkpt lat="5.127403624355793" lon="-75.548680694773793">
        <ele>1256.990000000000009</ele>
        <time>2019-02-23T17:14:57Z</time>
      </trkpt>
      <trkpt lat="5.127411838620901" lon="-75.54868932813406">
        <ele>1256.990000000000009</ele>
        <time>2019-02-23T17:14:58Z</time>
      </trkpt>
      <trkpt lat="5.127430781722069" lon="-75.548724113032222">
        <ele>1256.410000000000082</ele>
        <time>2019-02-23T17:15:02Z</time>
      </trkpt>
      <trkpt lat="5.127442432567477" lon="-75.548762418329716">
        <ele>1255.75</ele>
        <time>2019-02-23T17:15:06Z</time>
      </trkpt>
      <trkpt lat="5.127440085634589" lon="-75.548774320632219">
        <ele>1255.549999999999955</ele>
        <time>2019-02-23T17:15:07Z</time>
      </trkpt>
      <trkpt lat="5.127467410638928" lon="-75.548843219876289">
        <ele>1254.380000000000109</ele>
        <time>2019-02-23T17:15:14Z</time>
      </trkpt>
      <trkpt lat="5.127471769228578" lon="-75.548857301473618">
        <ele>1254.190000000000055</ele>
        <time>2019-02-23T17:15:15Z</time>
      </trkpt>
      <trkpt lat="5.127483839169145" lon="-75.548956962302327">
        <ele>1252.380000000000109</ele>
        <time>2019-02-23T17:15:26Z</time>
      </trkpt>
      <trkpt lat="5.127501441165805" lon="-75.549046061933041">
        <ele>1250.990000000000009</ele>
        <time>2019-02-23T17:15:35Z</time>
      </trkpt>
      <trkpt lat="5.127510409802198" lon="-75.549058634787798">
        <ele>1250.799999999999955</ele>
        <time>2019-02-23T17:15:36Z</time>
      </trkpt>
      <trkpt lat="5.127521557733417" lon="-75.549073554575443">
        <ele>1250.740000000000009</ele>
        <time>2019-02-23T17:15:37Z</time>
      </trkpt>
      <trkpt lat="5.127530777826905" lon="-75.549086965620518">
        <ele>1250.680000000000064</ele>
        <time>2019-02-23T17:15:38Z</time>
      </trkpt>
      <trkpt lat="5.127567742019892" lon="-75.549194421619177">
        <ele>1248.700000000000045</ele>
        <time>2019-02-23T17:15:51Z</time>
      </trkpt>
      <trkpt lat="5.12764485552907" lon="-75.5493089184165">
        <ele>1246.839999999999918</ele>
        <time>2019-02-23T17:16:03Z</time>
      </trkpt>
      <trkpt lat="5.127659607678652" lon="-75.549316797405481">
        <ele>1246.569999999999936</ele>
        <time>2019-02-23T17:16:04Z</time>
      </trkpt>
      <trkpt lat="5.127666061744094" lon="-75.549326352775097">
        <ele>1246.269999999999982</ele>
        <time>2019-02-23T17:16:05Z</time>
      </trkpt>
      <trkpt lat="5.127671007066965" lon="-75.549339009448886">
        <ele>1246.079999999999927</ele>
        <time>2019-02-23T17:16:06Z</time>
      </trkpt>
      <trkpt lat="5.127678466960788" lon="-75.549351247027516">
        <ele>1245.8599999999999</ele>
        <time>2019-02-23T17:16:07Z</time>
      </trkpt>
      <trkpt lat="5.12768198736012" lon="-75.549363903701305">
        <ele>1245.670000000000073</ele>
        <time>2019-02-23T17:16:08Z</time>
      </trkpt>
      <trkpt lat="5.127681819722056" lon="-75.549377398565412">
        <ele>1245.230000000000018</ele>
        <time>2019-02-23T17:16:09Z</time>
      </trkpt>
      <trkpt lat="5.127681400626898" lon="-75.549390055239201">
        <ele>1244.990000000000009</ele>
        <time>2019-02-23T17:16:10Z</time>
      </trkpt>
      <trkpt lat="5.127689447253942" lon="-75.549399023875594">
        <ele>1244.980000000000018</ele>
        <time>2019-02-23T17:16:11Z</time>
      </trkpt>
      <trkpt lat="5.127696068957448" lon="-75.549410758540034">
        <ele>1244.950000000000045</ele>
        <time>2019-02-23T17:16:12Z</time>
      </trkpt>
      <trkpt lat="5.127741247415543" lon="-75.549528021365404">
        <ele>1242.680000000000064</ele>
        <time>2019-02-23T17:16:22Z</time>
      </trkpt>
      <trkpt lat="5.127781396731734" lon="-75.549597507342696">
        <ele>1241.519999999999982</ele>
        <time>2019-02-23T17:16:29Z</time>
      </trkpt>
      <trkpt lat="5.127828167751431" lon="-75.549593400210142">
        <ele>1240.779999999999973</ele>
        <time>2019-02-23T17:16:44Z</time>
      </trkpt>
      <trkpt lat="5.127892792224884" lon="-75.549584096297622">
        <ele>1240.180000000000064</ele>
        <time>2019-02-23T17:17:02Z</time>
      </trkpt>
      <trkpt lat="5.127929672598839" lon="-75.549578061327338">
        <ele>1239.970000000000027</ele>
        <time>2019-02-23T17:17:06Z</time>
      </trkpt>
      <trkpt lat="5.128044504672289" lon="-75.549565823748708">
        <ele>1238.6099999999999</ele>
        <time>2019-02-23T17:17:22Z</time>
      </trkpt>
      <trkpt lat="5.128092365339398" lon="-75.54955517873168">
        <ele>1238.220000000000027</ele>
        <time>2019-02-23T17:17:26Z</time>
      </trkpt>
      <trkpt lat="5.128112901002169" lon="-75.549553418532014">
        <ele>1237.960000000000036</ele>
        <time>2019-02-23T17:17:27Z</time>
      </trkpt>
      <trkpt lat="5.128126479685307" lon="-75.549551155418158">
        <ele>1237.940000000000055</ele>
        <time>2019-02-23T17:17:28Z</time>
      </trkpt>
      <trkpt lat="5.128139136359096" lon="-75.549546545371413">
        <ele>1237.940000000000055</ele>
        <time>2019-02-23T17:17:29Z</time>
      </trkpt>
      <trkpt lat="5.128338625654578" lon="-75.549499941989779">
        <ele>1235.490000000000009</ele>
        <time>2019-02-23T17:17:46Z</time>
      </trkpt>
      <trkpt lat="5.128544820472598" lon="-75.549491560086608">
        <ele>1236.849999999999909</ele>
        <time>2019-02-23T17:18:06Z</time>
      </trkpt>
      <trkpt lat="5.128650097176433" lon="-75.549461804330349">
        <ele>1237.119999999999891</ele>
        <time>2019-02-23T17:18:22Z</time>
      </trkpt>
      <trkpt lat="5.128665268421173" lon="-75.549471275880933">
        <ele>1237.089999999999918</ele>
        <time>2019-02-23T17:18:24Z</time>
      </trkpt>
      <trkpt lat="5.128690414130688" lon="-75.549480831250548">
        <ele>1233.829999999999927</ele>
        <time>2019-02-23T17:24:47Z</time>
      </trkpt>
      <trkpt lat="5.128679098561406" lon="-75.549487369135022">
        <ele>1233.049999999999955</ele>
        <time>2019-02-23T17:25:57Z</time>
      </trkpt>
      <trkpt lat="5.128692258149385" lon="-75.549467001110315">
        <ele>1232.920000000000073</ele>
        <time>2019-02-23T17:26:33Z</time>
      </trkpt>
      <trkpt lat="5.128692677244544" lon="-75.549478735774755">
        <ele>1232.920000000000073</ele>
        <time>2019-02-23T17:26:58Z</time>
      </trkpt>
      <trkpt lat="5.128740705549717" lon="-75.549487117677927">
        <ele>1232.869999999999891</ele>
        <time>2019-02-23T17:27:18Z</time>
      </trkpt>
      <trkpt lat="5.128795523196459" lon="-75.549490051344037">
        <ele>1232.970000000000027</ele>
        <time>2019-02-23T17:27:36Z</time>
      </trkpt>
      <trkpt lat="5.12899300083518" lon="-75.549502540379763">
        <ele>1234.900000000000091</ele>
        <time>2019-02-23T17:28:00Z</time>
      </trkpt>
      <trkpt lat="5.129080507904291" lon="-75.549526931717992">
        <ele>1234.8599999999999</ele>
        <time>2019-02-23T17:28:20Z</time>
      </trkpt>
      <trkpt lat="5.12915326282382" lon="-75.549553586170077">
        <ele>1235.039999999999964</ele>
        <time>2019-02-23T17:28:47Z</time>
      </trkpt>
      <trkpt lat="5.129293827340007" lon="-75.549557022750378">
        <ele>1235.190000000000055</ele>
        <time>2019-02-23T17:29:02Z</time>
      </trkpt>
      <trkpt lat="5.129426345229149" lon="-75.549579402431846">
        <ele>1234.930000000000064</ele>
        <time>2019-02-23T17:29:15Z</time>
      </trkpt>
      <trkpt lat="5.129511337727308" lon="-75.549606643617153">
        <ele>1235.150000000000091</ele>
        <time>2019-02-23T17:29:24Z</time>
      </trkpt>
      <trkpt lat="5.129547296091914" lon="-75.549605302512646">
        <ele>1235.6099999999999</ele>
        <time>2019-02-23T17:29:28Z</time>
      </trkpt>
      <trkpt lat="5.129700182005763" lon="-75.549610080197453">
        <ele>1237.25</ele>
        <time>2019-02-23T17:29:42Z</time>
      </trkpt>
      <trkpt lat="5.129808476194739" lon="-75.549599099904299">
        <ele>1238.059999999999945</ele>
        <time>2019-02-23T17:29:51Z</time>
      </trkpt>
      <trkpt lat="5.129848793148994" lon="-75.54960454814136">
        <ele>1238.319999999999936</ele>
        <time>2019-02-23T17:29:55Z</time>
      </trkpt>
      <trkpt lat="5.129860863089561" lon="-75.549602955579758">
        <ele>1238.410000000000082</ele>
        <time>2019-02-23T17:29:56Z</time>
      </trkpt>
      <trkpt lat="5.129942419007421" lon="-75.549612091854215">
        <ele>1239.049999999999955</ele>
        <time>2019-02-23T17:30:03Z</time>
      </trkpt>
      <trkpt lat="5.129977120086551" lon="-75.549612175673246">
        <ele>1239.180000000000064</ele>
        <time>2019-02-23T17:30:06Z</time>
      </trkpt>
      <trkpt lat="5.130056161433458" lon="-75.549614606425166">
        <ele>1239.700000000000045</ele>
        <time>2019-02-23T17:30:13Z</time>
      </trkpt>
      <trkpt lat="5.130196223035455" lon="-75.549573116004467">
        <ele>1240.799999999999955</ele>
        <time>2019-02-23T17:30:26Z</time>
      </trkpt>
      <trkpt lat="5.130307534709573" lon="-75.549484100192785">
        <ele>1241.410000000000082</ele>
        <time>2019-02-23T17:30:40Z</time>
      </trkpt>
      <trkpt lat="5.130458995699883" lon="-75.549413273110986">
        <ele>1241.519999999999982</ele>
        <time>2019-02-23T17:30:57Z</time>
      </trkpt>
      <trkpt lat="5.130605008453131" lon="-75.549355521798134">
        <ele>1241.339999999999918</ele>
        <time>2019-02-23T17:31:15Z</time>
      </trkpt>
      <trkpt lat="5.130757223814726" lon="-75.549330376088619">
        <ele>1241.1400000000001</ele>
        <time>2019-02-23T17:31:35Z</time>
      </trkpt>
      <trkpt lat="5.13093676418066" lon="-75.54935828782618">
        <ele>1240.950000000000045</ele>
        <time>2019-02-23T17:31:54Z</time>
      </trkpt>
      <trkpt lat="5.130971800535917" lon="-75.549358623102307">
        <ele>1240.930000000000064</ele>
        <time>2019-02-23T17:31:57Z</time>
      </trkpt>
      <trkpt lat="5.131155867129564" lon="-75.549374967813492">
        <ele>1240.779999999999973</ele>
        <time>2019-02-23T17:32:14Z</time>
      </trkpt>
      <trkpt lat="5.131240524351597" lon="-75.549360886216164">
        <ele>1248.460000000000036</ele>
        <time>2019-02-23T17:32:22Z</time>
      </trkpt>
      <trkpt lat="5.131249995902181" lon="-75.549363065510988">
        <ele>1248.579999999999927</ele>
        <time>2019-02-23T17:32:23Z</time>
      </trkpt>
      <trkpt lat="5.13126072473824" lon="-75.549365244805813">
        <ele>1248.660000000000082</ele>
        <time>2019-02-23T17:32:24Z</time>
      </trkpt>
      <trkpt lat="5.1313784904778" lon="-75.549420146271586">
        <ele>1249.099999999999909</ele>
        <time>2019-02-23T17:32:37Z</time>
      </trkpt>
      <trkpt lat="5.131539506837726" lon="-75.549499439075589">
        <ele>1249.670000000000073</ele>
        <time>2019-02-23T17:32:55Z</time>
      </trkpt>
      <trkpt lat="5.131710078567266" lon="-75.549620138481259">
        <ele>1251.470000000000027</ele>
        <time>2019-02-23T17:33:12Z</time>
      </trkpt>
      <trkpt lat="5.131848463788629" lon="-75.549650229513645">
        <ele>1252.650000000000091</ele>
        <time>2019-02-23T17:33:26Z</time>
      </trkpt>
      <trkpt lat="5.131983328610659" lon="-75.549738574773073">
        <ele>1253.430000000000064</ele>
        <time>2019-02-23T17:33:42Z</time>
      </trkpt>
      <trkpt lat="5.132043259218335" lon="-75.549779394641519">
        <ele>1253.740000000000009</ele>
        <time>2019-02-23T17:33:48Z</time>
      </trkpt>
      <trkpt lat="5.132250795140862" lon="-75.549838654696941">
        <ele>1255.309999999999945</ele>
        <time>2019-02-23T17:34:07Z</time>
      </trkpt>
      <trkpt lat="5.132412482053041" lon="-75.549835804849863">
        <ele>1257.369999999999891</ele>
        <time>2019-02-23T17:34:25Z</time>
      </trkpt>
      <trkpt lat="5.13246956281364" lon="-75.549821639433503">
        <ele>1258.059999999999945</ele>
        <time>2019-02-23T17:34:31Z</time>
      </trkpt>
      <trkpt lat="5.132656395435333" lon="-75.549803450703621">
        <ele>1259.869999999999891</ele>
        <time>2019-02-23T17:34:51Z</time>
      </trkpt>
      <trkpt lat="5.132834343239665" lon="-75.549789872020483">
        <ele>1260.920000000000073</ele>
        <time>2019-02-23T17:35:07Z</time>
      </trkpt>
      <trkpt lat="5.132946660742164" lon="-75.549792889505625">
        <ele>1262.089999999999918</ele>
        <time>2019-02-23T17:35:20Z</time>
      </trkpt>
      <trkpt lat="5.133107090368867" lon="-75.549758188426495">
        <ele>1263.380000000000109</ele>
        <time>2019-02-23T17:35:37Z</time>
      </trkpt>
      <trkpt lat="5.133239859715104" lon="-75.549700269475579">
        <ele>1265.6400000000001</ele>
        <time>2019-02-23T17:35:57Z</time>
      </trkpt>
      <trkpt lat="5.133242541924119" lon="-75.549703203141689">
        <ele>1265.779999999999973</ele>
        <time>2019-02-23T17:35:58Z</time>
      </trkpt>
      <trkpt lat="5.133239608258009" lon="-75.54969834163785">
        <ele>1265.220000000000027</ele>
        <time>2019-02-23T17:36:15Z</time>
      </trkpt>
      <trkpt lat="5.133228879421949" lon="-75.549674453213811">
        <ele>1265.259999999999991</ele>
        <time>2019-02-23T17:36:57Z</time>
      </trkpt>
      <trkpt lat="5.133269112557173" lon="-75.549594825133681">
        <ele>1262.670000000000073</ele>
        <time>2019-02-23T17:37:16Z</time>
      </trkpt>
      <trkpt lat="5.133343962952495" lon="-75.549559704959393">
        <ele>1260.279999999999973</ele>
        <time>2019-02-23T17:37:30Z</time>
      </trkpt>
      <trkpt lat="5.133434655144811" lon="-75.549550568684936">
        <ele>1258.230000000000018</ele>
        <time>2019-02-23T17:37:49Z</time>
      </trkpt>
      <trkpt lat="5.133502967655659" lon="-75.549514275044203">
        <ele>1257.269999999999982</ele>
        <time>2019-02-23T17:38:10Z</time>
      </trkpt>
      <trkpt lat="5.133536159992218" lon="-75.549507988616824">
        <ele>1257.339999999999918</ele>
        <time>2019-02-23T17:38:34Z</time>
      </trkpt>
      <trkpt lat="5.133594833314419" lon="-75.549505138769746">
        <ele>1257.789999999999964</ele>
        <time>2019-02-23T17:38:57Z</time>
      </trkpt>
      <trkpt lat="5.1337028760463" lon="-75.549560124054551">
        <ele>1258.160000000000082</ele>
        <time>2019-02-23T17:39:19Z</time>
      </trkpt>
      <trkpt lat="5.13377420604229" lon="-75.549507401883602">
        <ele>1259.019999999999982</ele>
        <time>2019-02-23T17:39:36Z</time>
      </trkpt>
      <trkpt lat="5.1338323764503" lon="-75.549390641972423">
        <ele>1261.589999999999918</ele>
        <time>2019-02-23T17:39:55Z</time>
      </trkpt>
      <trkpt lat="5.133925247937441" lon="-75.549295926466584">
        <ele>1263.799999999999955</ele>
        <time>2019-02-23T17:40:15Z</time>
      </trkpt>
      <trkpt lat="5.134054329246283" lon="-75.549246724694967">
        <ele>1264.970000000000027</ele>
        <time>2019-02-23T17:40:36Z</time>
      </trkpt>
      <trkpt lat="5.134155666455626" lon="-75.549193667247891">
        <ele>1267.589999999999918</ele>
        <time>2019-02-23T17:40:51Z</time>
      </trkpt>
      <trkpt lat="5.134261697530746" lon="-75.549135329201818">
        <ele>1267.460000000000036</ele>
        <time>2019-02-23T17:41:08Z</time>
      </trkpt>
      <trkpt lat="5.134289357811213" lon="-75.54911931976676">
        <ele>1269.369999999999891</ele>
        <time>2019-02-23T17:41:14Z</time>
      </trkpt>
      <trkpt lat="5.134373931214213" lon="-75.549063328653574">
        <ele>1271.190000000000055</ele>
        <time>2019-02-23T17:41:31Z</time>
      </trkpt>
      <trkpt lat="5.134444339200854" lon="-75.549028795212507">
        <ele>1271.799999999999955</ele>
        <time>2019-02-23T17:41:43Z</time>
      </trkpt>
      <trkpt lat="5.134478034451604" lon="-75.549007588997483">
        <ele>1273.220000000000027</ele>
        <time>2019-02-23T17:41:51Z</time>
      </trkpt>
      <trkpt lat="5.134564619511366" lon="-75.548938270658255">
        <ele>1275.849999999999909</ele>
        <time>2019-02-23T17:42:07Z</time>
      </trkpt>
      <trkpt lat="5.13465179130435" lon="-75.548854619264603">
        <ele>1277.200000000000045</ele>
        <time>2019-02-23T17:42:24Z</time>
      </trkpt>
      <trkpt lat="5.1347148232162" lon="-75.548809440806508">
        <ele>1279.1099999999999</ele>
        <time>2019-02-23T17:42:37Z</time>
      </trkpt>
      <trkpt lat="5.134830661118031" lon="-75.548740793019533">
        <ele>1281.3900000000001</ele>
        <time>2019-02-23T17:42:55Z</time>
      </trkpt>
      <trkpt lat="5.134946163743734" lon="-75.548651441931725">
        <ele>1283.880000000000109</ele>
        <time>2019-02-23T17:43:14Z</time>
      </trkpt>
      <trkpt lat="5.135057726874948" lon="-75.548564437776804">
        <ele>1285.569999999999936</ele>
        <time>2019-02-23T17:43:34Z</time>
      </trkpt>
      <trkpt lat="5.135115813463926" lon="-75.548464106395841">
        <ele>1287.210000000000036</ele>
        <time>2019-02-23T17:43:50Z</time>
      </trkpt>
      <trkpt lat="5.135152442380786" lon="-75.54833603091538">
        <ele>1288.789999999999964</ele>
        <time>2019-02-23T17:44:07Z</time>
      </trkpt>
      <trkpt lat="5.135220754891634" lon="-75.548171577975154">
        <ele>1288.650000000000091</ele>
        <time>2019-02-23T17:44:28Z</time>
      </trkpt>
      <trkpt lat="5.135241039097309" lon="-75.548115503042936">
        <ele>1288.259999999999991</ele>
        <time>2019-02-23T17:44:35Z</time>
      </trkpt>
      <trkpt lat="5.135289905592799" lon="-75.54796907119453">
        <ele>1286.130000000000109</ele>
        <time>2019-02-23T17:44:50Z</time>
      </trkpt>
      <trkpt lat="5.135337095707655" lon="-75.547882234677672">
        <ele>1286.049999999999955</ele>
        <time>2019-02-23T17:45:03Z</time>
      </trkpt>
      <trkpt lat="5.135350506752729" lon="-75.547864465042949">
        <ele>1285.8900000000001</ele>
        <time>2019-02-23T17:45:05Z</time>
      </trkpt>
      <trkpt lat="5.135485455393791" lon="-75.547753656283021">
        <ele>1285.920000000000073</ele>
        <time>2019-02-23T17:45:21Z</time>
      </trkpt>
      <trkpt lat="5.13549568131566" lon="-75.547747872769833">
        <ele>1285.930000000000064</ele>
        <time>2019-02-23T17:45:22Z</time>
      </trkpt>
      <trkpt lat="5.135629456490278" lon="-75.547731025144458">
        <ele>1285.75</ele>
        <time>2019-02-23T17:45:35Z</time>
      </trkpt>
      <trkpt lat="5.135761639103293" lon="-75.54773161187768">
        <ele>1285.930000000000064</ele>
        <time>2019-02-23T17:45:49Z</time>
      </trkpt>
      <trkpt lat="5.135885691270232" lon="-75.547722643241286">
        <ele>1287.730000000000018</ele>
        <time>2019-02-23T17:46:04Z</time>
      </trkpt>
      <trkpt lat="5.135988537222147" lon="-75.547721469774842">
        <ele>1288.700000000000045</ele>
        <time>2019-02-23T17:46:19Z</time>
      </trkpt>
      <trkpt lat="5.136106805875897" lon="-75.54769204929471">
        <ele>1289.599999999999909</ele>
        <time>2019-02-23T17:46:31Z</time>
      </trkpt>
      <trkpt lat="5.136280562728643" lon="-75.547588616609573">
        <ele>1291.880000000000109</ele>
        <time>2019-02-23T17:46:47Z</time>
      </trkpt>
      <trkpt lat="5.13642112724483" lon="-75.547499768435955">
        <ele>1293.839999999999918</ele>
        <time>2019-02-23T17:47:03Z</time>
      </trkpt>
      <trkpt lat="5.136560183018446" lon="-75.547452578321099">
        <ele>1295.049999999999955</ele>
        <time>2019-02-23T17:47:18Z</time>
      </trkpt>
      <trkpt lat="5.136685995385051" lon="-75.547377308830619">
        <ele>1296.730000000000018</ele>
        <time>2019-02-23T17:47:35Z</time>
      </trkpt>
      <trkpt lat="5.136691192165017" lon="-75.547382002696395">
        <ele>1296.559999999999945</ele>
        <time>2019-02-23T17:47:55Z</time>
      </trkpt>
      <trkpt lat="5.136688174679875" lon="-75.547380242496729">
        <ele>1296.319999999999936</ele>
        <time>2019-02-23T17:48:38Z</time>
      </trkpt>
      <trkpt lat="5.136691862717271" lon="-75.547394743189216">
        <ele>1295.6400000000001</ele>
        <time>2019-02-23T17:48:55Z</time>
      </trkpt>
      <trkpt lat="5.136700076982379" lon="-75.547351073473692">
        <ele>1296.220000000000027</ele>
        <time>2019-02-23T17:49:17Z</time>
      </trkpt>
      <trkpt lat="5.136778531596065" lon="-75.547205815091729">
        <ele>1295.6400000000001</ele>
        <time>2019-02-23T17:49:38Z</time>
      </trkpt>
      <trkpt lat="5.136940469965339" lon="-75.54714135825634">
        <ele>1296.5</ele>
        <time>2019-02-23T17:49:58Z</time>
      </trkpt>
      <trkpt lat="5.137060414999723" lon="-75.546959638595581">
        <ele>1298.230000000000018</ele>
        <time>2019-02-23T17:50:21Z</time>
      </trkpt>
      <trkpt lat="5.137124871835113" lon="-75.546730477362871">
        <ele>1299.549999999999955</ele>
        <time>2019-02-23T17:50:41Z</time>
      </trkpt>
      <trkpt lat="5.137149011716247" lon="-75.546581530943513">
        <ele>1300.019999999999982</ele>
        <time>2019-02-23T17:50:54Z</time>
      </trkpt>
      <trkpt lat="5.137142390012741" lon="-75.546457562595606">
        <ele>1301.1099999999999</ele>
        <time>2019-02-23T17:51:15Z</time>
      </trkpt>
      <trkpt lat="5.13712571002543" lon="-75.546217588707805">
        <ele>1302.5</ele>
        <time>2019-02-23T17:51:41Z</time>
      </trkpt>
      <trkpt lat="5.137149346992373" lon="-75.546173416078091">
        <ele>1302.940000000000055</ele>
        <time>2019-02-23T17:51:46Z</time>
      </trkpt>
      <trkpt lat="5.137260407209396" lon="-75.545990606769919">
        <ele>1304.259999999999991</ele>
        <time>2019-02-23T17:52:00Z</time>
      </trkpt>
      <trkpt lat="5.137375993654132" lon="-75.545922378078103">
        <ele>1302.549999999999955</ele>
        <time>2019-02-23T17:52:13Z</time>
      </trkpt>
      <trkpt lat="5.137453358620405" lon="-75.545893041417003">
        <ele>1302.009999999999991</ele>
        <time>2019-02-23T17:52:20Z</time>
      </trkpt>
      <trkpt lat="5.137582775205374" lon="-75.545794721692801">
        <ele>1301.3599999999999</ele>
        <time>2019-02-23T17:52:34Z</time>
      </trkpt>
      <trkpt lat="5.137681094929576" lon="-75.545755326747894">
        <ele>1303.240000000000009</ele>
        <time>2019-02-23T17:52:51Z</time>
      </trkpt>
      <trkpt lat="5.137648321688175" lon="-75.545753315091133">
        <ele>1301.680000000000064</ele>
        <time>2019-02-23T17:52:56Z</time>
      </trkpt>
      <trkpt lat="5.137596018612385" lon="-75.545722134411335">
        <ele>1300.930000000000064</ele>
        <time>2019-02-23T17:53:13Z</time>
      </trkpt>
      <trkpt lat="5.137583278119564" lon="-75.545693635940552">
        <ele>1301.490000000000009</ele>
        <time>2019-02-23T17:53:30Z</time>
      </trkpt>
      <trkpt lat="5.137668019160628" lon="-75.545695228502154">
        <ele>1302.460000000000036</ele>
        <time>2019-02-23T17:53:37Z</time>
      </trkpt>
      <trkpt lat="5.137743623927236" lon="-75.54565105587244">
        <ele>1303.779999999999973</ele>
        <time>2019-02-23T17:53:51Z</time>
      </trkpt>
      <trkpt lat="5.137902125716209" lon="-75.545548293739557">
        <ele>1306.829999999999927</ele>
        <time>2019-02-23T17:54:13Z</time>
      </trkpt>
      <trkpt lat="5.138014946132898" lon="-75.545386858284473">
        <ele>1306.809999999999945</ele>
        <time>2019-02-23T17:54:29Z</time>
      </trkpt>
      <trkpt lat="5.138029279187322" lon="-75.545325167477131">
        <ele>1306.759999999999991</ele>
        <time>2019-02-23T17:54:35Z</time>
      </trkpt>
      <trkpt lat="5.138126509264112" lon="-75.545184183865786">
        <ele>1307.799999999999955</ele>
        <time>2019-02-23T17:54:52Z</time>
      </trkpt>
      <trkpt lat="5.138196414336562" lon="-75.545037835836411">
        <ele>1309.470000000000027</ele>
        <time>2019-02-23T17:55:13Z</time>
      </trkpt>
      <trkpt lat="5.138211250305176" lon="-75.545016210526228">
        <ele>1309.519999999999982</ele>
        <time>2019-02-23T17:55:30Z</time>
      </trkpt>
      <trkpt lat="5.138237904757261" lon="-75.545013528317213">
        <ele>1309.25</ele>
        <time>2019-02-23T17:55:57Z</time>
      </trkpt>
      <trkpt lat="5.138255590572953" lon="-75.544986706227064">
        <ele>1309</ele>
        <time>2019-02-23T17:56:23Z</time>
      </trkpt>
      <trkpt lat="5.138267409056425" lon="-75.545009337365627">
        <ele>1309.25</ele>
        <time>2019-02-23T17:56:41Z</time>
      </trkpt>
      <trkpt lat="5.13831895776093" lon="-75.545018306002021">
        <ele>1311.630000000000109</ele>
        <time>2019-02-23T17:56:53Z</time>
      </trkpt>
      <trkpt lat="5.138431023806334" lon="-75.544928116723895">
        <ele>1311.660000000000082</ele>
        <time>2019-02-23T17:57:13Z</time>
      </trkpt>
      <trkpt lat="5.138429012149572" lon="-75.544872712343931">
        <ele>1311.819999999999936</ele>
        <time>2019-02-23T17:57:38Z</time>
      </trkpt>
      <trkpt lat="5.138444937765598" lon="-75.544826108962297">
        <ele>1311.119999999999891</ele>
        <time>2019-02-23T17:57:46Z</time>
      </trkpt>
      <trkpt lat="5.13843672350049" lon="-75.54474463686347">
        <ele>1311.150000000000091</ele>
        <time>2019-02-23T17:58:03Z</time>
      </trkpt>
      <trkpt lat="5.138444015756249" lon="-75.54475637152791">
        <ele>1311.539999999999964</ele>
        <time>2019-02-23T17:58:21Z</time>
      </trkpt>
      <trkpt lat="5.138459354639053" lon="-75.544785875827074">
        <ele>1311.269999999999982</ele>
        <time>2019-02-23T17:58:34Z</time>
      </trkpt>
      <trkpt lat="5.138432448729873" lon="-75.54475586861372">
        <ele>1311.460000000000036</ele>
        <time>2019-02-23T17:58:53Z</time>
      </trkpt>
      <trkpt lat="5.138436304405332" lon="-75.544681353494525">
        <ele>1313.410000000000082</ele>
        <time>2019-02-23T17:59:11Z</time>
      </trkpt>
      <trkpt lat="5.138411829248071" lon="-75.544617483392358">
        <ele>1315.6099999999999</ele>
        <time>2019-02-23T17:59:26Z</time>
      </trkpt>
      <trkpt lat="5.138409063220024" lon="-75.544558726251125">
        <ele>1317.009999999999991</ele>
        <time>2019-02-23T17:59:37Z</time>
      </trkpt>
      <trkpt lat="5.138357933610678" lon="-75.54444070905447">
        <ele>1318.839999999999918</ele>
        <time>2019-02-23T17:59:52Z</time>
      </trkpt>
      <trkpt lat="5.138351898640394" lon="-75.544402739033103">
        <ele>1319.619999999999891</ele>
        <time>2019-02-23T17:59:57Z</time>
      </trkpt>
      <trkpt lat="5.138304457068443" lon="-75.544327888637781">
        <ele>1320.940000000000055</ele>
        <time>2019-02-23T18:00:16Z</time>
      </trkpt>
      <trkpt lat="5.138311665505171" lon="-75.544212386012077">
        <ele>1323.549999999999955</ele>
        <time>2019-02-23T18:00:28Z</time>
      </trkpt>
      <trkpt lat="5.138339744880795" lon="-75.544092943891883">
        <ele>1326.799999999999955</ele>
        <time>2019-02-23T18:00:42Z</time>
      </trkpt>
      <trkpt lat="5.138335302472115" lon="-75.544048016890883">
        <ele>1327.799999999999955</ele>
        <time>2019-02-23T18:01:00Z</time>
      </trkpt>
      <trkpt lat="5.138326669111848" lon="-75.544040221720934">
        <ele>1327.410000000000082</ele>
        <time>2019-02-23T18:01:17Z</time>
      </trkpt>
      <trkpt lat="5.138312084600329" lon="-75.544020021334291">
        <ele>1328.450000000000045</ele>
        <time>2019-02-23T18:01:26Z</time>
      </trkpt>
      <trkpt lat="5.138283586129546" lon="-75.543954391032457">
        <ele>1332.230000000000018</ele>
        <time>2019-02-23T18:01:38Z</time>
      </trkpt>
      <trkpt lat="5.138211753219366" lon="-75.543916001915932">
        <ele>1334.6099999999999</ele>
        <time>2019-02-23T18:01:51Z</time>
      </trkpt>
      <trkpt lat="5.138141848146915" lon="-75.543813910335302">
        <ele>1335.970000000000027</ele>
        <time>2019-02-23T18:02:08Z</time>
      </trkpt>
      <trkpt lat="5.138156516477466" lon="-75.543672256171703">
        <ele>1338.650000000000091</ele>
        <time>2019-02-23T18:02:25Z</time>
      </trkpt>
      <trkpt lat="5.138183757662773" lon="-75.54355482570827">
        <ele>1341.680000000000064</ele>
        <time>2019-02-23T18:02:41Z</time>
      </trkpt>
      <trkpt lat="5.138192810118198" lon="-75.543555915355682">
        <ele>1341.539999999999964</ele>
        <time>2019-02-23T18:03:00Z</time>
      </trkpt>
      <trkpt lat="5.138218207284808" lon="-75.543503360822797">
        <ele>1343.269999999999982</ele>
        <time>2019-02-23T18:03:21Z</time>
      </trkpt>
      <trkpt lat="5.138252405449748" lon="-75.543415434658527">
        <ele>1346.369999999999891</ele>
        <time>2019-02-23T18:03:35Z</time>
      </trkpt>
      <trkpt lat="5.138275623321533" lon="-75.543374782428145">
        <ele>1347.920000000000073</ele>
        <time>2019-02-23T18:03:43Z</time>
      </trkpt>
      <trkpt lat="5.138285765424371" lon="-75.54334033280611">
        <ele>1350.150000000000091</ele>
        <time>2019-02-23T18:03:47Z</time>
      </trkpt>
      <trkpt lat="5.138290040194988" lon="-75.543314600363374">
        <ele>1350.710000000000036</ele>
        <time>2019-02-23T18:03:49Z</time>
      </trkpt>
      <trkpt lat="5.138301271945238" lon="-75.543296411633492">
        <ele>1351.710000000000036</ele>
        <time>2019-02-23T18:03:51Z</time>
      </trkpt>
      <trkpt lat="5.138316107913852" lon="-75.543297417461872">
        <ele>1352.119999999999891</ele>
        <time>2019-02-23T18:05:04Z</time>
      </trkpt>
      <trkpt lat="5.138302110135555" lon="-75.543236816301942">
        <ele>1353.299999999999955</ele>
        <time>2019-02-23T18:07:55Z</time>
      </trkpt>
      <trkpt lat="5.138241844251752" lon="-75.543149644508958">
        <ele>1355.440000000000055</ele>
        <time>2019-02-23T18:08:12Z</time>
      </trkpt>
      <trkpt lat="5.138171017169952" lon="-75.543035734444857">
        <ele>1355.339999999999918</ele>
        <time>2019-02-23T18:08:29Z</time>
      </trkpt>
      <trkpt lat="5.138143105432391" lon="-75.542938420549035">
        <ele>1360.099999999999909</ele>
        <time>2019-02-23T18:08:39Z</time>
      </trkpt>
      <trkpt lat="5.138143021613359" lon="-75.542928446084261">
        <ele>1360.089999999999918</ele>
        <time>2019-02-23T18:08:40Z</time>
      </trkpt>
      <trkpt lat="5.138143189251423" lon="-75.542824929580092">
        <ele>1360.480000000000018</ele>
        <time>2019-02-23T18:08:51Z</time>
      </trkpt>
      <trkpt lat="5.138097507879138" lon="-75.542654106393456">
        <ele>1360.400000000000091</ele>
        <time>2019-02-23T18:09:11Z</time>
      </trkpt>
      <trkpt lat="5.138094574213028" lon="-75.542647149413824">
        <ele>1360.029999999999973</ele>
        <time>2019-02-23T18:09:12Z</time>
      </trkpt>
      <trkpt lat="5.138036571443081" lon="-75.542540028691292">
        <ele>1360.269999999999982</ele>
        <time>2019-02-23T18:09:23Z</time>
      </trkpt>
      <trkpt lat="5.137922409921885" lon="-75.542540196329355">
        <ele>1361.529999999999973</ele>
        <time>2019-02-23T18:09:38Z</time>
      </trkpt>
      <trkpt lat="5.137861976400018" lon="-75.542464591562748">
        <ele>1361.3900000000001</ele>
        <time>2019-02-23T18:09:57Z</time>
      </trkpt>
      <trkpt lat="5.137860300019383" lon="-75.542338360100985">
        <ele>1361.700000000000045</ele>
        <time>2019-02-23T18:10:12Z</time>
      </trkpt>
      <trkpt lat="5.137867843732238" lon="-75.542260659858584">
        <ele>1364.779999999999973</ele>
        <time>2019-02-23T18:10:31Z</time>
      </trkpt>
      <trkpt lat="5.137760387733579" lon="-75.542113222181797">
        <ele>1367.779999999999973</ele>
        <time>2019-02-23T18:10:49Z</time>
      </trkpt>
      <trkpt lat="5.1378024648875" lon="-75.541974334046245">
        <ele>1368.119999999999891</ele>
        <time>2019-02-23T18:11:07Z</time>
      </trkpt>
      <trkpt lat="5.137807661667466" lon="-75.541848437860608">
        <ele>1371.200000000000045</ele>
        <time>2019-02-23T18:11:25Z</time>
      </trkpt>
      <trkpt lat="5.137798273935914" lon="-75.541749196127057">
        <ele>1371.410000000000082</ele>
        <time>2019-02-23T18:11:35Z</time>
      </trkpt>
      <trkpt lat="5.137812104076147" lon="-75.541516011580825">
        <ele>1370.279999999999973</ele>
        <time>2019-02-23T18:11:52Z</time>
      </trkpt>
      <trkpt lat="5.137844290584326" lon="-75.541411992162466">
        <ele>1370.180000000000064</ele>
        <time>2019-02-23T18:12:01Z</time>
      </trkpt>
      <trkpt lat="5.137879243120551" lon="-75.541312415152788">
        <ele>1367.349999999999909</ele>
        <time>2019-02-23T18:12:09Z</time>
      </trkpt>
      <trkpt lat="5.137943113222718" lon="-75.54121820256114">
        <ele>1368.700000000000045</ele>
        <time>2019-02-23T18:12:17Z</time>
      </trkpt>
      <trkpt lat="5.137937664985657" lon="-75.541076129302382">
        <ele>1366.309999999999945</ele>
        <time>2019-02-23T18:12:29Z</time>
      </trkpt>
      <trkpt lat="5.137975299730897" lon="-75.541038410738111">
        <ele>1366.240000000000009</ele>
        <time>2019-02-23T18:12:33Z</time>
      </trkpt>
      <trkpt lat="5.138046210631728" lon="-75.541025837883353">
        <ele>1367.720000000000027</ele>
        <time>2019-02-23T18:12:40Z</time>
      </trkpt>
      <trkpt lat="5.138150732964277" lon="-75.540887033566833">
        <ele>1367.869999999999891</ele>
        <time>2019-02-23T18:12:52Z</time>
      </trkpt>
      <trkpt lat="5.138164898380637" lon="-75.540851661935449">
        <ele>1367.789999999999964</ele>
        <time>2019-02-23T18:12:55Z</time>
      </trkpt>
      <trkpt lat="5.138239664956927" lon="-75.540697099640965">
        <ele>1368.690000000000055</ele>
        <time>2019-02-23T18:13:10Z</time>
      </trkpt>
      <trkpt lat="5.138255506753922" lon="-75.540638761594892">
        <ele>1368.400000000000091</ele>
        <time>2019-02-23T18:13:14Z</time>
      </trkpt>
      <trkpt lat="5.13826229609549" lon="-75.540614537894726">
        <ele>1368.079999999999927</ele>
        <time>2019-02-23T18:13:16Z</time>
      </trkpt>
      <trkpt lat="5.138279227539897" lon="-75.540546728298068">
        <ele>1367.509999999999991</ele>
        <time>2019-02-23T18:13:21Z</time>
      </trkpt>
      <trkpt lat="5.138304959982634" lon="-75.540464082732797">
        <ele>1366.799999999999955</ele>
        <time>2019-02-23T18:13:46Z</time>
      </trkpt>
      <trkpt lat="5.138323567807674" lon="-75.540475063025951">
        <ele>1366.430000000000064</ele>
        <time>2019-02-23T18:14:09Z</time>
      </trkpt>
      <trkpt lat="5.138285513967276" lon="-75.540433153510094">
        <ele>1365.309999999999945</ele>
        <time>2019-02-23T18:14:28Z</time>
      </trkpt>
      <trkpt lat="5.138264559209347" lon="-75.540378922596574">
        <ele>1362.430000000000064</ele>
        <time>2019-02-23T18:14:34Z</time>
      </trkpt>
      <trkpt lat="5.138294063508511" lon="-75.540295103564858">
        <ele>1360.410000000000082</ele>
        <time>2019-02-23T18:14:42Z</time>
      </trkpt>
      <trkpt lat="5.138305965811014" lon="-75.540276244282722">
        <ele>1359.910000000000082</ele>
        <time>2019-02-23T18:14:44Z</time>
      </trkpt>
      <trkpt lat="5.138388443738222" lon="-75.540171135216951">
        <ele>1358.539999999999964</ele>
        <time>2019-02-23T18:14:57Z</time>
      </trkpt>
      <trkpt lat="5.138474693521857" lon="-75.540074743330479">
        <ele>1358.349999999999909</ele>
        <time>2019-02-23T18:15:08Z</time>
      </trkpt>
      <trkpt lat="5.138547532260418" lon="-75.540000144392252">
        <ele>1357.759999999999991</ele>
        <time>2019-02-23T18:15:27Z</time>
      </trkpt>
      <trkpt lat="5.138579215854406" lon="-75.540016321465373">
        <ele>1357.420000000000073</ele>
        <time>2019-02-23T18:15:54Z</time>
      </trkpt>
      <trkpt lat="5.138566140085459" lon="-75.539929652586579">
        <ele>1359.150000000000091</ele>
        <time>2019-02-23T18:16:12Z</time>
      </trkpt>
      <trkpt lat="5.138627411797643" lon="-75.539874164387584">
        <ele>1357.420000000000073</ele>
        <time>2019-02-23T18:16:30Z</time>
      </trkpt>
      <trkpt lat="5.138700753450394" lon="-75.539801744744182">
        <ele>1359.170000000000073</ele>
        <time>2019-02-23T18:16:49Z</time>
      </trkpt>
      <trkpt lat="5.138690527528524" lon="-75.539808869361877">
        <ele>1358.8900000000001</ele>
        <time>2019-02-23T18:17:06Z</time>
      </trkpt>
      <trkpt lat="5.138715757057071" lon="-75.539677860215306">
        <ele>1359.950000000000045</ele>
        <time>2019-02-23T18:17:26Z</time>
      </trkpt>
      <trkpt lat="5.138691449537873" lon="-75.539542660117149">
        <ele>1361.3900000000001</ele>
        <time>2019-02-23T18:17:42Z</time>
      </trkpt>
      <trkpt lat="5.138685666024685" lon="-75.539535954594612">
        <ele>1361.490000000000009</ele>
        <time>2019-02-23T18:17:43Z</time>
      </trkpt>
      <trkpt lat="5.13866538181901" lon="-75.53951189853251">
        <ele>1361.680000000000064</ele>
        <time>2019-02-23T18:17:46Z</time>
      </trkpt>
      <trkpt lat="5.138643756508827" lon="-75.539465714246035">
        <ele>1361.369999999999891</ele>
        <time>2019-02-23T18:17:52Z</time>
      </trkpt>
      <trkpt lat="5.138616934418678" lon="-75.539438053965569">
        <ele>1361.289999999999964</ele>
        <time>2019-02-23T18:17:57Z</time>
      </trkpt>
      <trkpt lat="5.138560859486461" lon="-75.539301596581936">
        <ele>1360.970000000000027</ele>
        <time>2019-02-23T18:18:11Z</time>
      </trkpt>
      <trkpt lat="5.138524062931538" lon="-75.539260525256395">
        <ele>1361.279999999999973</ele>
        <time>2019-02-23T18:18:31Z</time>
      </trkpt>
      <trkpt lat="5.138501264154911" lon="-75.539255747571588">
        <ele>1360.980000000000018</ele>
        <time>2019-02-23T18:18:49Z</time>
      </trkpt>
      <trkpt lat="5.138500845059752" lon="-75.539225153625011">
        <ele>1361.3900000000001</ele>
        <time>2019-02-23T18:18:51Z</time>
      </trkpt>
      <trkpt lat="5.138493804261088" lon="-75.539213502779603">
        <ele>1361.480000000000018</ele>
        <time>2019-02-23T18:18:53Z</time>
      </trkpt>
      <trkpt lat="5.13848751783371" lon="-75.539153823629022">
        <ele>1361.220000000000027</ele>
        <time>2019-02-23T18:19:03Z</time>
      </trkpt>
      <trkpt lat="5.138510232791305" lon="-75.539114512503147">
        <ele>1361.599999999999909</ele>
        <time>2019-02-23T18:19:13Z</time>
      </trkpt>
      <trkpt lat="5.138547783717513" lon="-75.539087522774935">
        <ele>1361.569999999999936</ele>
        <time>2019-02-23T18:20:02Z</time>
      </trkpt>
      <trkpt lat="5.138563457876444" lon="-75.539082577452064">
        <ele>1362.289999999999964</ele>
        <time>2019-02-23T18:21:18Z</time>
      </trkpt>
      <trkpt lat="5.138534037396312" lon="-75.539075201377273">
        <ele>1362.779999999999973</ele>
        <time>2019-02-23T18:21:21Z</time>
      </trkpt>
      <trkpt lat="5.138520793989301" lon="-75.539069585502148">
        <ele>1364.009999999999991</ele>
        <time>2019-02-23T18:22:58Z</time>
      </trkpt>
      <trkpt lat="5.138476369902492" lon="-75.53908291272819">
        <ele>1364.160000000000082</ele>
        <time>2019-02-23T18:23:25Z</time>
      </trkpt>
      <trkpt lat="5.138459019362926" lon="-75.539056593552232">
        <ele>1364.579999999999927</ele>
        <time>2019-02-23T18:23:56Z</time>
      </trkpt>
      <trkpt lat="5.13848165050149" lon="-75.539056845009327">
        <ele>1365.839999999999918</ele>
        <time>2019-02-23T18:25:23Z</time>
      </trkpt>
      <trkpt lat="5.138482488691807" lon="-75.539002027362585">
        <ele>1368.079999999999927</ele>
        <time>2019-02-23T18:25:38Z</time>
      </trkpt>
      <trkpt lat="5.138464635238051" lon="-75.538963722065091">
        <ele>1368.970000000000027</ele>
        <time>2019-02-23T18:25:53Z</time>
      </trkpt>
      <trkpt lat="5.138441333547235" lon="-75.538950227200985">
        <ele>1369.039999999999964</ele>
        <time>2019-02-23T18:26:17Z</time>
      </trkpt>
      <trkpt lat="5.138441333547235" lon="-75.538937402889132">
        <ele>1368</ele>
        <time>2019-02-23T18:26:44Z</time>
      </trkpt>
      <trkpt lat="5.138457845896482" lon="-75.538915107026696">
        <ele>1368.319999999999936</ele>
        <time>2019-02-23T18:27:00Z</time>
      </trkpt>
      <trkpt lat="5.138481734320521" lon="-75.538849979639053">
        <ele>1369.740000000000009</ele>
        <time>2019-02-23T18:27:24Z</time>
      </trkpt>
      <trkpt lat="5.138469832018018" lon="-75.538845788687468">
        <ele>1370.180000000000064</ele>
        <time>2019-02-23T18:27:42Z</time>
      </trkpt>
      <trkpt lat="5.13841912150383" lon="-75.538722490891814">
        <ele>1372.25</ele>
        <time>2019-02-23T18:28:00Z</time>
      </trkpt>
      <trkpt lat="5.138479135930538" lon="-75.538688628003001">
        <ele>1372.869999999999891</ele>
        <time>2019-02-23T18:28:17Z</time>
      </trkpt>
      <trkpt lat="5.138437058776617" lon="-75.538734057918191">
        <ele>1372.259999999999991</ele>
        <time>2019-02-23T18:28:32Z</time>
      </trkpt>
      <trkpt lat="5.138499420136213" lon="-75.538713606074452">
        <ele>1372.960000000000036</ele>
        <time>2019-02-23T18:28:59Z</time>
      </trkpt>
      <trkpt lat="5.138479135930538" lon="-75.538674043491483">
        <ele>1373</ele>
        <time>2019-02-23T18:29:13Z</time>
      </trkpt>
      <trkpt lat="5.138343432918191" lon="-75.538664907217026">
        <ele>1373.460000000000036</ele>
        <time>2019-02-23T18:29:39Z</time>
      </trkpt>
      <trkpt lat="5.138369332998991" lon="-75.538581423461437">
        <ele>1373.059999999999945</ele>
        <time>2019-02-23T18:29:57Z</time>
      </trkpt>
      <trkpt lat="5.138392467051744" lon="-75.538595421239734">
        <ele>1372.940000000000055</ele>
        <time>2019-02-23T18:30:20Z</time>
      </trkpt>
      <trkpt lat="5.13840202242136" lon="-75.538590224459767">
        <ele>1373.259999999999991</ele>
        <time>2019-02-23T18:30:29Z</time>
      </trkpt>
      <trkpt lat="5.138396238908172" lon="-75.538564072921872">
        <ele>1375.269999999999982</ele>
        <time>2019-02-23T18:31:10Z</time>
      </trkpt>
      <trkpt lat="5.138337565585971" lon="-75.538568012416363">
        <ele>1375.3599999999999</ele>
        <time>2019-02-23T18:31:25Z</time>
      </trkpt>
      <trkpt lat="5.138451643288136" lon="-75.538485366851091">
        <ele>1377.380000000000109</ele>
        <time>2019-02-23T18:31:46Z</time>
      </trkpt>
      <trkpt lat="5.138417361304164" lon="-75.53840272128582">
        <ele>1378.430000000000064</ele>
        <time>2019-02-23T18:35:14Z</time>
      </trkpt>
      <trkpt lat="5.138476453721523" lon="-75.538341449573636">
        <ele>1378.3599999999999</ele>
        <time>2019-02-23T18:35:31Z</time>
      </trkpt>
      <trkpt lat="5.138532863929868" lon="-75.5382742267102">
        <ele>1378.529999999999973</ele>
        <time>2019-02-23T18:35:52Z</time>
      </trkpt>
      <trkpt lat="5.138495396822691" lon="-75.538190491497517">
        <ele>1379.099999999999909</ele>
        <time>2019-02-23T18:37:22Z</time>
      </trkpt>
      <trkpt lat="5.138455415144563" lon="-75.538165429607034">
        <ele>1379.490000000000009</ele>
        <time>2019-02-23T18:37:55Z</time>
      </trkpt>
      <trkpt lat="5.13842741958797" lon="-75.538217397406697">
        <ele>1380.029999999999973</ele>
        <time>2019-02-23T18:39:19Z</time>
      </trkpt>
      <trkpt lat="5.13842741958797" lon="-75.538217397406697">
        <ele>1380.029999999999973</ele>
        <time>2019-02-23T18:39:19Z</time>
      </trkpt>
      <trkpt lat="5.138455415144563" lon="-75.538165429607034">
        <ele>1379.490000000000009</ele>
        <time>2019-02-23T18:37:55Z</time>
      </trkpt>
      <trkpt lat="5.138495396822691" lon="-75.538190491497517">
        <ele>1379.099999999999909</ele>
        <time>2019-02-23T18:37:22Z</time>
      </trkpt>
      <trkpt lat="5.138532863929868" lon="-75.5382742267102">
        <ele>1378.529999999999973</ele>
        <time>2019-02-23T18:35:52Z</time>
      </trkpt>
      <trkpt lat="5.138476453721523" lon="-75.538341449573636">
        <ele>1378.3599999999999</ele>
        <time>2019-02-23T18:35:31Z</time>
      </trkpt>
      <trkpt lat="5.138417361304164" lon="-75.53840272128582">
        <ele>1378.430000000000064</ele>
        <time>2019-02-23T18:35:14Z</time>
      </trkpt>
      <trkpt lat="5.138451643288136" lon="-75.538485366851091">
        <ele>1377.380000000000109</ele>
        <time>2019-02-23T18:31:46Z</time>
      </trkpt>
      <trkpt lat="5.138337565585971" lon="-75.538568012416363">
        <ele>1375.3599999999999</ele>
        <time>2019-02-23T18:31:25Z</time>
      </trkpt>
      <trkpt lat="5.138396238908172" lon="-75.538564072921872">
        <ele>1375.269999999999982</ele>
        <time>2019-02-23T18:31:10Z</time>
      </trkpt>
      <trkpt lat="5.13840202242136" lon="-75.538590224459767">
        <ele>1373.259999999999991</ele>
        <time>2019-02-23T18:30:29Z</time>
      </trkpt>
      <trkpt lat="5.138392467051744" lon="-75.538595421239734">
        <ele>1372.940000000000055</ele>
        <time>2019-02-23T18:30:20Z</time>
      </trkpt>
      <trkpt lat="5.138369332998991" lon="-75.538581423461437">
        <ele>1373.059999999999945</ele>
        <time>2019-02-23T18:29:57Z</time>
      </trkpt>
      <trkpt lat="5.138343432918191" lon="-75.538664907217026">
        <ele>1373.460000000000036</ele>
        <time>2019-02-23T18:29:39Z</time>
      </trkpt>
      <trkpt lat="5.138479135930538" lon="-75.538674043491483">
        <ele>1373</ele>
        <time>2019-02-23T18:29:13Z</time>
      </trkpt>
      <trkpt lat="5.138499420136213" lon="-75.538713606074452">
        <ele>1372.960000000000036</ele>
        <time>2019-02-23T18:28:59Z</time>
      </trkpt>
      <trkpt lat="5.138437058776617" lon="-75.538734057918191">
        <ele>1372.259999999999991</ele>
        <time>2019-02-23T18:28:32Z</time>
      </trkpt>
      <trkpt lat="5.138479135930538" lon="-75.538688628003001">
        <ele>1372.869999999999891</ele>
        <time>2019-02-23T18:28:17Z</time>
      </trkpt>
      <trkpt lat="5.13841912150383" lon="-75.538722490891814">
        <ele>1372.25</ele>
        <time>2019-02-23T18:28:00Z</time>
      </trkpt>
      <trkpt lat="5.138469832018018" lon="-75.538845788687468">
        <ele>1370.180000000000064</ele>
        <time>2019-02-23T18:27:42Z</time>
      </trkpt>
      <trkpt lat="5.138481734320521" lon="-75.538849979639053">
        <ele>1369.740000000000009</ele>
        <time>2019-02-23T18:27:24Z</time>
      </trkpt>
      <trkpt lat="5.138457845896482" lon="-75.538915107026696">
        <ele>1368.319999999999936</ele>
        <time>2019-02-23T18:27:00Z</time>
      </trkpt>
      <trkpt lat="5.138441333547235" lon="-75.538937402889132">
        <ele>1368</ele>
        <time>2019-02-23T18:26:44Z</time>
      </trkpt>
      <trkpt lat="5.138441333547235" lon="-75.538950227200985">
        <ele>1369.039999999999964</ele>
        <time>2019-02-23T18:26:17Z</time>
      </trkpt>
      <trkpt lat="5.138464635238051" lon="-75.538963722065091">
        <ele>1368.970000000000027</ele>
        <time>2019-02-23T18:25:53Z</time>
      </trkpt>
      <trkpt lat="5.138482488691807" lon="-75.539002027362585">
        <ele>1368.079999999999927</ele>
        <time>2019-02-23T18:25:38Z</time>
      </trkpt>
      <trkpt lat="5.13848165050149" lon="-75.539056845009327">
        <ele>1365.839999999999918</ele>
        <time>2019-02-23T18:25:23Z</time>
      </trkpt>
      <trkpt lat="5.138459019362926" lon="-75.539056593552232">
        <ele>1364.579999999999927</ele>
        <time>2019-02-23T18:23:56Z</time>
      </trkpt>
      <trkpt lat="5.138476369902492" lon="-75.53908291272819">
        <ele>1364.160000000000082</ele>
        <time>2019-02-23T18:23:25Z</time>
      </trkpt>
      <trkpt lat="5.138520793989301" lon="-75.539069585502148">
        <ele>1364.009999999999991</ele>
        <time>2019-02-23T18:22:58Z</time>
      </trkpt>
      <trkpt lat="5.138534037396312" lon="-75.539075201377273">
        <ele>1362.779999999999973</ele>
        <time>2019-02-23T18:21:21Z</time>
      </trkpt>
      <trkpt lat="5.138563457876444" lon="-75.539082577452064">
        <ele>1362.289999999999964</ele>
        <time>2019-02-23T18:21:18Z</time>
      </trkpt>
      <trkpt lat="5.138547783717513" lon="-75.539087522774935">
        <ele>1361.569999999999936</ele>
        <time>2019-02-23T18:20:02Z</time>
      </trkpt>
      <trkpt lat="5.138510232791305" lon="-75.539114512503147">
        <ele>1361.599999999999909</ele>
        <time>2019-02-23T18:19:13Z</time>
      </trkpt>
      <trkpt lat="5.13848751783371" lon="-75.539153823629022">
        <ele>1361.220000000000027</ele>
        <time>2019-02-23T18:19:03Z</time>
      </trkpt>
      <trkpt lat="5.138493804261088" lon="-75.539213502779603">
        <ele>1361.480000000000018</ele>
        <time>2019-02-23T18:18:53Z</time>
      </trkpt>
      <trkpt lat="5.138500845059752" lon="-75.539225153625011">
        <ele>1361.3900000000001</ele>
        <time>2019-02-23T18:18:51Z</time>
      </trkpt>
      <trkpt lat="5.138501264154911" lon="-75.539255747571588">
        <ele>1360.980000000000018</ele>
        <time>2019-02-23T18:18:49Z</time>
      </trkpt>
      <trkpt lat="5.138524062931538" lon="-75.539260525256395">
        <ele>1361.279999999999973</ele>
        <time>2019-02-23T18:18:31Z</time>
      </trkpt>
      <trkpt lat="5.138560859486461" lon="-75.539301596581936">
        <ele>1360.970000000000027</ele>
        <time>2019-02-23T18:18:11Z</time>
      </trkpt>
      <trkpt lat="5.138616934418678" lon="-75.539438053965569">
        <ele>1361.289999999999964</ele>
        <time>2019-02-23T18:17:57Z</time>
      </trkpt>
      <trkpt lat="5.138643756508827" lon="-75.539465714246035">
        <ele>1361.369999999999891</ele>
        <time>2019-02-23T18:17:52Z</time>
      </trkpt>
      <trkpt lat="5.13866538181901" lon="-75.53951189853251">
        <ele>1361.680000000000064</ele>
        <time>2019-02-23T18:17:46Z</time>
      </trkpt>
      <trkpt lat="5.138685666024685" lon="-75.539535954594612">
        <ele>1361.490000000000009</ele>
        <time>2019-02-23T18:17:43Z</time>
      </trkpt>
      <trkpt lat="5.138691449537873" lon="-75.539542660117149">
        <ele>1361.3900000000001</ele>
        <time>2019-02-23T18:17:42Z</time>
      </trkpt>
      <trkpt lat="5.138715757057071" lon="-75.539677860215306">
        <ele>1359.950000000000045</ele>
        <time>2019-02-23T18:17:26Z</time>
      </trkpt>
      <trkpt lat="5.138690527528524" lon="-75.539808869361877">
        <ele>1358.8900000000001</ele>
        <time>2019-02-23T18:17:06Z</time>
      </trkpt>
      <trkpt lat="5.138700753450394" lon="-75.539801744744182">
        <ele>1359.170000000000073</ele>
        <time>2019-02-23T18:16:49Z</time>
      </trkpt>
      <trkpt lat="5.138627411797643" lon="-75.539874164387584">
        <ele>1357.420000000000073</ele>
        <time>2019-02-23T18:16:30Z</time>
      </trkpt>
      <trkpt lat="5.138566140085459" lon="-75.539929652586579">
        <ele>1359.150000000000091</ele>
        <time>2019-02-23T18:16:12Z</time>
      </trkpt>
      <trkpt lat="5.138579215854406" lon="-75.540016321465373">
        <ele>1357.420000000000073</ele>
        <time>2019-02-23T18:15:54Z</time>
      </trkpt>
      <trkpt lat="5.138547532260418" lon="-75.540000144392252">
        <ele>1357.759999999999991</ele>
        <time>2019-02-23T18:15:27Z</time>
      </trkpt>
      <trkpt lat="5.138474693521857" lon="-75.540074743330479">
        <ele>1358.349999999999909</ele>
        <time>2019-02-23T18:15:08Z</time>
      </trkpt>
      <trkpt lat="5.138388443738222" lon="-75.540171135216951">
        <ele>1358.539999999999964</ele>
        <time>2019-02-23T18:14:57Z</time>
      </trkpt>
      <trkpt lat="5.138305965811014" lon="-75.540276244282722">
        <ele>1359.910000000000082</ele>
        <time>2019-02-23T18:14:44Z</time>
      </trkpt>
      <trkpt lat="5.138294063508511" lon="-75.540295103564858">
        <ele>1360.410000000000082</ele>
        <time>2019-02-23T18:14:42Z</time>
      </trkpt>
      <trkpt lat="5.138264559209347" lon="-75.540378922596574">
        <ele>1362.430000000000064</ele>
        <time>2019-02-23T18:14:34Z</time>
      </trkpt>
      <trkpt lat="5.138285513967276" lon="-75.540433153510094">
        <ele>1365.309999999999945</ele>
        <time>2019-02-23T18:14:28Z</time>
      </trkpt>
      <trkpt lat="5.138323567807674" lon="-75.540475063025951">
        <ele>1366.430000000000064</ele>
        <time>2019-02-23T18:14:09Z</time>
      </trkpt>
      <trkpt lat="5.138304959982634" lon="-75.540464082732797">
        <ele>1366.799999999999955</ele>
        <time>2019-02-23T18:13:46Z</time>
      </trkpt>
      <trkpt lat="5.138279227539897" lon="-75.540546728298068">
        <ele>1367.509999999999991</ele>
        <time>2019-02-23T18:13:21Z</time>
      </trkpt>
      <trkpt lat="5.13826229609549" lon="-75.540614537894726">
        <ele>1368.079999999999927</ele>
        <time>2019-02-23T18:13:16Z</time>
      </trkpt>
      <trkpt lat="5.138255506753922" lon="-75.540638761594892">
        <ele>1368.400000000000091</ele>
        <time>2019-02-23T18:13:14Z</time>
      </trkpt>
      <trkpt lat="5.138239664956927" lon="-75.540697099640965">
        <ele>1368.690000000000055</ele>
        <time>2019-02-23T18:13:10Z</time>
      </trkpt>
      <trkpt lat="5.138164898380637" lon="-75.540851661935449">
        <ele>1367.789999999999964</ele>
        <time>2019-02-23T18:12:55Z</time>
      </trkpt>
      <trkpt lat="5.138150732964277" lon="-75.540887033566833">
        <ele>1367.869999999999891</ele>
        <time>2019-02-23T18:12:52Z</time>
      </trkpt>
      <trkpt lat="5.138046210631728" lon="-75.541025837883353">
        <ele>1367.720000000000027</ele>
        <time>2019-02-23T18:12:40Z</time>
      </trkpt>
      <trkpt lat="5.137975299730897" lon="-75.541038410738111">
        <ele>1366.240000000000009</ele>
        <time>2019-02-23T18:12:33Z</time>
      </trkpt>
      <trkpt lat="5.137937664985657" lon="-75.541076129302382">
        <ele>1366.309999999999945</ele>
        <time>2019-02-23T18:12:29Z</time>
      </trkpt>
      <trkpt lat="5.137943113222718" lon="-75.54121820256114">
        <ele>1368.700000000000045</ele>
        <time>2019-02-23T18:12:17Z</time>
      </trkpt>
      <trkpt lat="5.137879243120551" lon="-75.541312415152788">
        <ele>1367.349999999999909</ele>
        <time>2019-02-23T18:12:09Z</time>
      </trkpt>
      <trkpt lat="5.137844290584326" lon="-75.541411992162466">
        <ele>1370.180000000000064</ele>
        <time>2019-02-23T18:12:01Z</time>
      </trkpt>
      <trkpt lat="5.137812104076147" lon="-75.541516011580825">
        <ele>1370.279999999999973</ele>
        <time>2019-02-23T18:11:52Z</time>
      </trkpt>
      <trkpt lat="5.137798273935914" lon="-75.541749196127057">
        <ele>1371.410000000000082</ele>
        <time>2019-02-23T18:11:35Z</time>
      </trkpt>
      <trkpt lat="5.137807661667466" lon="-75.541848437860608">
        <ele>1371.200000000000045</ele>
        <time>2019-02-23T18:11:25Z</time>
      </trkpt>
      <trkpt lat="5.1378024648875" lon="-75.541974334046245">
        <ele>1368.119999999999891</ele>
        <time>2019-02-23T18:11:07Z</time>
      </trkpt>
      <trkpt lat="5.137760387733579" lon="-75.542113222181797">
        <ele>1367.779999999999973</ele>
        <time>2019-02-23T18:10:49Z</time>
      </trkpt>
      <trkpt lat="5.137867843732238" lon="-75.542260659858584">
        <ele>1364.779999999999973</ele>
        <time>2019-02-23T18:10:31Z</time>
      </trkpt>
      <trkpt lat="5.137860300019383" lon="-75.542338360100985">
        <ele>1361.700000000000045</ele>
        <time>2019-02-23T18:10:12Z</time>
      </trkpt>
      <trkpt lat="5.137861976400018" lon="-75.542464591562748">
        <ele>1361.3900000000001</ele>
        <time>2019-02-23T18:09:57Z</time>
      </trkpt>
      <trkpt lat="5.137922409921885" lon="-75.542540196329355">
        <ele>1361.529999999999973</ele>
        <time>2019-02-23T18:09:38Z</time>
      </trkpt>
      <trkpt lat="5.138036571443081" lon="-75.542540028691292">
        <ele>1360.269999999999982</ele>
        <time>2019-02-23T18:09:23Z</time>
      </trkpt>
      <trkpt lat="5.138094574213028" lon="-75.542647149413824">
        <ele>1360.029999999999973</ele>
        <time>2019-02-23T18:09:12Z</time>
      </trkpt>
      <trkpt lat="5.138097507879138" lon="-75.542654106393456">
        <ele>1360.400000000000091</ele>
        <time>2019-02-23T18:09:11Z</time>
      </trkpt>
      <trkpt lat="5.138143189251423" lon="-75.542824929580092">
        <ele>1360.480000000000018</ele>
        <time>2019-02-23T18:08:51Z</time>
      </trkpt>
      <trkpt lat="5.138143021613359" lon="-75.542928446084261">
        <ele>1360.089999999999918</ele>
        <time>2019-02-23T18:08:40Z</time>
      </trkpt>
      <trkpt lat="5.138143105432391" lon="-75.542938420549035">
        <ele>1360.099999999999909</ele>
        <time>2019-02-23T18:08:39Z</time>
      </trkpt>
      <trkpt lat="5.138171017169952" lon="-75.543035734444857">
        <ele>1355.339999999999918</ele>
        <time>2019-02-23T18:08:29Z</time>
      </trkpt>
      <trkpt lat="5.138241844251752" lon="-75.543149644508958">
        <ele>1355.440000000000055</ele>
        <time>2019-02-23T18:08:12Z</time>
      </trkpt>
      <trkpt lat="5.138302110135555" lon="-75.543236816301942">
        <ele>1353.299999999999955</ele>
        <time>2019-02-23T18:07:55Z</time>
      </trkpt>
      <trkpt lat="5.138316107913852" lon="-75.543297417461872">
        <ele>1352.119999999999891</ele>
        <time>2019-02-23T18:05:04Z</time>
      </trkpt>
      <trkpt lat="5.138301271945238" lon="-75.543296411633492">
        <ele>1351.710000000000036</ele>
        <time>2019-02-23T18:03:51Z</time>
      </trkpt>
      <trkpt lat="5.138290040194988" lon="-75.543314600363374">
        <ele>1350.710000000000036</ele>
        <time>2019-02-23T18:03:49Z</time>
      </trkpt>
      <trkpt lat="5.138285765424371" lon="-75.54334033280611">
        <ele>1350.150000000000091</ele>
        <time>2019-02-23T18:03:47Z</time>
      </trkpt>
      <trkpt lat="5.138275623321533" lon="-75.543374782428145">
        <ele>1347.920000000000073</ele>
        <time>2019-02-23T18:03:43Z</time>
      </trkpt>
      <trkpt lat="5.138252405449748" lon="-75.543415434658527">
        <ele>1346.369999999999891</ele>
        <time>2019-02-23T18:03:35Z</time>
      </trkpt>
      <trkpt lat="5.138218207284808" lon="-75.543503360822797">
        <ele>1343.269999999999982</ele>
        <time>2019-02-23T18:03:21Z</time>
      </trkpt>
      <trkpt lat="5.138192810118198" lon="-75.543555915355682">
        <ele>1341.539999999999964</ele>
        <time>2019-02-23T18:03:00Z</time>
      </trkpt>
      <trkpt lat="5.138183757662773" lon="-75.54355482570827">
        <ele>1341.680000000000064</ele>
        <time>2019-02-23T18:02:41Z</time>
      </trkpt>
      <trkpt lat="5.138156516477466" lon="-75.543672256171703">
        <ele>1338.650000000000091</ele>
        <time>2019-02-23T18:02:25Z</time>
      </trkpt>
      <trkpt lat="5.138141848146915" lon="-75.543813910335302">
        <ele>1335.970000000000027</ele>
        <time>2019-02-23T18:02:08Z</time>
      </trkpt>
      <trkpt lat="5.138211753219366" lon="-75.543916001915932">
        <ele>1334.6099999999999</ele>
        <time>2019-02-23T18:01:51Z</time>
      </trkpt>
      <trkpt lat="5.138283586129546" lon="-75.543954391032457">
        <ele>1332.230000000000018</ele>
        <time>2019-02-23T18:01:38Z</time>
      </trkpt>
      <trkpt lat="5.138312084600329" lon="-75.544020021334291">
        <ele>1328.450000000000045</ele>
        <time>2019-02-23T18:01:26Z</time>
      </trkpt>
      <trkpt lat="5.138326669111848" lon="-75.544040221720934">
        <ele>1327.410000000000082</ele>
        <time>2019-02-23T18:01:17Z</time>
      </trkpt>
      <trkpt lat="5.138335302472115" lon="-75.544048016890883">
        <ele>1327.799999999999955</ele>
        <time>2019-02-23T18:01:00Z</time>
      </trkpt>
      <trkpt lat="5.138339744880795" lon="-75.544092943891883">
        <ele>1326.799999999999955</ele>
        <time>2019-02-23T18:00:42Z</time>
      </trkpt>
      <trkpt lat="5.138311665505171" lon="-75.544212386012077">
        <ele>1323.549999999999955</ele>
        <time>2019-02-23T18:00:28Z</time>
      </trkpt>
      <trkpt lat="5.138304457068443" lon="-75.544327888637781">
        <ele>1320.940000000000055</ele>
        <time>2019-02-23T18:00:16Z</time>
      </trkpt>
      <trkpt lat="5.138022238388658" lon="-75.544400978833437">
        <ele>1366</ele>
        <time>2019-02-23T20:24:57Z</time>
      </trkpt>
      <trkpt lat="5.137772373855114" lon="-75.544425789266825">
        <ele>1364.549999999999955</ele>
        <time>2019-02-23T20:25:04Z</time>
      </trkpt>
      <trkpt lat="5.137686040252447" lon="-75.544451521709561">
        <ele>1367.220000000000027</ele>
        <time>2019-02-23T20:25:08Z</time>
      </trkpt>
      <trkpt lat="5.13756550848484" lon="-75.544511871412396">
        <ele>1370.25</ele>
        <time>2019-02-23T20:25:15Z</time>
      </trkpt>
      <trkpt lat="5.137541117146611" lon="-75.544530060142279">
        <ele>1370.880000000000109</ele>
        <time>2019-02-23T20:25:17Z</time>
      </trkpt>
      <trkpt lat="5.137495435774326" lon="-75.544613040983677">
        <ele>1374.579999999999927</ele>
        <time>2019-02-23T20:25:23Z</time>
      </trkpt>
      <trkpt lat="5.137394852936268" lon="-75.544647155329585">
        <ele>1377.880000000000109</ele>
        <time>2019-02-23T20:25:36Z</time>
      </trkpt>
      <trkpt lat="5.137276584282517" lon="-75.544650927186012">
        <ele>1381.009999999999991</ele>
        <time>2019-02-23T20:25:53Z</time>
      </trkpt>
      <trkpt lat="5.137175498530269" lon="-75.544645981863141">
        <ele>1382.950000000000045</ele>
        <time>2019-02-23T20:26:11Z</time>
      </trkpt>
      <trkpt lat="5.137044489383698" lon="-75.544678755104542">
        <ele>1385.789999999999964</ele>
        <time>2019-02-23T20:26:28Z</time>
      </trkpt>
      <trkpt lat="5.13701724819839" lon="-75.544684454798698">
        <ele>1386.230000000000018</ele>
        <time>2019-02-23T20:26:31Z</time>
      </trkpt>
      <trkpt lat="5.13690191321075" lon="-75.54477003403008">
        <ele>1388.150000000000091</ele>
        <time>2019-02-23T20:26:47Z</time>
      </trkpt>
      <trkpt lat="5.136802084743977" lon="-75.54484530352056">
        <ele>1391.319999999999936</ele>
        <time>2019-02-23T20:27:01Z</time>
      </trkpt>
      <trkpt lat="5.136731425300241" lon="-75.54487070068717">
        <ele>1392.970000000000027</ele>
        <time>2019-02-23T20:27:06Z</time>
      </trkpt>
      <trkpt lat="5.136640481650829" lon="-75.544955441728234">
        <ele>1396.789999999999964</ele>
        <time>2019-02-23T20:27:12Z</time>
      </trkpt>
      <trkpt lat="5.136619694530964" lon="-75.544996848329902">
        <ele>1398.450000000000045</ele>
        <time>2019-02-23T20:27:15Z</time>
      </trkpt>
      <trkpt lat="5.136612234637141" lon="-75.545035907998681">
        <ele>1399.150000000000091</ele>
        <time>2019-02-23T20:27:18Z</time>
      </trkpt>
      <trkpt lat="5.136558003723621" lon="-75.545055186375976">
        <ele>1400.049999999999955</ele>
        <time>2019-02-23T20:27:24Z</time>
      </trkpt>
      <trkpt lat="5.136411236599088" lon="-75.545057868584991">
        <ele>1400.970000000000027</ele>
        <time>2019-02-23T20:27:39Z</time>
      </trkpt>
      <trkpt lat="5.136400926858187" lon="-75.545082008466125">
        <ele>1401.039999999999964</ele>
        <time>2019-02-23T20:27:41Z</time>
      </trkpt>
      <trkpt lat="5.136421546339989" lon="-75.545200612396002">
        <ele>1400.819999999999936</ele>
        <time>2019-02-23T20:27:48Z</time>
      </trkpt>
      <trkpt lat="5.136441914364696" lon="-75.545209497213364">
        <ele>1400.990000000000009</ele>
        <time>2019-02-23T20:27:52Z</time>
      </trkpt>
      <trkpt lat="5.136397490277886" lon="-75.545290550217032">
        <ele>1400.1400000000001</ele>
        <time>2019-02-23T20:28:04Z</time>
      </trkpt>
      <trkpt lat="5.136388521641493" lon="-75.545293902978301">
        <ele>1399.819999999999936</ele>
        <time>2019-02-23T20:28:05Z</time>
      </trkpt>
      <trkpt lat="5.136257763952017" lon="-75.545421643182635">
        <ele>1398.670000000000073</ele>
        <time>2019-02-23T20:28:20Z</time>
      </trkpt>
      <trkpt lat="5.13622029684484" lon="-75.545585677027702">
        <ele>1398.650000000000091</ele>
        <time>2019-02-23T20:28:36Z</time>
      </trkpt>
      <trkpt lat="5.136219877749681" lon="-75.545608727261424">
        <ele>1395.930000000000064</ele>
        <time>2019-02-23T20:28:39Z</time>
      </trkpt>
      <trkpt lat="5.136194480583072" lon="-75.545620126649737">
        <ele>1395.799999999999955</ele>
        <time>2019-02-23T20:29:00Z</time>
      </trkpt>
      <trkpt lat="5.136122647672892" lon="-75.545687098056078">
        <ele>1393.809999999999945</ele>
        <time>2019-02-23T20:29:08Z</time>
      </trkpt>
      <trkpt lat="5.136097837239504" lon="-75.545734036713839">
        <ele>1392.539999999999964</ele>
        <time>2019-02-23T20:29:12Z</time>
      </trkpt>
      <trkpt lat="5.136036900803447" lon="-75.545765049755573">
        <ele>1390.789999999999964</ele>
        <time>2019-02-23T20:29:19Z</time>
      </trkpt>
      <trkpt lat="5.135988537222147" lon="-75.545793464407325">
        <ele>1389.289999999999964</ele>
        <time>2019-02-23T20:29:24Z</time>
      </trkpt>
      <trkpt lat="5.135949142277241" lon="-75.545842330902815">
        <ele>1387.819999999999936</ele>
        <time>2019-02-23T20:29:29Z</time>
      </trkpt>
      <trkpt lat="5.135913351550698" lon="-75.545919025316834">
        <ele>1386.779999999999973</ele>
        <time>2019-02-23T20:29:34Z</time>
      </trkpt>
      <trkpt lat="5.135871442034841" lon="-75.545993372797966">
        <ele>1384.099999999999909</ele>
        <time>2019-02-23T20:29:43Z</time>
      </trkpt>
      <trkpt lat="5.135845709592104" lon="-75.546042658388615">
        <ele>1382.430000000000064</ele>
        <time>2019-02-23T20:29:48Z</time>
      </trkpt>
      <trkpt lat="5.135826515033841" lon="-75.546063529327512">
        <ele>1381.490000000000009</ele>
        <time>2019-02-23T20:29:51Z</time>
      </trkpt>
      <trkpt lat="5.135793155059218" lon="-75.546108540147543">
        <ele>1380.150000000000091</ele>
        <time>2019-02-23T20:29:55Z</time>
      </trkpt>
      <trkpt lat="5.135743450373411" lon="-75.546186156570911">
        <ele>1376.75</ele>
        <time>2019-02-23T20:30:05Z</time>
      </trkpt>
      <trkpt lat="5.135698607191443" lon="-75.546298641711473">
        <ele>1374.329999999999927</ele>
        <time>2019-02-23T20:30:15Z</time>
      </trkpt>
      <trkpt lat="5.135662565007806" lon="-75.546358404681087">
        <ele>1372.509999999999991</ele>
        <time>2019-02-23T20:30:20Z</time>
      </trkpt>
      <trkpt lat="5.135633647441864" lon="-75.546423280611634">
        <ele>1370.619999999999891</ele>
        <time>2019-02-23T20:30:27Z</time>
      </trkpt>
      <trkpt lat="5.135615123435855" lon="-75.546427136287093">
        <ele>1369.779999999999973</ele>
        <time>2019-02-23T20:30:29Z</time>
      </trkpt>
      <trkpt lat="5.135568352416158" lon="-75.546419760212302">
        <ele>1368.619999999999891</ele>
        <time>2019-02-23T20:30:35Z</time>
      </trkpt>
      <trkpt lat="5.135429548099637" lon="-75.546420849859715">
        <ele>1365.470000000000027</ele>
        <time>2019-02-23T20:30:51Z</time>
      </trkpt>
      <trkpt lat="5.13539794832468" lon="-75.546423196792603">
        <ele>1364.589999999999918</ele>
        <time>2019-02-23T20:30:54Z</time>
      </trkpt>
      <trkpt lat="5.135377328842878" lon="-75.5464250408113">
        <ele>1364.210000000000036</ele>
        <time>2019-02-23T20:30:56Z</time>
      </trkpt>
      <trkpt lat="5.135294767096639" lon="-75.546387489885092">
        <ele>1361.440000000000055</ele>
        <time>2019-02-23T20:31:06Z</time>
      </trkpt>
      <trkpt lat="5.135269705206156" lon="-75.546372151002288">
        <ele>1360.829999999999927</ele>
        <time>2019-02-23T20:31:09Z</time>
      </trkpt>
      <trkpt lat="5.135215558111668" lon="-75.546385226771235">
        <ele>1359.809999999999945</ele>
        <time>2019-02-23T20:31:14Z</time>
      </trkpt>
      <trkpt lat="5.135144647210836" lon="-75.546395368874073">
        <ele>1358.470000000000027</ele>
        <time>2019-02-23T20:31:19Z</time>
      </trkpt>
      <trkpt lat="5.135103156790137" lon="-75.546427723020315">
        <ele>1357.339999999999918</ele>
        <time>2019-02-23T20:31:23Z</time>
      </trkpt>
      <trkpt lat="5.135053535923362" lon="-75.54643627256155">
        <ele>1356.329999999999927</ele>
        <time>2019-02-23T20:31:27Z</time>
      </trkpt>
      <trkpt lat="5.135000227019191" lon="-75.546474242582917">
        <ele>1355.079999999999927</ele>
        <time>2019-02-23T20:31:31Z</time>
      </trkpt>
      <trkpt lat="5.13489075936377" lon="-75.546516738831997">
        <ele>1352.980000000000018</ele>
        <time>2019-02-23T20:31:40Z</time>
      </trkpt>
      <trkpt lat="5.134868379682302" lon="-75.546524869278073">
        <ele>1352.319999999999936</ele>
        <time>2019-02-23T20:31:42Z</time>
      </trkpt>
      <trkpt lat="5.134772323071957" lon="-75.546621680259705">
        <ele>1349.470000000000027</ele>
        <time>2019-02-23T20:31:55Z</time>
      </trkpt>
      <trkpt lat="5.134767377749085" lon="-75.546625033020973">
        <ele>1349.180000000000064</ele>
        <time>2019-02-23T20:31:56Z</time>
      </trkpt>
      <trkpt lat="5.134733431041241" lon="-75.546651100739837">
        <ele>1348.619999999999891</ele>
        <time>2019-02-23T20:31:59Z</time>
      </trkpt>
      <trkpt lat="5.134635278955102" lon="-75.54670549929142">
        <ele>1346.230000000000018</ele>
        <time>2019-02-23T20:32:12Z</time>
      </trkpt>
      <trkpt lat="5.134547855705023" lon="-75.546733494848013">
        <ele>1344.1099999999999</ele>
        <time>2019-02-23T20:32:28Z</time>
      </trkpt>
      <trkpt lat="5.134513657540083" lon="-75.546770123764873">
        <ele>1342.75</ele>
        <time>2019-02-23T20:32:32Z</time>
      </trkpt>
      <trkpt lat="5.134426821023226" lon="-75.546798957511783">
        <ele>1340.160000000000082</ele>
        <time>2019-02-23T20:32:40Z</time>
      </trkpt>
      <trkpt lat="5.134342918172479" lon="-75.546911861747503">
        <ele>1337.240000000000009</ele>
        <time>2019-02-23T20:32:52Z</time>
      </trkpt>
      <trkpt lat="5.13432833366096" lon="-75.546955866739154">
        <ele>1335.400000000000091</ele>
        <time>2019-02-23T20:32:59Z</time>
      </trkpt>
      <trkpt lat="5.134303858503699" lon="-75.546982102096081">
        <ele>1334.529999999999973</ele>
        <time>2019-02-23T20:33:02Z</time>
      </trkpt>
      <trkpt lat="5.134267481043935" lon="-75.547062400728464">
        <ele>1332.009999999999991</ele>
        <time>2019-02-23T20:33:09Z</time>
      </trkpt>
      <trkpt lat="5.134246610105038" lon="-75.547132221981883">
        <ele>1329.25</ele>
        <time>2019-02-23T20:33:16Z</time>
      </trkpt>
      <trkpt lat="5.134310061112046" lon="-75.547172790393233">
        <ele>1325.970000000000027</ele>
        <time>2019-02-23T20:33:27Z</time>
      </trkpt>
      <trkpt lat="5.134390778839588" lon="-75.547207240015268">
        <ele>1322.920000000000073</ele>
        <time>2019-02-23T20:33:37Z</time>
      </trkpt>
      <trkpt lat="5.134420450776815" lon="-75.547279492020607">
        <ele>1319.710000000000036</ele>
        <time>2019-02-23T20:33:47Z</time>
      </trkpt>
      <trkpt lat="5.134398154914379" lon="-75.547366579994559">
        <ele>1316.349999999999909</ele>
        <time>2019-02-23T20:34:00Z</time>
      </trkpt>
      <trkpt lat="5.134372254833579" lon="-75.547452494502068">
        <ele>1313.059999999999945</ele>
        <time>2019-02-23T20:34:13Z</time>
      </trkpt>
      <trkpt lat="5.134314671158791" lon="-75.547527261078358">
        <ele>1309.630000000000109</ele>
        <time>2019-02-23T20:34:25Z</time>
      </trkpt>
      <trkpt lat="5.13429849408567" lon="-75.547537487000227">
        <ele>1309.180000000000064</ele>
        <time>2019-02-23T20:34:27Z</time>
      </trkpt>
      <trkpt lat="5.134284580126405" lon="-75.547553328797221">
        <ele>1307.799999999999955</ele>
        <time>2019-02-23T20:34:29Z</time>
      </trkpt>
      <trkpt lat="5.134250465780497" lon="-75.547637231647968">
        <ele>1304.509999999999991</ele>
        <time>2019-02-23T20:34:40Z</time>
      </trkpt>
      <trkpt lat="5.134231019765139" lon="-75.54771107621491">
        <ele>1302.509999999999991</ele>
        <time>2019-02-23T20:34:55Z</time>
      </trkpt>
      <trkpt lat="5.134166730567813" lon="-75.547822471708059">
        <ele>1300.1400000000001</ele>
        <time>2019-02-23T20:35:13Z</time>
      </trkpt>
      <trkpt lat="5.134125743061304" lon="-75.547902099788189">
        <ele>1298.019999999999982</ele>
        <time>2019-02-23T20:35:25Z</time>
      </trkpt>
      <trkpt lat="5.133980233222246" lon="-75.5479378066957">
        <ele>1296.230000000000018</ele>
        <time>2019-02-23T20:35:38Z</time>
      </trkpt>
      <trkpt lat="5.133850229904056" lon="-75.547924982383847">
        <ele>1295.490000000000009</ele>
        <time>2019-02-23T20:35:50Z</time>
      </trkpt>
      <trkpt lat="5.133812511339784" lon="-75.547920623794198">
        <ele>1295.200000000000045</ele>
        <time>2019-02-23T20:35:54Z</time>
      </trkpt>
      <trkpt lat="5.133773870766163" lon="-75.547928921878338">
        <ele>1295.089999999999918</ele>
        <time>2019-02-23T20:35:57Z</time>
      </trkpt>
      <trkpt lat="5.133609334006906" lon="-75.547899920493364">
        <ele>1294.289999999999964</ele>
        <time>2019-02-23T20:36:10Z</time>
      </trkpt>
      <trkpt lat="5.133562479168177" lon="-75.547872092574835">
        <ele>1293.490000000000009</ele>
        <time>2019-02-23T20:36:19Z</time>
      </trkpt>
      <trkpt lat="5.133409341797233" lon="-75.547776119783521">
        <ele>1292.029999999999973</ele>
        <time>2019-02-23T20:36:39Z</time>
      </trkpt>
      <trkpt lat="5.133401798084378" lon="-75.547681739553809">
        <ele>1290.869999999999891</ele>
        <time>2019-02-23T20:36:50Z</time>
      </trkpt>
      <trkpt lat="5.133286044001579" lon="-75.547492308542132">
        <ele>1287.849999999999909</ele>
        <time>2019-02-23T20:37:10Z</time>
      </trkpt>
      <trkpt lat="5.133116645738482" lon="-75.547370100393891">
        <ele>1286.779999999999973</ele>
        <time>2019-02-23T20:37:25Z</time>
      </trkpt>
      <trkpt lat="5.133082866668701" lon="-75.547340763732791">
        <ele>1286.319999999999936</ele>
        <time>2019-02-23T20:37:28Z</time>
      </trkpt>
      <trkpt lat="5.132886478677392" lon="-75.547254933044314">
        <ele>1284.920000000000073</ele>
        <time>2019-02-23T20:37:44Z</time>
      </trkpt>
      <trkpt lat="5.1326909288764" lon="-75.547206737101078">
        <ele>1282.690000000000055</ele>
        <time>2019-02-23T20:37:58Z</time>
      </trkpt>
      <trkpt lat="5.132449613884091" lon="-75.547150997444987">
        <ele>1280.480000000000018</ele>
        <time>2019-02-23T20:38:14Z</time>
      </trkpt>
      <trkpt lat="5.132434610277414" lon="-75.547149404883385">
        <ele>1280.329999999999927</ele>
        <time>2019-02-23T20:38:15Z</time>
      </trkpt>
      <trkpt lat="5.132247190922499" lon="-75.547094503417611">
        <ele>1278.450000000000045</ele>
        <time>2019-02-23T20:38:29Z</time>
      </trkpt>
      <trkpt lat="5.132060358300805" lon="-75.547124426811934">
        <ele>1278.470000000000027</ele>
        <time>2019-02-23T20:38:42Z</time>
      </trkpt>
      <trkpt lat="5.131921051070094" lon="-75.547106908634305">
        <ele>1275.039999999999964</ele>
        <time>2019-02-23T20:38:57Z</time>
      </trkpt>
      <trkpt lat="5.131906466558576" lon="-75.547112692147493">
        <ele>1275.3599999999999</ele>
        <time>2019-02-23T20:38:58Z</time>
      </trkpt>
      <trkpt lat="5.131755424663424" lon="-75.547071369364858">
        <ele>1272.700000000000045</ele>
        <time>2019-02-23T20:39:11Z</time>
      </trkpt>
      <trkpt lat="5.131563395261765" lon="-75.547079248353839">
        <ele>1269.539999999999964</ele>
        <time>2019-02-23T20:39:26Z</time>
      </trkpt>
      <trkpt lat="5.131415789946914" lon="-75.547180334106088">
        <ele>1266.430000000000064</ele>
        <time>2019-02-23T20:39:35Z</time>
      </trkpt>
      <trkpt lat="5.131394164636731" lon="-75.547228865325451">
        <ele>1264.769999999999982</ele>
        <time>2019-02-23T20:39:41Z</time>
      </trkpt>
      <trkpt lat="5.131393074989319" lon="-75.547268763184547">
        <ele>1264.470000000000027</ele>
        <time>2019-02-23T20:39:44Z</time>
      </trkpt>
      <trkpt lat="5.131372036412358" lon="-75.547354761511087">
        <ele>1262.6099999999999</ele>
        <time>2019-02-23T20:39:53Z</time>
      </trkpt>
      <trkpt lat="5.131364660337567" lon="-75.547376638278365">
        <ele>1261.880000000000109</ele>
        <time>2019-02-23T20:39:57Z</time>
      </trkpt>
      <trkpt lat="5.131358206272125" lon="-75.547403376549482">
        <ele>1261.539999999999964</ele>
        <time>2019-02-23T20:39:59Z</time>
      </trkpt>
      <trkpt lat="5.131292995065451" lon="-75.547569170594215">
        <ele>1259.829999999999927</ele>
        <time>2019-02-23T20:40:12Z</time>
      </trkpt>
      <trkpt lat="5.131163410842419" lon="-75.547730019316077">
        <ele>1256.660000000000082</ele>
        <time>2019-02-23T20:40:31Z</time>
      </trkpt>
      <trkpt lat="5.131126111373305" lon="-75.547764468938112">
        <ele>1255.630000000000109</ele>
        <time>2019-02-23T20:40:35Z</time>
      </trkpt>
      <trkpt lat="5.131027456372976" lon="-75.547794895246625">
        <ele>1254.170000000000073</ele>
        <time>2019-02-23T20:40:41Z</time>
      </trkpt>
      <trkpt lat="5.130945313721895" lon="-75.547842839732766">
        <ele>1252.690000000000055</ele>
        <time>2019-02-23T20:40:47Z</time>
      </trkpt>
      <trkpt lat="5.130842383950949" lon="-75.547995893284678">
        <ele>1249.539999999999964</ele>
        <time>2019-02-23T20:41:04Z</time>
      </trkpt>
      <trkpt lat="5.130688408389688" lon="-75.548186749219894">
        <ele>1246.460000000000036</ele>
        <time>2019-02-23T20:41:25Z</time>
      </trkpt>
      <trkpt lat="5.130536528304219" lon="-75.548300491645932">
        <ele>1244.869999999999891</ele>
        <time>2019-02-23T20:41:45Z</time>
      </trkpt>
      <trkpt lat="5.130199156701565" lon="-75.548507608473301">
        <ele>1242.099999999999909</ele>
        <time>2019-02-23T20:42:11Z</time>
      </trkpt>
      <trkpt lat="5.130045097321272" lon="-75.548694189637899">
        <ele>1241.240000000000009</ele>
        <time>2019-02-23T20:42:27Z</time>
      </trkpt>
      <trkpt lat="5.129924733191729" lon="-75.548831904307008">
        <ele>1240.539999999999964</ele>
        <time>2019-02-23T20:42:39Z</time>
      </trkpt>
      <trkpt lat="5.129764471203089" lon="-75.548954028636217">
        <ele>1239.740000000000009</ele>
        <time>2019-02-23T20:42:54Z</time>
      </trkpt>
      <trkpt lat="5.129618458449841" lon="-75.549065424129367">
        <ele>1239.329999999999927</ele>
        <time>2019-02-23T20:43:10Z</time>
      </trkpt>
      <trkpt lat="5.129599180072546" lon="-75.549085540696979">
        <ele>1239.299999999999955</ele>
        <time>2019-02-23T20:43:18Z</time>
      </trkpt>
      <trkpt lat="5.129486862570047" lon="-75.549121079966426">
        <ele>1238.160000000000082</ele>
        <time>2019-02-23T20:43:29Z</time>
      </trkpt>
      <trkpt lat="5.129418130964041" lon="-75.549185704439878">
        <ele>1236.549999999999955</ele>
        <time>2019-02-23T20:43:43Z</time>
      </trkpt>
      <trkpt lat="5.129330959171057" lon="-75.54933188483119">
        <ele>1236.25</ele>
        <time>2019-02-23T20:46:11Z</time>
      </trkpt>
      <trkpt lat="5.129232136532664" lon="-75.549510419368744">
        <ele>1235.470000000000027</ele>
        <time>2019-02-23T20:46:28Z</time>
      </trkpt>
      <trkpt lat="5.129154268652201" lon="-75.549498349428177">
        <ele>1235.660000000000082</ele>
        <time>2019-02-23T20:46:34Z</time>
      </trkpt>
      <trkpt lat="5.128937847912312" lon="-75.549495331943035">
        <ele>1233.599999999999909</ele>
        <time>2019-02-23T20:46:53Z</time>
      </trkpt>
      <trkpt lat="5.128834415227175" lon="-75.549492398276925">
        <ele>1232.829999999999927</ele>
        <time>2019-02-23T20:47:02Z</time>
      </trkpt>
      <trkpt lat="5.128655964508653" lon="-75.549516035243869">
        <ele>1232.730000000000018</ele>
        <time>2019-02-23T20:47:18Z</time>
      </trkpt>
    </trkseg>
  </trk>

</gpx>
