<?xml version="1.0"?>
<gpx xmlns="http://www.topografix.com/GPX/1/1" xmlns:xsi="http://www.w3.org/2001/XMLSchema-instance" xmlns:wptx1="http://www.garmin.com/xmlschemas/WaypointExtension/v1" xmlns:gpxtrx="http://www.garmin.com/xmlschemas/GpxExtensions/v3" xmlns:gpxtpx="http://www.garmin.com/xmlschemas/TrackPointExtension/v1" xmlns:gpxx="http://www.garmin.com/xmlschemas/GpxExtensions/v3" xmlns:trp="http://www.garmin.com/xmlschemas/TripExtensions/v1" xmlns:adv="http://www.garmin.com/xmlschemas/AdventuresExtensions/v1" xmlns:prs="http://www.garmin.com/xmlschemas/PressureExtension/v1" xmlns:tmd="http://www.garmin.com/xmlschemas/TripMetaDataExtensions/v1" xmlns:vptm="http://www.garmin.com/xmlschemas/ViaPointTransportationModeExtensions/v1" xmlns:ctx="http://www.garmin.com/xmlschemas/CreationTimeExtension/v1" xmlns:gpxacc="http://www.garmin.com/xmlschemas/AccelerationExtension/v1" xmlns:gpxpx="http://www.garmin.com/xmlschemas/PowerExtension/v1" xmlns:vidx1="http://www.garmin.com/xmlschemas/VideoExtension/v1" creator="Garmin Desktop App" version="1.1" xsi:schemaLocation="http://www.topografix.com/GPX/1/1 http://www.topografix.com/GPX/1/1/gpx.xsd http://www.garmin.com/xmlschemas/WaypointExtension/v1 http://www8.garmin.com/xmlschemas/WaypointExtensionv1.xsd http://www.garmin.com/xmlschemas/TrackPointExtension/v1 http://www.garmin.com/xmlschemas/TrackPointExtensionv1.xsd http://www.garmin.com/xmlschemas/GpxExtensions/v3 http://www8.garmin.com/xmlschemas/GpxExtensionsv3.xsd http://www.garmin.com/xmlschemas/ActivityExtension/v1 http://www8.garmin.com/xmlschemas/ActivityExtensionv1.xsd http://www.garmin.com/xmlschemas/AdventuresExtensions/v1 http://www8.garmin.com/xmlschemas/AdventuresExtensionv1.xsd http://www.garmin.com/xmlschemas/PressureExtension/v1 http://www.garmin.com/xmlschemas/PressureExtensionv1.xsd http://www.garmin.com/xmlschemas/TripExtensions/v1 http://www.garmin.com/xmlschemas/TripExtensionsv1.xsd http://www.garmin.com/xmlschemas/TripMetaDataExtensions/v1 http://www.garmin.com/xmlschemas/TripMetaDataExtensionsv1.xsd http://www.garmin.com/xmlschemas/ViaPointTransportationModeExtensions/v1 http://www.garmin.com/xmlschemas/ViaPointTransportationModeExtensionsv1.xsd http://www.garmin.com/xmlschemas/CreationTimeExtension/v1 http://www.garmin.com/xmlschemas/CreationTimeExtensionsv1.xsd http://www.garmin.com/xmlschemas/AccelerationExtension/v1 http://www.garmin.com/xmlschemas/AccelerationExtensionv1.xsd http://www.garmin.com/xmlschemas/PowerExtension/v1 http://www.garmin.com/xmlschemas/PowerExtensionv1.xsd http://www.garmin.com/xmlschemas/VideoExtension/v1 http://www.garmin.com/xmlschemas/VideoExtensionv1.xsd">

  <metadata>
    <link href="http://www.garmin.com">
      <text>Garmin International</text>
    </link>
    <time>2018-12-05T23:46:35Z</time>
    <bounds maxlat="4.531166749075055" maxlon="-75.612636292353272" minlat="4.512341162189841" minlon="-75.643392512574792"/>
  </metadata>

  <wpt lat="4.514497993513942" lon="-75.613633990287781">
    <ele>1626.324828999999909</ele>
    <time>2018-11-24T17:58:29Z</time>
    <name>Ascenso Camino</name>
    <sym>Flag, Blue</sym>
    <type>user</type>
    <extensions>
      <gpxx:WaypointExtension>
        <gpxx:DisplayMode>SymbolAndName</gpxx:DisplayMode>
      </gpxx:WaypointExtension>
      <wptx1:WaypointExtension>
        <wptx1:DisplayMode>SymbolAndName</wptx1:DisplayMode>
      </wptx1:WaypointExtension>
      <ctx:CreationTimeExtension>
        <ctx:CreationTime>2018-11-24T17:58:29Z</ctx:CreationTime>
      </ctx:CreationTimeExtension>
    </extensions>
  </wpt>

  <wpt lat="4.52330301515758" lon="-75.62703799456358">
    <ele>1546.492064999999911</ele>
    <time>2018-11-24T17:02:29Z</time>
    <name>Aviso Chorros San Rafael</name>
    <sym>Flag, Blue</sym>
    <type>user</type>
    <extensions>
      <gpxx:WaypointExtension>
        <gpxx:DisplayMode>SymbolAndName</gpxx:DisplayMode>
      </gpxx:WaypointExtension>
      <wptx1:WaypointExtension>
        <wptx1:DisplayMode>SymbolAndName</wptx1:DisplayMode>
      </wptx1:WaypointExtension>
      <ctx:CreationTimeExtension>
        <ctx:CreationTime>2018-11-24T17:02:29Z</ctx:CreationTime>
      </ctx:CreationTimeExtension>
    </extensions>
  </wpt>

  <wpt lat="4.512368990108371" lon="-75.612679962068796">
    <ele>1707</ele>
    <time>2018-11-24T18:22:56Z</time>
    <name>Chorros San Rafael</name>
    <sym>Water Source</sym>
    <type>user</type>
    <extensions>
      <gpxx:WaypointExtension>
        <gpxx:DisplayMode>SymbolAndName</gpxx:DisplayMode>
      </gpxx:WaypointExtension>
      <wptx1:WaypointExtension>
        <wptx1:DisplayMode>SymbolAndName</wptx1:DisplayMode>
      </wptx1:WaypointExtension>
      <ctx:CreationTimeExtension>
        <ctx:CreationTime>2018-11-24T18:22:56Z</ctx:CreationTime>
      </ctx:CreationTimeExtension>
    </extensions>
  </wpt>

  <wpt lat="4.52779496088624" lon="-75.636118026450276">
    <ele>1536</ele>
    <time>2018-11-24T16:27:39Z</time>
    <name>Cruze via la linea</name>
    <cmt>Tener mucho cuidado, ya que los vehículos transitan a gran velocidad. Después de cruzar esta vía entraremos a un barrio el cual hay que tener cuidado con las cosas que llevemos. No Dar Papaya</cmt>
    <desc>Tener mucho cuidado, ya que los vehículos transitan a gran velocidad. Después de cruzar esta vía entraremos a un barrio el cual hay que tener cuidado con las cosas que llevemos. No Dar Papaya</desc>
    <sym>Flag, Blue</sym>
    <type>user</type>
    <extensions>
      <gpxx:WaypointExtension>
        <gpxx:DisplayMode>SymbolAndName</gpxx:DisplayMode>
      </gpxx:WaypointExtension>
      <wptx1:WaypointExtension>
        <wptx1:DisplayMode>SymbolAndName</wptx1:DisplayMode>
      </wptx1:WaypointExtension>
      <ctx:CreationTimeExtension>
        <ctx:CreationTime>2018-11-24T16:27:39Z</ctx:CreationTime>
      </ctx:CreationTimeExtension>
    </extensions>
  </wpt>

  <wpt lat="4.531118972226977" lon="-75.643292013555765">
    <ele>1547</ele>
    <time>2018-11-24T15:27:38Z</time>
    <name>Inicio del recorrido</name>
    <cmt>En este lugar es donde nos tenemos que bajar</cmt>
    <desc>En este lugar es donde nos tenemos que bajar</desc>
    <sym>Trail Head</sym>
    <type>user</type>
    <extensions>
      <gpxx:WaypointExtension>
        <gpxx:DisplayMode>SymbolAndName</gpxx:DisplayMode>
      </gpxx:WaypointExtension>
      <wptx1:WaypointExtension>
        <wptx1:DisplayMode>SymbolAndName</wptx1:DisplayMode>
      </wptx1:WaypointExtension>
      <ctx:CreationTimeExtension>
        <ctx:CreationTime>2018-11-24T15:27:38Z</ctx:CreationTime>
      </ctx:CreationTimeExtension>
    </extensions>
  </wpt>

  <trk>
    <name>Ruta Chorros San Rafael</name>
    <extensions>
      <gpxx:TrackExtension>
        <gpxx:DisplayColor>Green</gpxx:DisplayColor>
      </gpxx:TrackExtension>
    </extensions>
    <trkseg>
      <trkpt lat="4.531166749075055" lon="-75.643392512574792">
        <ele>1544.700000000000045</ele>
        <time>2018-11-24T15:27:26Z</time>
      </trkpt>
      <trkpt lat="4.531120983883739" lon="-75.64333526417613">
        <ele>1546.279999999999973</ele>
        <time>2018-11-24T15:27:33Z</time>
      </trkpt>
      <trkpt lat="4.531123582273722" lon="-75.643203584477305">
        <ele>1547.119999999999891</ele>
        <time>2018-11-24T15:27:48Z</time>
      </trkpt>
      <trkpt lat="4.531075051054358" lon="-75.643075006082654">
        <ele>1547.5</ele>
        <time>2018-11-24T15:28:07Z</time>
      </trkpt>
      <trkpt lat="4.531041355803609" lon="-75.642987750470638">
        <ele>1547.099999999999909</ele>
        <time>2018-11-24T15:28:17Z</time>
      </trkpt>
      <trkpt lat="4.531027441844344" lon="-75.642911978065968">
        <ele>1547.599999999999909</ele>
        <time>2018-11-24T15:28:28Z</time>
      </trkpt>
      <trkpt lat="4.53101403079927" lon="-75.64278063364327">
        <ele>1548.170000000000073</ele>
        <time>2018-11-24T15:28:45Z</time>
      </trkpt>
      <trkpt lat="4.53098569996655" lon="-75.642643505707383">
        <ele>1548.759999999999991</ele>
        <time>2018-11-24T15:29:08Z</time>
      </trkpt>
      <trkpt lat="4.530946640297771" lon="-75.642554489895701">
        <ele>1549.150000000000091</ele>
        <time>2018-11-24T15:29:22Z</time>
      </trkpt>
      <trkpt lat="4.530963571742177" lon="-75.642468575388193">
        <ele>1548.920000000000073</ele>
        <time>2018-11-24T15:29:33Z</time>
      </trkpt>
      <trkpt lat="4.530884362757206" lon="-75.64239070750773">
        <ele>1548.589999999999918</ele>
        <time>2018-11-24T15:29:58Z</time>
      </trkpt>
      <trkpt lat="4.530827617272735" lon="-75.642362628132105">
        <ele>1547.960000000000036</ele>
        <time>2018-11-24T15:30:15Z</time>
      </trkpt>
      <trkpt lat="4.530742289498448" lon="-75.642372770234942">
        <ele>1547.690000000000055</ele>
        <time>2018-11-24T15:30:31Z</time>
      </trkpt>
      <trkpt lat="4.530570711940527" lon="-75.642495565116405">
        <ele>1546.230000000000018</ele>
        <time>2018-11-24T15:30:54Z</time>
      </trkpt>
      <trkpt lat="4.530555959790945" lon="-75.642505371943116">
        <ele>1546.160000000000082</ele>
        <time>2018-11-24T15:30:56Z</time>
      </trkpt>
      <trkpt lat="4.530471386387944" lon="-75.642506293952465">
        <ele>1546.160000000000082</ele>
        <time>2018-11-24T15:31:07Z</time>
      </trkpt>
      <trkpt lat="4.530389243736863" lon="-75.642490535974503">
        <ele>1546.170000000000073</ele>
        <time>2018-11-24T15:31:21Z</time>
      </trkpt>
      <trkpt lat="4.530321098864079" lon="-75.642382157966495">
        <ele>1545.799999999999955</ele>
        <time>2018-11-24T15:31:41Z</time>
      </trkpt>
      <trkpt lat="4.530310453847051" lon="-75.642367405816913">
        <ele>1546.279999999999973</ele>
        <time>2018-11-24T15:31:43Z</time>
      </trkpt>
      <trkpt lat="4.530190424993634" lon="-75.642285766080022">
        <ele>1545.519999999999982</ele>
        <time>2018-11-24T15:31:57Z</time>
      </trkpt>
      <trkpt lat="4.530189000070095" lon="-75.642213178798556">
        <ele>1546.559999999999945</ele>
        <time>2018-11-24T15:32:17Z</time>
      </trkpt>
      <trkpt lat="4.53019461594522" lon="-75.64218551851809">
        <ele>1546.440000000000055</ele>
        <time>2018-11-24T15:32:23Z</time>
      </trkpt>
      <trkpt lat="4.53022051602602" lon="-75.642082756385207">
        <ele>1547.029999999999973</ele>
        <time>2018-11-24T15:32:40Z</time>
      </trkpt>
      <trkpt lat="4.530205260962248" lon="-75.642003966495395">
        <ele>1547.079999999999927</ele>
        <time>2018-11-24T15:32:56Z</time>
      </trkpt>
      <trkpt lat="4.530082130804658" lon="-75.641970355063677">
        <ele>1547.029999999999973</ele>
        <time>2018-11-24T15:33:16Z</time>
      </trkpt>
      <trkpt lat="4.529999317601323" lon="-75.64187915995717">
        <ele>1548.5</ele>
        <time>2018-11-24T15:33:36Z</time>
      </trkpt>
      <trkpt lat="4.529886329546571" lon="-75.641764160245657">
        <ele>1549.25</ele>
        <time>2018-11-24T15:33:56Z</time>
      </trkpt>
      <trkpt lat="4.529844671487808" lon="-75.6416255235672">
        <ele>1550.589999999999918</ele>
        <time>2018-11-24T15:34:24Z</time>
      </trkpt>
      <trkpt lat="4.529749872162938" lon="-75.641528125852346">
        <ele>1550.1400000000001</ele>
        <time>2018-11-24T15:34:38Z</time>
      </trkpt>
      <trkpt lat="4.529773006215692" lon="-75.641511864960194">
        <ele>1550.470000000000027</ele>
        <time>2018-11-24T15:34:45Z</time>
      </trkpt>
      <trkpt lat="4.529727911576629" lon="-75.641485713422298">
        <ele>1552.710000000000036</ele>
        <time>2018-11-24T15:45:29Z</time>
      </trkpt>
      <trkpt lat="4.529716763645411" lon="-75.641474900767207">
        <ele>1552.599999999999909</ele>
        <time>2018-11-24T15:45:31Z</time>
      </trkpt>
      <trkpt lat="4.529731767252088" lon="-75.641277171671391">
        <ele>1552.529999999999973</ele>
        <time>2018-11-24T15:45:47Z</time>
      </trkpt>
      <trkpt lat="4.529669741168618" lon="-75.641285805031657">
        <ele>1552.930000000000064</ele>
        <time>2018-11-24T15:48:20Z</time>
      </trkpt>
      <trkpt lat="4.529660688713193" lon="-75.641267029568553">
        <ele>1552.960000000000036</ele>
        <time>2018-11-24T15:48:23Z</time>
      </trkpt>
      <trkpt lat="4.529633866623044" lon="-75.641191089525819">
        <ele>1552.6400000000001</ele>
        <time>2018-11-24T15:48:29Z</time>
      </trkpt>
      <trkpt lat="4.529596399515867" lon="-75.641029654070735">
        <ele>1553.960000000000036</ele>
        <time>2018-11-24T15:48:54Z</time>
      </trkpt>
      <trkpt lat="4.529582485556602" lon="-75.640989672392607">
        <ele>1552.759999999999991</ele>
        <time>2018-11-24T15:48:57Z</time>
      </trkpt>
      <trkpt lat="4.529580222442746" lon="-75.640749866142869">
        <ele>1552.619999999999891</ele>
        <time>2018-11-24T15:49:18Z</time>
      </trkpt>
      <trkpt lat="4.52957259491086" lon="-75.640743663534522">
        <ele>1553.25</ele>
        <time>2018-11-24T15:49:19Z</time>
      </trkpt>
      <trkpt lat="4.52950126491487" lon="-75.640463540330529">
        <ele>1553.009999999999991</ele>
        <time>2018-11-24T15:49:44Z</time>
      </trkpt>
      <trkpt lat="4.529450638219714" lon="-75.640355497598648">
        <ele>1554.019999999999982</ele>
        <time>2018-11-24T15:49:58Z</time>
      </trkpt>
      <trkpt lat="4.52930579893291" lon="-75.640056347474456">
        <ele>1554.130000000000109</ele>
        <time>2018-11-24T15:50:37Z</time>
      </trkpt>
      <trkpt lat="4.529336895793676" lon="-75.639957943931222">
        <ele>1554.400000000000091</ele>
        <time>2018-11-24T15:50:51Z</time>
      </trkpt>
      <trkpt lat="4.529347373172641" lon="-75.63992558978498">
        <ele>1554.029999999999973</ele>
        <time>2018-11-24T15:50:54Z</time>
      </trkpt>
      <trkpt lat="4.529363885521889" lon="-75.639860378578305">
        <ele>1553.779999999999973</ele>
        <time>2018-11-24T15:51:01Z</time>
      </trkpt>
      <trkpt lat="4.5294807292521" lon="-75.63982349820435">
        <ele>1553.990000000000009</ele>
        <time>2018-11-24T15:51:14Z</time>
      </trkpt>
      <trkpt lat="4.529731431975961" lon="-75.639808662235737">
        <ele>1554.029999999999973</ele>
        <time>2018-11-24T15:51:38Z</time>
      </trkpt>
      <trkpt lat="4.529870571568608" lon="-75.63975459896028">
        <ele>1553.619999999999891</ele>
        <time>2018-11-24T15:51:54Z</time>
      </trkpt>
      <trkpt lat="4.529901584610343" lon="-75.639769183471799">
        <ele>1554.119999999999891</ele>
        <time>2018-11-24T15:52:02Z</time>
      </trkpt>
      <trkpt lat="4.530055392533541" lon="-75.640120636671782">
        <ele>1554.910000000000082</ele>
        <time>2018-11-24T15:53:25Z</time>
      </trkpt>
      <trkpt lat="4.530092692002654" lon="-75.640125498175621">
        <ele>1554.6400000000001</ele>
        <time>2018-11-24T15:54:05Z</time>
      </trkpt>
      <trkpt lat="4.530110545456409" lon="-75.640110829845071">
        <ele>1554.829999999999927</ele>
        <time>2018-11-24T15:54:26Z</time>
      </trkpt>
      <trkpt lat="4.530143821612" lon="-75.640126336365938">
        <ele>1554.980000000000018</ele>
        <time>2018-11-24T15:54:45Z</time>
      </trkpt>
      <trkpt lat="4.530170978978276" lon="-75.640165563672781">
        <ele>1555.029999999999973</ele>
        <time>2018-11-24T15:54:53Z</time>
      </trkpt>
      <trkpt lat="4.530227892100811" lon="-75.640296153724194">
        <ele>1555.269999999999982</ele>
        <time>2018-11-24T15:55:10Z</time>
      </trkpt>
      <trkpt lat="4.530307101085782" lon="-75.640337225049734">
        <ele>1555.3599999999999</ele>
        <time>2018-11-24T15:55:29Z</time>
      </trkpt>
      <trkpt lat="4.530483456328511" lon="-75.640312246978283">
        <ele>1555.539999999999964</ele>
        <time>2018-11-24T15:55:53Z</time>
      </trkpt>
      <trkpt lat="4.530538860708475" lon="-75.640267990529537">
        <ele>1555.240000000000009</ele>
        <time>2018-11-24T15:56:13Z</time>
      </trkpt>
      <trkpt lat="4.530556965619326" lon="-75.64027645625174">
        <ele>1555.660000000000082</ele>
        <time>2018-11-24T15:56:28Z</time>
      </trkpt>
      <trkpt lat="4.53055327758193" lon="-75.640235971659422">
        <ele>1555.799999999999955</ele>
        <time>2018-11-24T15:56:55Z</time>
      </trkpt>
      <trkpt lat="4.530588313937187" lon="-75.640288693830371">
        <ele>1558.589999999999918</ele>
        <time>2018-11-24T16:12:40Z</time>
      </trkpt>
      <trkpt lat="4.530665846541524" lon="-75.640219207853079">
        <ele>1558.480000000000018</ele>
        <time>2018-11-24T16:13:00Z</time>
      </trkpt>
      <trkpt lat="4.530754694715142" lon="-75.640141423791647">
        <ele>1558.210000000000036</ele>
        <time>2018-11-24T16:13:17Z</time>
      </trkpt>
      <trkpt lat="4.530759556218982" lon="-75.640112841501832">
        <ele>1558.130000000000109</ele>
        <time>2018-11-24T16:13:34Z</time>
      </trkpt>
      <trkpt lat="4.530680514872074" lon="-75.639924248680472">
        <ele>1557.769999999999982</ele>
        <time>2018-11-24T16:13:51Z</time>
      </trkpt>
      <trkpt lat="4.530624020844698" lon="-75.63981662504375">
        <ele>1557.720000000000027</ele>
        <time>2018-11-24T16:14:10Z</time>
      </trkpt>
      <trkpt lat="4.530610609799623" lon="-75.639751330018044">
        <ele>1557.920000000000073</ele>
        <time>2018-11-24T16:14:21Z</time>
      </trkpt>
      <trkpt lat="4.530589152127504" lon="-75.639672037214041">
        <ele>1557.349999999999909</ele>
        <time>2018-11-24T16:14:28Z</time>
      </trkpt>
      <trkpt lat="4.530531819909811" lon="-75.639503728598356">
        <ele>1557.420000000000073</ele>
        <time>2018-11-24T16:14:50Z</time>
      </trkpt>
      <trkpt lat="4.530452443286777" lon="-75.639430470764637">
        <ele>1557.230000000000018</ele>
        <time>2018-11-24T16:15:04Z</time>
      </trkpt>
      <trkpt lat="4.530410701408982" lon="-75.639368109405041">
        <ele>1556.980000000000018</ele>
        <time>2018-11-24T16:15:20Z</time>
      </trkpt>
      <trkpt lat="4.530365522950888" lon="-75.639173397794366">
        <ele>1556.980000000000018</ele>
        <time>2018-11-24T16:15:38Z</time>
      </trkpt>
      <trkpt lat="4.530351776629686" lon="-75.638899728655815">
        <ele>1556.3599999999999</ele>
        <time>2018-11-24T16:16:02Z</time>
      </trkpt>
      <trkpt lat="4.530326798558235" lon="-75.638771317899227">
        <ele>1556.200000000000045</ele>
        <time>2018-11-24T16:16:18Z</time>
      </trkpt>
      <trkpt lat="4.530281955376267" lon="-75.638641733676195">
        <ele>1555.369999999999891</ele>
        <time>2018-11-24T16:16:34Z</time>
      </trkpt>
      <trkpt lat="4.53024985268712" lon="-75.638573253527284">
        <ele>1554.519999999999982</ele>
        <time>2018-11-24T16:16:45Z</time>
      </trkpt>
      <trkpt lat="4.530162932351232" lon="-75.638416931033134">
        <ele>1552.980000000000018</ele>
        <time>2018-11-24T16:17:08Z</time>
      </trkpt>
      <trkpt lat="4.530079532414675" lon="-75.638314168900251">
        <ele>1549.920000000000073</ele>
        <time>2018-11-24T16:17:29Z</time>
      </trkpt>
      <trkpt lat="4.530022284016013" lon="-75.638165473937988">
        <ele>1546.619999999999891</ele>
        <time>2018-11-24T16:17:53Z</time>
      </trkpt>
      <trkpt lat="4.52996889129281" lon="-75.63800579868257">
        <ele>1543.569999999999936</ele>
        <time>2018-11-24T16:18:14Z</time>
      </trkpt>
      <trkpt lat="4.529880965128541" lon="-75.637855175882578">
        <ele>1541.289999999999964</ele>
        <time>2018-11-24T16:18:36Z</time>
      </trkpt>
      <trkpt lat="4.52983008697629" lon="-75.637723915278912">
        <ele>1540.430000000000064</ele>
        <time>2018-11-24T16:18:56Z</time>
      </trkpt>
      <trkpt lat="4.529733611270785" lon="-75.637637749314308">
        <ele>1540.519999999999982</ele>
        <time>2018-11-24T16:19:18Z</time>
      </trkpt>
      <trkpt lat="4.529520962387323" lon="-75.637550242245197">
        <ele>1541.049999999999955</ele>
        <time>2018-11-24T16:19:45Z</time>
      </trkpt>
      <trkpt lat="4.529314264655113" lon="-75.637467261403799">
        <ele>1542.319999999999936</ele>
        <time>2018-11-24T16:20:12Z</time>
      </trkpt>
      <trkpt lat="4.529168838635087" lon="-75.637398948892951">
        <ele>1542.900000000000091</ele>
        <time>2018-11-24T16:20:32Z</time>
      </trkpt>
      <trkpt lat="4.529157439246774" lon="-75.637338263913989">
        <ele>1542.509999999999991</ele>
        <time>2018-11-24T16:20:49Z</time>
      </trkpt>
      <trkpt lat="4.529160624369979" lon="-75.637283781543374">
        <ele>1542.839999999999918</ele>
        <time>2018-11-24T16:21:06Z</time>
      </trkpt>
      <trkpt lat="4.529103711247444" lon="-75.637176996096969">
        <ele>1542.920000000000073</ele>
        <time>2018-11-24T16:21:24Z</time>
      </trkpt>
      <trkpt lat="4.529029112309217" lon="-75.637054871767759">
        <ele>1542.660000000000082</ele>
        <time>2018-11-24T16:21:39Z</time>
      </trkpt>
      <trkpt lat="4.529016623273492" lon="-75.637036850675941">
        <ele>1542.650000000000091</ele>
        <time>2018-11-24T16:21:41Z</time>
      </trkpt>
      <trkpt lat="4.529009079560637" lon="-75.637007094919682">
        <ele>1542.710000000000036</ele>
        <time>2018-11-24T16:21:44Z</time>
      </trkpt>
      <trkpt lat="4.529012851417065" lon="-75.636841300874949">
        <ele>1542.680000000000064</ele>
        <time>2018-11-24T16:22:01Z</time>
      </trkpt>
      <trkpt lat="4.528892068192363" lon="-75.636667208746076">
        <ele>1542.759999999999991</ele>
        <time>2018-11-24T16:22:24Z</time>
      </trkpt>
      <trkpt lat="4.52868914231658" lon="-75.636645164340734">
        <ele>1541.650000000000091</ele>
        <time>2018-11-24T16:22:43Z</time>
      </trkpt>
      <trkpt lat="4.52854597941041" lon="-75.636690678074956">
        <ele>1540.170000000000073</ele>
        <time>2018-11-24T16:23:02Z</time>
      </trkpt>
      <trkpt lat="4.528445228934288" lon="-75.636659162119031">
        <ele>1539.3599999999999</ele>
        <time>2018-11-24T16:23:21Z</time>
      </trkpt>
      <trkpt lat="4.528186395764351" lon="-75.636625215411186">
        <ele>1538.079999999999927</ele>
        <time>2018-11-24T16:23:41Z</time>
      </trkpt>
      <trkpt lat="4.528053794056177" lon="-75.636673914268613">
        <ele>1537.009999999999991</ele>
        <time>2018-11-24T16:23:59Z</time>
      </trkpt>
      <trkpt lat="4.527862016111612" lon="-75.636715991422534">
        <ele>1534.819999999999936</ele>
        <time>2018-11-24T16:24:24Z</time>
      </trkpt>
      <trkpt lat="4.527659760788083" lon="-75.636736946180463">
        <ele>1533.029999999999973</ele>
        <time>2018-11-24T16:24:48Z</time>
      </trkpt>
      <trkpt lat="4.527505617588758" lon="-75.636787069961429">
        <ele>1532.170000000000073</ele>
        <time>2018-11-24T16:25:08Z</time>
      </trkpt>
      <trkpt lat="4.527503941208124" lon="-75.636776760220528">
        <ele>1531.880000000000109</ele>
        <time>2018-11-24T16:25:17Z</time>
      </trkpt>
      <trkpt lat="4.527472341433167" lon="-75.636746333912015">
        <ele>1532.009999999999991</ele>
        <time>2018-11-24T16:25:36Z</time>
      </trkpt>
      <trkpt lat="4.52746563591063" lon="-75.636710375547409">
        <ele>1532.170000000000073</ele>
        <time>2018-11-24T16:25:39Z</time>
      </trkpt>
      <trkpt lat="4.527456751093268" lon="-75.636664191260934">
        <ele>1532.059999999999945</ele>
        <time>2018-11-24T16:25:54Z</time>
      </trkpt>
      <trkpt lat="4.527487009763718" lon="-75.636610044166446">
        <ele>1532.309999999999945</ele>
        <time>2018-11-24T16:26:13Z</time>
      </trkpt>
      <trkpt lat="4.527531266212463" lon="-75.636585485190153">
        <ele>1532.589999999999918</ele>
        <time>2018-11-24T16:26:30Z</time>
      </trkpt>
      <trkpt lat="4.527659760788083" lon="-75.636454727500677">
        <ele>1533.980000000000018</ele>
        <time>2018-11-24T16:26:57Z</time>
      </trkpt>
      <trkpt lat="4.527749782428145" lon="-75.636339141055942">
        <ele>1534.789999999999964</ele>
        <time>2018-11-24T16:27:15Z</time>
      </trkpt>
      <trkpt lat="4.52782086096704" lon="-75.636189021170139">
        <ele>1535.549999999999955</ele>
        <time>2018-11-24T16:27:33Z</time>
      </trkpt>
      <trkpt lat="4.527755817398429" lon="-75.636083576828241">
        <ele>1536.180000000000064</ele>
        <time>2018-11-24T16:27:46Z</time>
      </trkpt>
      <trkpt lat="4.527675015851855" lon="-75.636076033115387">
        <ele>1533.089999999999918</ele>
        <time>2018-11-24T16:27:56Z</time>
      </trkpt>
      <trkpt lat="4.527558339759707" lon="-75.636080056428909">
        <ele>1531.1400000000001</ele>
        <time>2018-11-24T16:28:17Z</time>
      </trkpt>
      <trkpt lat="4.527363125234842" lon="-75.636113081127405">
        <ele>1529.769999999999982</ele>
        <time>2018-11-24T16:28:37Z</time>
      </trkpt>
      <trkpt lat="4.527347534894943" lon="-75.636120121926069">
        <ele>1529.650000000000091</ele>
        <time>2018-11-24T16:28:39Z</time>
      </trkpt>
      <trkpt lat="4.527191966772079" lon="-75.636174101382494">
        <ele>1529.349999999999909</ele>
        <time>2018-11-24T16:28:56Z</time>
      </trkpt>
      <trkpt lat="4.527024580165744" lon="-75.636222716420889">
        <ele>1529.099999999999909</ele>
        <time>2018-11-24T16:29:16Z</time>
      </trkpt>
      <trkpt lat="4.52680547721684" lon="-75.636262530460954">
        <ele>1528.880000000000109</ele>
        <time>2018-11-24T16:29:36Z</time>
      </trkpt>
      <trkpt lat="4.526676144450903" lon="-75.636338302865624">
        <ele>1528.440000000000055</ele>
        <time>2018-11-24T16:29:58Z</time>
      </trkpt>
      <trkpt lat="4.52652501873672" lon="-75.63646025955677">
        <ele>1528.150000000000091</ele>
        <time>2018-11-24T16:30:21Z</time>
      </trkpt>
      <trkpt lat="4.526343131437898" lon="-75.636506779119372">
        <ele>1527.119999999999891</ele>
        <time>2018-11-24T16:30:41Z</time>
      </trkpt>
      <trkpt lat="4.526078850030899" lon="-75.63656629063189">
        <ele>1526.460000000000036</ele>
        <time>2018-11-24T16:31:03Z</time>
      </trkpt>
      <trkpt lat="4.525864440947771" lon="-75.636615911498666">
        <ele>1526.509999999999991</ele>
        <time>2018-11-24T16:31:26Z</time>
      </trkpt>
      <trkpt lat="4.525731420144439" lon="-75.636685229837894">
        <ele>1526.490000000000009</ele>
        <time>2018-11-24T16:31:46Z</time>
      </trkpt>
      <trkpt lat="4.525561183691025" lon="-75.636714650318027">
        <ele>1526.059999999999945</ele>
        <time>2018-11-24T16:32:08Z</time>
      </trkpt>
      <trkpt lat="4.525392958894372" lon="-75.636751195415854">
        <ele>1525.869999999999891</ele>
        <time>2018-11-24T16:32:24Z</time>
      </trkpt>
      <trkpt lat="4.525213502347469" lon="-75.63680911436677">
        <ele>1525.6099999999999</ele>
        <time>2018-11-24T16:32:43Z</time>
      </trkpt>
      <trkpt lat="4.525064472109079" lon="-75.63680668361485">
        <ele>1525.410000000000082</ele>
        <time>2018-11-24T16:32:59Z</time>
      </trkpt>
      <trkpt lat="4.524869257584214" lon="-75.636805845424533">
        <ele>1525.079999999999927</ele>
        <time>2018-11-24T16:33:19Z</time>
      </trkpt>
      <trkpt lat="4.524676306173205" lon="-75.636869966983795">
        <ele>1525.319999999999936</ele>
        <time>2018-11-24T16:33:41Z</time>
      </trkpt>
      <trkpt lat="4.524669600650668" lon="-75.636876756325364">
        <ele>1525.180000000000064</ele>
        <time>2018-11-24T16:33:42Z</time>
      </trkpt>
      <trkpt lat="4.524558624252677" lon="-75.636973902583122">
        <ele>1525.480000000000018</ele>
        <time>2018-11-24T16:33:58Z</time>
      </trkpt>
      <trkpt lat="4.524550996720791" lon="-75.636977506801486">
        <ele>1525.450000000000045</ele>
        <time>2018-11-24T16:33:59Z</time>
      </trkpt>
      <trkpt lat="4.524499196559191" lon="-75.637001311406493">
        <ele>1525.420000000000073</ele>
        <time>2018-11-24T16:34:05Z</time>
      </trkpt>
      <trkpt lat="4.524456532672048" lon="-75.637019164860249">
        <ele>1525.200000000000045</ele>
        <time>2018-11-24T16:34:10Z</time>
      </trkpt>
      <trkpt lat="4.524329463019967" lon="-75.637026121839881">
        <ele>1524.779999999999973</ele>
        <time>2018-11-24T16:34:23Z</time>
      </trkpt>
      <trkpt lat="4.524202896282077" lon="-75.637059397995472">
        <ele>1525.630000000000109</ele>
        <time>2018-11-24T16:34:39Z</time>
      </trkpt>
      <trkpt lat="4.524097451940179" lon="-75.637051183730364">
        <ele>1525.569999999999936</ele>
        <time>2018-11-24T16:34:55Z</time>
      </trkpt>
      <trkpt lat="4.524007346481085" lon="-75.637024361640215">
        <ele>1525.420000000000073</ele>
        <time>2018-11-24T16:35:11Z</time>
      </trkpt>
      <trkpt lat="4.524006843566895" lon="-75.637025702744722">
        <ele>1525.6099999999999</ele>
        <time>2018-11-24T16:35:37Z</time>
      </trkpt>
      <trkpt lat="4.523966861888766" lon="-75.637002987787127">
        <ele>1525.509999999999991</ele>
        <time>2018-11-24T16:36:00Z</time>
      </trkpt>
      <trkpt lat="4.523952696472406" lon="-75.636973148211837">
        <ele>1525.579999999999927</ele>
        <time>2018-11-24T16:36:24Z</time>
      </trkpt>
      <trkpt lat="4.523946661502123" lon="-75.636974070221186">
        <ele>1525.599999999999909</ele>
        <time>2018-11-24T16:36:42Z</time>
      </trkpt>
      <trkpt lat="4.523878935724497" lon="-75.636939452961087">
        <ele>1525.450000000000045</ele>
        <time>2018-11-24T16:36:58Z</time>
      </trkpt>
      <trkpt lat="4.523847168311477" lon="-75.636839540675282">
        <ele>1525.509999999999991</ele>
        <time>2018-11-24T16:37:15Z</time>
      </trkpt>
      <trkpt lat="4.523894442245364" lon="-75.636691097170115">
        <ele>1525.690000000000055</ele>
        <time>2018-11-24T16:37:36Z</time>
      </trkpt>
      <trkpt lat="4.523925120010972" lon="-75.636573415249586">
        <ele>1525.549999999999955</ele>
        <time>2018-11-24T16:37:51Z</time>
      </trkpt>
      <trkpt lat="4.523970717564225" lon="-75.636432431638241">
        <ele>1525.740000000000009</ele>
        <time>2018-11-24T16:38:09Z</time>
      </trkpt>
      <trkpt lat="4.524042047560215" lon="-75.636361604556441">
        <ele>1526.049999999999955</ele>
        <time>2018-11-24T16:38:20Z</time>
      </trkpt>
      <trkpt lat="4.524137936532497" lon="-75.636236211284995">
        <ele>1526.549999999999955</ele>
        <time>2018-11-24T16:38:37Z</time>
      </trkpt>
      <trkpt lat="4.524192586541176" lon="-75.636182148009539">
        <ele>1526.720000000000027</ele>
        <time>2018-11-24T16:38:47Z</time>
      </trkpt>
      <trkpt lat="4.524208512157202" lon="-75.636143004521728">
        <ele>1526.6099999999999</ele>
        <time>2018-11-24T16:38:51Z</time>
      </trkpt>
      <trkpt lat="4.524315129965544" lon="-75.635972516611218">
        <ele>1527.160000000000082</ele>
        <time>2018-11-24T16:39:12Z</time>
      </trkpt>
      <trkpt lat="4.524316051974893" lon="-75.63593010418117">
        <ele>1527.460000000000036</ele>
        <time>2018-11-24T16:39:17Z</time>
      </trkpt>
      <trkpt lat="4.524285960942507" lon="-75.635832119733095">
        <ele>1527.940000000000055</ele>
        <time>2018-11-24T16:39:27Z</time>
      </trkpt>
      <trkpt lat="4.524244721978903" lon="-75.635660625994205">
        <ele>1529.710000000000036</ele>
        <time>2018-11-24T16:39:47Z</time>
      </trkpt>
      <trkpt lat="4.524222509935498" lon="-75.635499441996217">
        <ele>1530.920000000000073</ele>
        <time>2018-11-24T16:40:07Z</time>
      </trkpt>
      <trkpt lat="4.52421136200428" lon="-75.635353848338127">
        <ele>1531.970000000000027</ele>
        <time>2018-11-24T16:40:25Z</time>
      </trkpt>
      <trkpt lat="4.524204405024648" lon="-75.635177493095398">
        <ele>1534.130000000000109</ele>
        <time>2018-11-24T16:40:46Z</time>
      </trkpt>
      <trkpt lat="4.524262994527817" lon="-75.635026870295405">
        <ele>1535.730000000000018</ele>
        <time>2018-11-24T16:41:05Z</time>
      </trkpt>
      <trkpt lat="4.524366930127144" lon="-75.63489711843431">
        <ele>1536.710000000000036</ele>
        <time>2018-11-24T16:41:25Z</time>
      </trkpt>
      <trkpt lat="4.524450916796923" lon="-75.634731408208609">
        <ele>1537.960000000000036</ele>
        <time>2018-11-24T16:41:47Z</time>
      </trkpt>
      <trkpt lat="4.524508249014616" lon="-75.634625293314457">
        <ele>1539.089999999999918</ele>
        <time>2018-11-24T16:42:04Z</time>
      </trkpt>
      <trkpt lat="4.524613777175546" lon="-75.634510293602943">
        <ele>1540.230000000000018</ele>
        <time>2018-11-24T16:42:24Z</time>
      </trkpt>
      <trkpt lat="4.524713521823287" lon="-75.634429324418306">
        <ele>1541.119999999999891</ele>
        <time>2018-11-24T16:42:43Z</time>
      </trkpt>
      <trkpt lat="4.52481972053647" lon="-75.634388756006956">
        <ele>1541.569999999999936</ele>
        <time>2018-11-24T16:42:58Z</time>
      </trkpt>
      <trkpt lat="4.524969840422273" lon="-75.634339051321149">
        <ele>1542.069999999999936</ele>
        <time>2018-11-24T16:43:15Z</time>
      </trkpt>
      <trkpt lat="4.52513144351542" lon="-75.634249029681087">
        <ele>1542.049999999999955</ele>
        <time>2018-11-24T16:43:35Z</time>
      </trkpt>
      <trkpt lat="4.525244096294045" lon="-75.634121121838689">
        <ele>1541.819999999999936</ele>
        <time>2018-11-24T16:43:57Z</time>
      </trkpt>
      <trkpt lat="4.525256836786866" lon="-75.634056413546205">
        <ele>1541.559999999999945</ele>
        <time>2018-11-24T16:44:05Z</time>
      </trkpt>
      <trkpt lat="4.52521450817585" lon="-75.633926494047046">
        <ele>1541.460000000000036</ele>
        <time>2018-11-24T16:44:23Z</time>
      </trkpt>
      <trkpt lat="4.525160025805235" lon="-75.633767489343882">
        <ele>1541.329999999999927</ele>
        <time>2018-11-24T16:44:41Z</time>
      </trkpt>
      <trkpt lat="4.525142507627606" lon="-75.633728848770261">
        <ele>1541.339999999999918</ele>
        <time>2018-11-24T16:44:45Z</time>
      </trkpt>
      <trkpt lat="4.525061370804906" lon="-75.633549392223358">
        <ele>1540.670000000000073</ele>
        <time>2018-11-24T16:45:04Z</time>
      </trkpt>
      <trkpt lat="4.525026334449649" lon="-75.633363900706172">
        <ele>1539.8900000000001</ele>
        <time>2018-11-24T16:45:24Z</time>
      </trkpt>
      <trkpt lat="4.525033626705408" lon="-75.633346298709512">
        <ele>1539.809999999999945</ele>
        <time>2018-11-24T16:45:26Z</time>
      </trkpt>
      <trkpt lat="4.525122893974185" lon="-75.633183270692825">
        <ele>1538.940000000000055</ele>
        <time>2018-11-24T16:45:46Z</time>
      </trkpt>
      <trkpt lat="4.525213502347469" lon="-75.633046058937907">
        <ele>1538.6400000000001</ele>
        <time>2018-11-24T16:46:06Z</time>
      </trkpt>
      <trkpt lat="4.525228338316083" lon="-75.632931813597679">
        <ele>1538.279999999999973</ele>
        <time>2018-11-24T16:46:21Z</time>
      </trkpt>
      <trkpt lat="4.525208054110408" lon="-75.632857130840421">
        <ele>1538.430000000000064</ele>
        <time>2018-11-24T16:46:36Z</time>
      </trkpt>
      <trkpt lat="4.525140412151814" lon="-75.632769456133246">
        <ele>1538.410000000000082</ele>
        <time>2018-11-24T16:46:53Z</time>
      </trkpt>
      <trkpt lat="4.525112081319094" lon="-75.632714387029409">
        <ele>1538.240000000000009</ele>
        <time>2018-11-24T16:47:15Z</time>
      </trkpt>
      <trkpt lat="4.525100430473685" lon="-75.632696449756622">
        <ele>1538.170000000000073</ele>
        <time>2018-11-24T16:47:35Z</time>
      </trkpt>
      <trkpt lat="4.525114679709077" lon="-75.632708016782999">
        <ele>1538.299999999999955</ele>
        <time>2018-11-24T16:47:51Z</time>
      </trkpt>
      <trkpt lat="4.525095066055655" lon="-75.632698209956288">
        <ele>1538.3599999999999</ele>
        <time>2018-11-24T16:48:15Z</time>
      </trkpt>
      <trkpt lat="4.52509917318821" lon="-75.632684379816055">
        <ele>1538.339999999999918</ele>
        <time>2018-11-24T16:48:43Z</time>
      </trkpt>
      <trkpt lat="4.525070423260331" lon="-75.632648756727576">
        <ele>1538.430000000000064</ele>
        <time>2018-11-24T16:49:14Z</time>
      </trkpt>
      <trkpt lat="4.525040918961167" lon="-75.632584718987346">
        <ele>1538.630000000000109</ele>
        <time>2018-11-24T16:49:28Z</time>
      </trkpt>
      <trkpt lat="4.525027507916093" lon="-75.632533757016063">
        <ele>1538.6099999999999</ele>
        <time>2018-11-24T16:49:45Z</time>
      </trkpt>
      <trkpt lat="4.525013091042638" lon="-75.632527973502874">
        <ele>1538.490000000000009</ele>
        <time>2018-11-24T16:50:00Z</time>
      </trkpt>
      <trkpt lat="4.525013593956828" lon="-75.632474580779672">
        <ele>1538.660000000000082</ele>
        <time>2018-11-24T16:50:21Z</time>
      </trkpt>
      <trkpt lat="4.525017533451319" lon="-75.632254723459482">
        <ele>1537.279999999999973</ele>
        <time>2018-11-24T16:50:44Z</time>
      </trkpt>
      <trkpt lat="4.525003703311086" lon="-75.63212413340807">
        <ele>1537.059999999999945</ele>
        <time>2018-11-24T16:50:59Z</time>
      </trkpt>
      <trkpt lat="4.524968331679702" lon="-75.631931768730283">
        <ele>1536.740000000000009</ele>
        <time>2018-11-24T16:51:18Z</time>
      </trkpt>
      <trkpt lat="4.52491401694715" lon="-75.631740996614099">
        <ele>1535.730000000000018</ele>
        <time>2018-11-24T16:51:38Z</time>
      </trkpt>
      <trkpt lat="4.524860540404916" lon="-75.631587021052837">
        <ele>1535.240000000000009</ele>
        <time>2018-11-24T16:51:55Z</time>
      </trkpt>
      <trkpt lat="4.524781918153167" lon="-75.631442768499255">
        <ele>1534.3900000000001</ele>
        <time>2018-11-24T16:52:14Z</time>
      </trkpt>
      <trkpt lat="4.524729028344154" lon="-75.631298264488578">
        <ele>1533.549999999999955</ele>
        <time>2018-11-24T16:52:31Z</time>
      </trkpt>
      <trkpt lat="4.524728106334805" lon="-75.631249230355024">
        <ele>1533.25</ele>
        <time>2018-11-24T16:52:36Z</time>
      </trkpt>
      <trkpt lat="4.524774039164186" lon="-75.631088716909289">
        <ele>1532.670000000000073</ele>
        <time>2018-11-24T16:52:55Z</time>
      </trkpt>
      <trkpt lat="4.524831203743815" lon="-75.630945889279246">
        <ele>1532.299999999999955</ele>
        <time>2018-11-24T16:53:12Z</time>
      </trkpt>
      <trkpt lat="4.524885853752494" lon="-75.630793841555715">
        <ele>1531.75</ele>
        <time>2018-11-24T16:53:30Z</time>
      </trkpt>
      <trkpt lat="4.524861378595233" lon="-75.630684038624167">
        <ele>1531.779999999999973</ele>
        <time>2018-11-24T16:53:45Z</time>
      </trkpt>
      <trkpt lat="4.524787701666355" lon="-75.630696276202798">
        <ele>1532.049999999999955</ele>
        <time>2018-11-24T16:53:56Z</time>
      </trkpt>
      <trkpt lat="4.524668259546161" lon="-75.630774479359388">
        <ele>1532.430000000000064</ele>
        <time>2018-11-24T16:54:13Z</time>
      </trkpt>
      <trkpt lat="4.524552840739489" lon="-75.630773138254881">
        <ele>1532.529999999999973</ele>
        <time>2018-11-24T16:54:27Z</time>
      </trkpt>
      <trkpt lat="4.524479918181896" lon="-75.630725026130676">
        <ele>1532.259999999999991</ele>
        <time>2018-11-24T16:54:38Z</time>
      </trkpt>
      <trkpt lat="4.524437002837658" lon="-75.63067733310163">
        <ele>1531.75</ele>
        <time>2018-11-24T16:54:44Z</time>
      </trkpt>
      <trkpt lat="4.524339186027646" lon="-75.630514221265912">
        <ele>1530.8599999999999</ele>
        <time>2018-11-24T16:55:03Z</time>
      </trkpt>
      <trkpt lat="4.524246817454696" lon="-75.630372483283281">
        <ele>1530.3599999999999</ele>
        <time>2018-11-24T16:55:20Z</time>
      </trkpt>
      <trkpt lat="4.524191664531827" lon="-75.630243653431535">
        <ele>1530.119999999999891</ele>
        <time>2018-11-24T16:55:35Z</time>
      </trkpt>
      <trkpt lat="4.524149838835001" lon="-75.630086241289973">
        <ele>1530.230000000000018</ele>
        <time>2018-11-24T16:55:53Z</time>
      </trkpt>
      <trkpt lat="4.524094015359879" lon="-75.629959339275956">
        <ele>1530.3599999999999</ele>
        <time>2018-11-24T16:56:10Z</time>
      </trkpt>
      <trkpt lat="4.52398806810379" lon="-75.629786588251591">
        <ele>1530.660000000000082</ele>
        <time>2018-11-24T16:56:32Z</time>
      </trkpt>
      <trkpt lat="4.523899974301457" lon="-75.629667481407523">
        <ele>1530.730000000000018</ele>
        <time>2018-11-24T16:56:48Z</time>
      </trkpt>
      <trkpt lat="4.523859489709139" lon="-75.629521803930402">
        <ele>1530.829999999999927</ele>
        <time>2018-11-24T16:57:05Z</time>
      </trkpt>
      <trkpt lat="4.523842725902796" lon="-75.629325667396188">
        <ele>1531.039999999999964</ele>
        <time>2018-11-24T16:57:27Z</time>
      </trkpt>
      <trkpt lat="4.523854963481426" lon="-75.629165070131421">
        <ele>1531.470000000000027</ele>
        <time>2018-11-24T16:57:46Z</time>
      </trkpt>
      <trkpt lat="4.523857310414314" lon="-75.628987122327089">
        <ele>1531.950000000000045</ele>
        <time>2018-11-24T16:58:05Z</time>
      </trkpt>
      <trkpt lat="4.523866279050708" lon="-75.628825686872005">
        <ele>1532.480000000000018</ele>
        <time>2018-11-24T16:58:24Z</time>
      </trkpt>
      <trkpt lat="4.523864602670074" lon="-75.628687385469675">
        <ele>1533.210000000000036</ele>
        <time>2018-11-24T16:58:41Z</time>
      </trkpt>
      <trkpt lat="4.523835014551878" lon="-75.628508096560836">
        <ele>1534.450000000000045</ele>
        <time>2018-11-24T16:59:01Z</time>
      </trkpt>
      <trkpt lat="4.523828811943531" lon="-75.628373483195901">
        <ele>1535.910000000000082</ele>
        <time>2018-11-24T16:59:17Z</time>
      </trkpt>
      <trkpt lat="4.523793943226337" lon="-75.628222525119781">
        <ele>1537.150000000000091</ele>
        <time>2018-11-24T16:59:35Z</time>
      </trkpt>
      <trkpt lat="4.523739209398627" lon="-75.628123870119452">
        <ele>1538.329999999999927</ele>
        <time>2018-11-24T16:59:50Z</time>
      </trkpt>
      <trkpt lat="4.523646673187613" lon="-75.62801867723465">
        <ele>1539.650000000000091</ele>
        <time>2018-11-24T17:00:09Z</time>
      </trkpt>
      <trkpt lat="4.523579198867083" lon="-75.627841902896762">
        <ele>1540.910000000000082</ele>
        <time>2018-11-24T17:00:31Z</time>
      </trkpt>
      <trkpt lat="4.523509796708822" lon="-75.627670744433999">
        <ele>1542.160000000000082</ele>
        <time>2018-11-24T17:00:51Z</time>
      </trkpt>
      <trkpt lat="4.523427402600646" lon="-75.627536047250032">
        <ele>1543.210000000000036</ele>
        <time>2018-11-24T17:01:09Z</time>
      </trkpt>
      <trkpt lat="4.523392785340548" lon="-75.627439403906465">
        <ele>1543.849999999999909</ele>
        <time>2018-11-24T17:01:20Z</time>
      </trkpt>
      <trkpt lat="4.523402005434036" lon="-75.62727453187108">
        <ele>1544.710000000000036</ele>
        <time>2018-11-24T17:01:39Z</time>
      </trkpt>
      <trkpt lat="4.523333357647061" lon="-75.627118544653058">
        <ele>1545.839999999999918</ele>
        <time>2018-11-24T17:02:02Z</time>
      </trkpt>
      <trkpt lat="4.523298321291804" lon="-75.627058614045382">
        <ele>1545.369999999999891</ele>
        <time>2018-11-24T17:02:17Z</time>
      </trkpt>
      <trkpt lat="4.52329714782536" lon="-75.627047969028354">
        <ele>1546.470000000000027</ele>
        <time>2018-11-24T17:02:27Z</time>
      </trkpt>
      <trkpt lat="4.523305613547564" lon="-75.626917211338878">
        <ele>1546.440000000000055</ele>
        <time>2018-11-24T17:02:45Z</time>
      </trkpt>
      <trkpt lat="4.523316258564591" lon="-75.626817131415009">
        <ele>1547.049999999999955</ele>
        <time>2018-11-24T17:03:01Z</time>
      </trkpt>
      <trkpt lat="4.523336123675108" lon="-75.626699449494481">
        <ele>1548.369999999999891</ele>
        <time>2018-11-24T17:03:22Z</time>
      </trkpt>
      <trkpt lat="4.523340817540884" lon="-75.626568607985973">
        <ele>1548.529999999999973</ele>
        <time>2018-11-24T17:03:36Z</time>
      </trkpt>
      <trkpt lat="4.523355066776276" lon="-75.626460397616029">
        <ele>1548.779999999999973</ele>
        <time>2018-11-24T17:03:48Z</time>
      </trkpt>
      <trkpt lat="4.523375099524856" lon="-75.626335339620709">
        <ele>1549.400000000000091</ele>
        <time>2018-11-24T17:04:01Z</time>
      </trkpt>
      <trkpt lat="4.523358084261417" lon="-75.626206509768963">
        <ele>1550.150000000000091</ele>
        <time>2018-11-24T17:04:14Z</time>
      </trkpt>
      <trkpt lat="4.523356156423688" lon="-75.62610911205411">
        <ele>1550.579999999999927</ele>
        <time>2018-11-24T17:04:26Z</time>
      </trkpt>
      <trkpt lat="4.523321036249399" lon="-75.625945162028074">
        <ele>1550.410000000000082</ele>
        <time>2018-11-24T17:04:46Z</time>
      </trkpt>
      <trkpt lat="4.523320030421019" lon="-75.625936109572649">
        <ele>1551.049999999999955</ele>
        <time>2018-11-24T17:04:47Z</time>
      </trkpt>
      <trkpt lat="4.523288263007998" lon="-75.625819768756628">
        <ele>1551.339999999999918</ele>
        <time>2018-11-24T17:05:01Z</time>
      </trkpt>
      <trkpt lat="4.523186925798655" lon="-75.625681048259139">
        <ele>1552.279999999999973</ele>
        <time>2018-11-24T17:05:24Z</time>
      </trkpt>
      <trkpt lat="4.523126995190978" lon="-75.625589182600379">
        <ele>1552.6400000000001</ele>
        <time>2018-11-24T17:05:38Z</time>
      </trkpt>
      <trkpt lat="4.523074440658092" lon="-75.625506034120917">
        <ele>1553.920000000000073</ele>
        <time>2018-11-24T17:05:51Z</time>
      </trkpt>
      <trkpt lat="4.523052731528878" lon="-75.625430177897215">
        <ele>1555.329999999999927</ele>
        <time>2018-11-24T17:06:03Z</time>
      </trkpt>
      <trkpt lat="4.52301224693656" lon="-75.625339569523931">
        <ele>1554.210000000000036</ele>
        <time>2018-11-24T17:06:17Z</time>
      </trkpt>
      <trkpt lat="4.522973019629717" lon="-75.625266814604402">
        <ele>1554.6099999999999</ele>
        <time>2018-11-24T17:06:48Z</time>
      </trkpt>
      <trkpt lat="4.522965559735894" lon="-75.625144941732287">
        <ele>1553.339999999999918</ele>
        <time>2018-11-24T17:07:08Z</time>
      </trkpt>
      <trkpt lat="4.522922979667783" lon="-75.624939752742648">
        <ele>1553.660000000000082</ele>
        <time>2018-11-24T17:07:30Z</time>
      </trkpt>
      <trkpt lat="4.522893223911524" lon="-75.624857693910599">
        <ele>1552.730000000000018</ele>
        <time>2018-11-24T17:07:40Z</time>
      </trkpt>
      <trkpt lat="4.52286371961236" lon="-75.624705646187067">
        <ele>1552.460000000000036</ele>
        <time>2018-11-24T17:07:56Z</time>
      </trkpt>
      <trkpt lat="4.522719718515873" lon="-75.62461637891829">
        <ele>1553.099999999999909</ele>
        <time>2018-11-24T17:08:16Z</time>
      </trkpt>
      <trkpt lat="4.522607568651438" lon="-75.624596010893583">
        <ele>1553.420000000000073</ele>
        <time>2018-11-24T17:08:39Z</time>
      </trkpt>
      <trkpt lat="4.522491898387671" lon="-75.624522250145674">
        <ele>1553.559999999999945</ele>
        <time>2018-11-24T17:08:59Z</time>
      </trkpt>
      <trkpt lat="4.52239902690053" lon="-75.624424098059535">
        <ele>1552.910000000000082</ele>
        <time>2018-11-24T17:09:18Z</time>
      </trkpt>
      <trkpt lat="4.522416880354285" lon="-75.624319911003113">
        <ele>1552.579999999999927</ele>
        <time>2018-11-24T17:09:33Z</time>
      </trkpt>
      <trkpt lat="4.52243716455996" lon="-75.62419812195003">
        <ele>1551.690000000000055</ele>
        <time>2018-11-24T17:09:47Z</time>
      </trkpt>
      <trkpt lat="4.522421909496188" lon="-75.624088067561388">
        <ele>1551.059999999999945</ele>
        <time>2018-11-24T17:10:02Z</time>
      </trkpt>
      <trkpt lat="4.522412521764636" lon="-75.623984215781093">
        <ele>1550.900000000000091</ele>
        <time>2018-11-24T17:10:17Z</time>
      </trkpt>
      <trkpt lat="4.52239659614861" lon="-75.623923279345036">
        <ele>1549.769999999999982</ele>
        <time>2018-11-24T17:10:35Z</time>
      </trkpt>
      <trkpt lat="4.522357117384672" lon="-75.623792018741369">
        <ele>1549.259999999999991</ele>
        <time>2018-11-24T17:10:56Z</time>
      </trkpt>
      <trkpt lat="4.522326188161969" lon="-75.623754300177097">
        <ele>1548.490000000000009</ele>
        <time>2018-11-24T17:11:03Z</time>
      </trkpt>
      <trkpt lat="4.522301880642772" lon="-75.623604180291295">
        <ele>1547.039999999999964</ele>
        <time>2018-11-24T17:11:20Z</time>
      </trkpt>
      <trkpt lat="4.522303137928247" lon="-75.623457580804825">
        <ele>1544.8900000000001</ele>
        <time>2018-11-24T17:11:39Z</time>
      </trkpt>
      <trkpt lat="4.522301461547613" lon="-75.623297654092312">
        <ele>1543.940000000000055</ele>
        <time>2018-11-24T17:12:04Z</time>
      </trkpt>
      <trkpt lat="4.522281847894192" lon="-75.623242165893316">
        <ele>1543.529999999999973</ele>
        <time>2018-11-24T17:12:29Z</time>
      </trkpt>
      <trkpt lat="4.522206746041775" lon="-75.623121885582805">
        <ele>1542.349999999999909</ele>
        <time>2018-11-24T17:12:50Z</time>
      </trkpt>
      <trkpt lat="4.522242704406381" lon="-75.623049214482307">
        <ele>1542.460000000000036</ele>
        <time>2018-11-24T17:13:13Z</time>
      </trkpt>
      <trkpt lat="4.522229293361306" lon="-75.6229736097157">
        <ele>1543.289999999999964</ele>
        <time>2018-11-24T17:13:26Z</time>
      </trkpt>
      <trkpt lat="4.522194592282176" lon="-75.622910242527723">
        <ele>1541.869999999999891</ele>
        <time>2018-11-24T17:13:41Z</time>
      </trkpt>
      <trkpt lat="4.522094679996371" lon="-75.622803457081318">
        <ele>1543.990000000000009</ele>
        <time>2018-11-24T17:14:02Z</time>
      </trkpt>
      <trkpt lat="4.522055201232433" lon="-75.622713100165129">
        <ele>1543.5</ele>
        <time>2018-11-24T17:14:20Z</time>
      </trkpt>
      <trkpt lat="4.521970376372337" lon="-75.622593155130744">
        <ele>1542.339999999999918</ele>
        <time>2018-11-24T17:14:43Z</time>
      </trkpt>
      <trkpt lat="4.521881276741624" lon="-75.622550407424569">
        <ele>1543.410000000000082</ele>
        <time>2018-11-24T17:14:57Z</time>
      </trkpt>
      <trkpt lat="4.521871050819755" lon="-75.622518556192517">
        <ele>1543.099999999999909</ele>
        <time>2018-11-24T17:15:13Z</time>
      </trkpt>
      <trkpt lat="4.521838948130608" lon="-75.622458960860968">
        <ele>1543.470000000000027</ele>
        <time>2018-11-24T17:15:27Z</time>
      </trkpt>
      <trkpt lat="4.521803073585033" lon="-75.622363490983844">
        <ele>1543.529999999999973</ele>
        <time>2018-11-24T17:15:43Z</time>
      </trkpt>
      <trkpt lat="4.521766779944301" lon="-75.622272463515401">
        <ele>1544.039999999999964</ele>
        <time>2018-11-24T17:16:00Z</time>
      </trkpt>
      <trkpt lat="4.521661251783371" lon="-75.622183615341783">
        <ele>1544.079999999999927</ele>
        <time>2018-11-24T17:16:17Z</time>
      </trkpt>
      <trkpt lat="4.521581036970019" lon="-75.622101724147797">
        <ele>1544.309999999999945</ele>
        <time>2018-11-24T17:16:28Z</time>
      </trkpt>
      <trkpt lat="4.521545246243477" lon="-75.622095270082355">
        <ele>1543.930000000000064</ele>
        <time>2018-11-24T17:16:38Z</time>
      </trkpt>
      <trkpt lat="4.521539714187384" lon="-75.622082194313407">
        <ele>1545.089999999999918</ele>
        <time>2018-11-24T17:16:54Z</time>
      </trkpt>
      <trkpt lat="4.521544659510255" lon="-75.62211949378252">
        <ele>1544.049999999999955</ele>
        <time>2018-11-24T17:17:17Z</time>
      </trkpt>
      <trkpt lat="4.521511131897569" lon="-75.622080098837614">
        <ele>1544.650000000000091</ele>
        <time>2018-11-24T17:17:37Z</time>
      </trkpt>
      <trkpt lat="4.521481124684215" lon="-75.621996195986867">
        <ele>1544.839999999999918</ele>
        <time>2018-11-24T17:17:52Z</time>
      </trkpt>
      <trkpt lat="4.521445417776704" lon="-75.62188882380724">
        <ele>1545.019999999999982</ele>
        <time>2018-11-24T17:18:02Z</time>
      </trkpt>
      <trkpt lat="4.521410800516605" lon="-75.621794946491718">
        <ele>1545.5</ele>
        <time>2018-11-24T17:18:14Z</time>
      </trkpt>
      <trkpt lat="4.52140811830759" lon="-75.621778769418597">
        <ele>1545.829999999999927</ele>
        <time>2018-11-24T17:18:17Z</time>
      </trkpt>
      <trkpt lat="4.521398982033134" lon="-75.621647173538804">
        <ele>1546.630000000000109</ele>
        <time>2018-11-24T17:18:28Z</time>
      </trkpt>
      <trkpt lat="4.521400658413768" lon="-75.621615909039974">
        <ele>1547.160000000000082</ele>
        <time>2018-11-24T17:18:33Z</time>
      </trkpt>
      <trkpt lat="4.52140711247921" lon="-75.621509542688727">
        <ele>1546.799999999999955</ele>
        <time>2018-11-24T17:18:44Z</time>
      </trkpt>
      <trkpt lat="4.521446926519275" lon="-75.621319357305765">
        <ele>1547.630000000000109</ele>
        <time>2018-11-24T17:19:09Z</time>
      </trkpt>
      <trkpt lat="4.521487830206752" lon="-75.621149959042668">
        <ele>1549.259999999999991</ele>
        <time>2018-11-24T17:19:28Z</time>
      </trkpt>
      <trkpt lat="4.521545749157667" lon="-75.621033115312457">
        <ele>1550.900000000000091</ele>
        <time>2018-11-24T17:19:46Z</time>
      </trkpt>
      <trkpt lat="4.521549018099904" lon="-75.620893388986588">
        <ele>1551.3900000000001</ele>
        <time>2018-11-24T17:20:12Z</time>
      </trkpt>
      <trkpt lat="4.521569218486547" lon="-75.620693732053041">
        <ele>1551.430000000000064</ele>
        <time>2018-11-24T17:20:36Z</time>
      </trkpt>
      <trkpt lat="4.521650103852153" lon="-75.620552329346538">
        <ele>1551.730000000000018</ele>
        <time>2018-11-24T17:20:59Z</time>
      </trkpt>
      <trkpt lat="4.521666616201401" lon="-75.620528692379594">
        <ele>1551.670000000000073</ele>
        <time>2018-11-24T17:21:04Z</time>
      </trkpt>
      <trkpt lat="4.521755296736956" lon="-75.620323922485113">
        <ele>1552.980000000000018</ele>
        <time>2018-11-24T17:21:31Z</time>
      </trkpt>
      <trkpt lat="4.521759487688541" lon="-75.619931733235717">
        <ele>1556.230000000000018</ele>
        <time>2018-11-24T17:22:32Z</time>
      </trkpt>
      <trkpt lat="4.521815814077854" lon="-75.619604252278805">
        <ele>1559.230000000000018</ele>
        <time>2018-11-24T17:23:15Z</time>
      </trkpt>
      <trkpt lat="4.521903153508902" lon="-75.61948137357831">
        <ele>1559.519999999999982</ele>
        <time>2018-11-24T17:23:37Z</time>
      </trkpt>
      <trkpt lat="4.521962748840451" lon="-75.619429741054773">
        <ele>1559.490000000000009</ele>
        <time>2018-11-24T17:23:47Z</time>
      </trkpt>
      <trkpt lat="4.522003820165992" lon="-75.619355477392673">
        <ele>1558.710000000000036</ele>
        <time>2018-11-24T17:24:07Z</time>
      </trkpt>
      <trkpt lat="4.522019745782018" lon="-75.61931574717164">
        <ele>1559.049999999999955</ele>
        <time>2018-11-24T17:24:14Z</time>
      </trkpt>
      <trkpt lat="4.522042796015739" lon="-75.619275262579322">
        <ele>1558.509999999999991</ele>
        <time>2018-11-24T17:24:22Z</time>
      </trkpt>
      <trkpt lat="4.522074311971664" lon="-75.619132770225406">
        <ele>1557.240000000000009</ele>
        <time>2018-11-24T17:24:47Z</time>
      </trkpt>
      <trkpt lat="4.522221833467484" lon="-75.619012573733926">
        <ele>1556.240000000000009</ele>
        <time>2018-11-24T17:25:01Z</time>
      </trkpt>
      <trkpt lat="4.522176571190357" lon="-75.618752986192703">
        <ele>1554.559999999999945</ele>
        <time>2018-11-24T17:25:27Z</time>
      </trkpt>
      <trkpt lat="4.522097194567323" lon="-75.618506474420428">
        <ele>1554.380000000000109</ele>
        <time>2018-11-24T17:25:51Z</time>
      </trkpt>
      <trkpt lat="4.521956378594041" lon="-75.618322156369686">
        <ele>1554.539999999999964</ele>
        <time>2018-11-24T17:26:15Z</time>
      </trkpt>
      <trkpt lat="4.521835092455149" lon="-75.618157703429461">
        <ele>1556.160000000000082</ele>
        <time>2018-11-24T17:26:41Z</time>
      </trkpt>
      <trkpt lat="4.521780023351312" lon="-75.618054606020451">
        <ele>1556.8900000000001</ele>
        <time>2018-11-24T17:26:56Z</time>
      </trkpt>
      <trkpt lat="4.521758984774351" lon="-75.617997692897916">
        <ele>1556.420000000000073</ele>
        <time>2018-11-24T17:27:02Z</time>
      </trkpt>
      <trkpt lat="4.521742220968008" lon="-75.618022503331304">
        <ele>1557.1099999999999</ele>
        <time>2018-11-24T17:27:30Z</time>
      </trkpt>
      <trkpt lat="4.521736269816756" lon="-75.618020994588733">
        <ele>1556.910000000000082</ele>
        <time>2018-11-24T17:28:05Z</time>
      </trkpt>
      <trkpt lat="4.52170324511826" lon="-75.617991909384727">
        <ele>1556.680000000000064</ele>
        <time>2018-11-24T17:28:10Z</time>
      </trkpt>
      <trkpt lat="4.521639542654157" lon="-75.617973636835814">
        <ele>1558.019999999999982</ele>
        <time>2018-11-24T17:28:22Z</time>
      </trkpt>
      <trkpt lat="4.521502917632461" lon="-75.617987550795078">
        <ele>1556.5</ele>
        <time>2018-11-24T17:28:39Z</time>
      </trkpt>
      <trkpt lat="4.521459583193064" lon="-75.618029627948999">
        <ele>1557.299999999999955</ele>
        <time>2018-11-24T17:28:52Z</time>
      </trkpt>
      <trkpt lat="4.52142714522779" lon="-75.618012193590403">
        <ele>1557.680000000000064</ele>
        <time>2018-11-24T17:29:05Z</time>
      </trkpt>
      <trkpt lat="4.521367382258177" lon="-75.617980007082224">
        <ele>1559.430000000000064</ele>
        <time>2018-11-24T17:29:18Z</time>
      </trkpt>
      <trkpt lat="4.521236289292574" lon="-75.617902055382729">
        <ele>1561.720000000000027</ele>
        <time>2018-11-24T17:29:43Z</time>
      </trkpt>
      <trkpt lat="4.521183567121625" lon="-75.617846483364701">
        <ele>1563.099999999999909</ele>
        <time>2018-11-24T17:29:54Z</time>
      </trkpt>
      <trkpt lat="4.521016767248511" lon="-75.617799879983068">
        <ele>1565.819999999999936</ele>
        <time>2018-11-24T17:30:28Z</time>
      </trkpt>
      <trkpt lat="4.521011067554355" lon="-75.617788145318627">
        <ele>1565.559999999999945</ele>
        <time>2018-11-24T17:30:31Z</time>
      </trkpt>
      <trkpt lat="4.520967733114958" lon="-75.617691921070218">
        <ele>1566.339999999999918</ele>
        <time>2018-11-24T17:30:47Z</time>
      </trkpt>
      <trkpt lat="4.520907802507281" lon="-75.617625284940004">
        <ele>1567.559999999999945</ele>
        <time>2018-11-24T17:31:03Z</time>
      </trkpt>
      <trkpt lat="4.520779643207788" lon="-75.617536604404449">
        <ele>1568.569999999999936</ele>
        <time>2018-11-24T17:31:22Z</time>
      </trkpt>
      <trkpt lat="4.520646454766393" lon="-75.617423700168729">
        <ele>1568.720000000000027</ele>
        <time>2018-11-24T17:31:47Z</time>
      </trkpt>
      <trkpt lat="4.520591218024492" lon="-75.617388663813472">
        <ele>1569.029999999999973</ele>
        <time>2018-11-24T17:32:04Z</time>
      </trkpt>
      <trkpt lat="4.520565569400787" lon="-75.61741934157908">
        <ele>1569.349999999999909</ele>
        <time>2018-11-24T17:32:13Z</time>
      </trkpt>
      <trkpt lat="4.520545201376081" lon="-75.617408026009798">
        <ele>1569.319999999999936</ele>
        <time>2018-11-24T17:32:38Z</time>
      </trkpt>
      <trkpt lat="4.520552912726998" lon="-75.617397213354707">
        <ele>1568.910000000000082</ele>
        <time>2018-11-24T17:32:55Z</time>
      </trkpt>
      <trkpt lat="4.520521480590105" lon="-75.617378605529666">
        <ele>1569.759999999999991</ele>
        <time>2018-11-24T17:33:16Z</time>
      </trkpt>
      <trkpt lat="4.520559618249536" lon="-75.617407606914639">
        <ele>1568.650000000000091</ele>
        <time>2018-11-24T17:33:39Z</time>
      </trkpt>
      <trkpt lat="4.520562551915646" lon="-75.617443984374404">
        <ele>1570.470000000000027</ele>
        <time>2018-11-24T17:34:04Z</time>
      </trkpt>
      <trkpt lat="4.520572191104293" lon="-75.617487486451864">
        <ele>1569.150000000000091</ele>
        <time>2018-11-24T17:34:32Z</time>
      </trkpt>
      <trkpt lat="4.52056959271431" lon="-75.617502154782414">
        <ele>1569.240000000000009</ele>
        <time>2018-11-24T17:34:51Z</time>
      </trkpt>
      <trkpt lat="4.520557941868901" lon="-75.617442475631833">
        <ele>1569.380000000000109</ele>
        <time>2018-11-24T17:35:19Z</time>
      </trkpt>
      <trkpt lat="4.520544949918985" lon="-75.617422107607126">
        <ele>1568.329999999999927</ele>
        <time>2018-11-24T17:35:50Z</time>
      </trkpt>
      <trkpt lat="4.520543860271573" lon="-75.617417581379414">
        <ele>1569.279999999999973</ele>
        <time>2018-11-24T17:35:54Z</time>
      </trkpt>
      <trkpt lat="4.520536819472909" lon="-75.617404505610466">
        <ele>1563.8900000000001</ele>
        <time>2018-11-24T17:35:57Z</time>
      </trkpt>
      <trkpt lat="4.520539082586765" lon="-75.617398303002119">
        <ele>1571.1400000000001</ele>
        <time>2018-11-24T17:35:58Z</time>
      </trkpt>
      <trkpt lat="4.520457023754716" lon="-75.617340467870235">
        <ele>1569.680000000000064</ele>
        <time>2018-11-24T17:36:17Z</time>
      </trkpt>
      <trkpt lat="4.520320985466242" lon="-75.617286739870906">
        <ele>1570.230000000000018</ele>
        <time>2018-11-24T17:36:37Z</time>
      </trkpt>
      <trkpt lat="4.52017379924655" lon="-75.617256984114647">
        <ele>1571.839999999999918</ele>
        <time>2018-11-24T17:36:57Z</time>
      </trkpt>
      <trkpt lat="4.520065253600478" lon="-75.617204178124666">
        <ele>1571.8900000000001</ele>
        <time>2018-11-24T17:37:11Z</time>
      </trkpt>
      <trkpt lat="4.519899459555745" lon="-75.617190767079592">
        <ele>1572.869999999999891</ele>
        <time>2018-11-24T17:37:29Z</time>
      </trkpt>
      <trkpt lat="4.519745064899325" lon="-75.617111474275589">
        <ele>1572.519999999999982</ele>
        <time>2018-11-24T17:37:52Z</time>
      </trkpt>
      <trkpt lat="4.519695360213518" lon="-75.616973759606481">
        <ele>1574.730000000000018</ele>
        <time>2018-11-24T17:38:12Z</time>
      </trkpt>
      <trkpt lat="4.519669292494655" lon="-75.616839397698641">
        <ele>1575.089999999999918</ele>
        <time>2018-11-24T17:38:27Z</time>
      </trkpt>
      <trkpt lat="4.519665436819196" lon="-75.616823472082615">
        <ele>1574.349999999999909</ele>
        <time>2018-11-24T17:38:30Z</time>
      </trkpt>
      <trkpt lat="4.519649930298328" lon="-75.616699419915676">
        <ele>1574.630000000000109</ele>
        <time>2018-11-24T17:38:43Z</time>
      </trkpt>
      <trkpt lat="4.519624868407845" lon="-75.616574194282293">
        <ele>1573.8900000000001</ele>
        <time>2018-11-24T17:38:57Z</time>
      </trkpt>
      <trkpt lat="4.519571140408516" lon="-75.616480400785804">
        <ele>1574.009999999999991</ele>
        <time>2018-11-24T17:39:12Z</time>
      </trkpt>
      <trkpt lat="4.51952294446528" lon="-75.61640840023756">
        <ele>1575.420000000000073</ele>
        <time>2018-11-24T17:39:23Z</time>
      </trkpt>
      <trkpt lat="4.519509952515364" lon="-75.616304883733392">
        <ele>1575.339999999999918</ele>
        <time>2018-11-24T17:39:50Z</time>
      </trkpt>
      <trkpt lat="4.519475419074297" lon="-75.616247300058603">
        <ele>1575.769999999999982</ele>
        <time>2018-11-24T17:40:08Z</time>
      </trkpt>
      <trkpt lat="4.519384475424886" lon="-75.616188040003181">
        <ele>1572.210000000000036</ele>
        <time>2018-11-24T17:40:32Z</time>
      </trkpt>
      <trkpt lat="4.519314737990499" lon="-75.616135653108358">
        <ele>1572.809999999999945</ele>
        <time>2018-11-24T17:40:44Z</time>
      </trkpt>
      <trkpt lat="4.51923469081521" lon="-75.616055438295007">
        <ele>1572.490000000000009</ele>
        <time>2018-11-24T17:41:03Z</time>
      </trkpt>
      <trkpt lat="4.519180040806532" lon="-75.615966254845262">
        <ele>1573.099999999999909</ele>
        <time>2018-11-24T17:41:22Z</time>
      </trkpt>
      <trkpt lat="4.519113572314382" lon="-75.615679426118731">
        <ele>1574.660000000000082</ele>
        <time>2018-11-24T17:42:08Z</time>
      </trkpt>
      <trkpt lat="4.519097730517387" lon="-75.615491671487689">
        <ele>1575.769999999999982</ele>
        <time>2018-11-24T17:42:40Z</time>
      </trkpt>
      <trkpt lat="4.519062861800194" lon="-75.615411791950464">
        <ele>1575.789999999999964</ele>
        <time>2018-11-24T17:43:00Z</time>
      </trkpt>
      <trkpt lat="4.519027071073651" lon="-75.615249350667">
        <ele>1577.910000000000082</ele>
        <time>2018-11-24T17:43:19Z</time>
      </trkpt>
      <trkpt lat="4.518993543460965" lon="-75.61515798792243">
        <ele>1578.960000000000036</ele>
        <time>2018-11-24T17:43:30Z</time>
      </trkpt>
      <trkpt lat="4.518985915929079" lon="-75.615055309608579">
        <ele>1580.25</ele>
        <time>2018-11-24T17:43:47Z</time>
      </trkpt>
      <trkpt lat="4.519044673070312" lon="-75.614820867776871">
        <ele>1581.8900000000001</ele>
        <time>2018-11-24T17:44:22Z</time>
      </trkpt>
      <trkpt lat="4.519104436039925" lon="-75.614727241918445">
        <ele>1582.619999999999891</ele>
        <time>2018-11-24T17:44:35Z</time>
      </trkpt>
      <trkpt lat="4.51902405358851" lon="-75.614631772041321">
        <ele>1581.799999999999955</ele>
        <time>2018-11-24T17:44:46Z</time>
      </trkpt>
      <trkpt lat="4.518960770219564" lon="-75.614591455087066">
        <ele>1582.849999999999909</ele>
        <time>2018-11-24T17:44:52Z</time>
      </trkpt>
      <trkpt lat="4.518891116604209" lon="-75.614513419568539">
        <ele>1583.779999999999973</ele>
        <time>2018-11-24T17:45:08Z</time>
      </trkpt>
      <trkpt lat="4.518846021965146" lon="-75.614410489797592">
        <ele>1584.710000000000036</ele>
        <time>2018-11-24T17:45:31Z</time>
      </trkpt>
      <trkpt lat="4.51881056651473" lon="-75.614346116781235">
        <ele>1585.339999999999918</ele>
        <time>2018-11-24T17:45:48Z</time>
      </trkpt>
      <trkpt lat="4.518688023090363" lon="-75.614295238628983">
        <ele>1584.920000000000073</ele>
        <time>2018-11-24T17:46:07Z</time>
      </trkpt>
      <trkpt lat="4.518598923459649" lon="-75.614238828420639">
        <ele>1585.079999999999927</ele>
        <time>2018-11-24T17:46:23Z</time>
      </trkpt>
      <trkpt lat="4.518541172146797" lon="-75.614219466224313">
        <ele>1584.849999999999909</ele>
        <time>2018-11-24T17:46:30Z</time>
      </trkpt>
      <trkpt lat="4.518528850749135" lon="-75.614207647740841">
        <ele>1580.130000000000109</ele>
        <time>2018-11-24T17:46:34Z</time>
      </trkpt>
      <trkpt lat="4.518528431653976" lon="-75.614205468446016">
        <ele>1589.450000000000045</ele>
        <time>2018-11-24T17:46:35Z</time>
      </trkpt>
      <trkpt lat="4.51852516271174" lon="-75.614204881712794">
        <ele>1586.1400000000001</ele>
        <time>2018-11-24T17:46:36Z</time>
      </trkpt>
      <trkpt lat="4.518517786636949" lon="-75.614197254180908">
        <ele>1585.480000000000018</ele>
        <time>2018-11-24T17:46:38Z</time>
      </trkpt>
      <trkpt lat="4.518509656190872" lon="-75.614192644134164">
        <ele>1587.680000000000064</ele>
        <time>2018-11-24T17:46:40Z</time>
      </trkpt>
      <trkpt lat="4.518439751118422" lon="-75.614092396572232">
        <ele>1587.529999999999973</ele>
        <time>2018-11-24T17:47:00Z</time>
      </trkpt>
      <trkpt lat="4.518364313989878" lon="-75.614084769040346">
        <ele>1587.6400000000001</ele>
        <time>2018-11-24T17:47:23Z</time>
      </trkpt>
      <trkpt lat="4.51833070255816" lon="-75.614098766818643">
        <ele>1587.180000000000064</ele>
        <time>2018-11-24T17:47:27Z</time>
      </trkpt>
      <trkpt lat="4.518306562677026" lon="-75.614114524796605">
        <ele>1588.440000000000055</ele>
        <time>2018-11-24T17:47:30Z</time>
      </trkpt>
      <trkpt lat="4.518235735595226" lon="-75.614086948335171">
        <ele>1590.920000000000073</ele>
        <time>2018-11-24T17:47:42Z</time>
      </trkpt>
      <trkpt lat="4.518176224082708" lon="-75.61406783759594">
        <ele>1592.299999999999955</ele>
        <time>2018-11-24T17:47:54Z</time>
      </trkpt>
      <trkpt lat="4.518101625144482" lon="-75.614047721028328">
        <ele>1592.910000000000082</ele>
        <time>2018-11-24T17:48:07Z</time>
      </trkpt>
      <trkpt lat="4.518046388402581" lon="-75.614035567268729">
        <ele>1592.329999999999927</ele>
        <time>2018-11-24T17:48:18Z</time>
      </trkpt>
      <trkpt lat="4.517985368147492" lon="-75.614065239205956">
        <ele>1593.210000000000036</ele>
        <time>2018-11-24T17:48:30Z</time>
      </trkpt>
      <trkpt lat="4.517785711213946" lon="-75.614123493432999">
        <ele>1595.279999999999973</ele>
        <time>2018-11-24T17:49:12Z</time>
      </trkpt>
      <trkpt lat="4.517670208588243" lon="-75.614261208102107">
        <ele>1597.1099999999999</ele>
        <time>2018-11-24T17:49:31Z</time>
      </trkpt>
      <trkpt lat="4.517595861107111" lon="-75.614322731271386">
        <ele>1598.380000000000109</ele>
        <time>2018-11-24T17:49:44Z</time>
      </trkpt>
      <trkpt lat="4.517495362088084" lon="-75.614341171458364">
        <ele>1601.079999999999927</ele>
        <time>2018-11-24T17:50:02Z</time>
      </trkpt>
      <trkpt lat="4.517443394288421" lon="-75.614292304962873">
        <ele>1604.900000000000091</ele>
        <time>2018-11-24T17:50:17Z</time>
      </trkpt>
      <trkpt lat="4.517374662682414" lon="-75.614296160638332">
        <ele>1604.779999999999973</ele>
        <time>2018-11-24T17:50:36Z</time>
      </trkpt>
      <trkpt lat="4.517307272180915" lon="-75.614269590005279">
        <ele>1607.970000000000027</ele>
        <time>2018-11-24T17:50:53Z</time>
      </trkpt>
      <trkpt lat="4.517266284674406" lon="-75.614205300807953">
        <ele>1611.119999999999891</ele>
        <time>2018-11-24T17:51:15Z</time>
      </trkpt>
      <trkpt lat="4.517211969941854" lon="-75.614147130399942">
        <ele>1613.579999999999927</ele>
        <time>2018-11-24T17:51:32Z</time>
      </trkpt>
      <trkpt lat="4.517168300226331" lon="-75.614063227549195">
        <ele>1616.240000000000009</ele>
        <time>2018-11-24T17:51:51Z</time>
      </trkpt>
      <trkpt lat="4.517127647995949" lon="-75.614018384367228">
        <ele>1618.309999999999945</ele>
        <time>2018-11-24T17:52:09Z</time>
      </trkpt>
      <trkpt lat="4.517051121219993" lon="-75.614009080454707">
        <ele>1621.009999999999991</ele>
        <time>2018-11-24T17:52:29Z</time>
      </trkpt>
      <trkpt lat="4.517042990773916" lon="-75.614012433215976">
        <ele>1621.049999999999955</ele>
        <time>2018-11-24T17:52:31Z</time>
      </trkpt>
      <trkpt lat="4.516941905021667" lon="-75.613965997472405">
        <ele>1622.8900000000001</ele>
        <time>2018-11-24T17:52:48Z</time>
      </trkpt>
      <trkpt lat="4.516729842871428" lon="-75.614038165658712">
        <ele>1623.490000000000009</ele>
        <time>2018-11-24T17:53:10Z</time>
      </trkpt>
      <trkpt lat="4.516526078805327" lon="-75.61406834051013">
        <ele>1623.039999999999964</ele>
        <time>2018-11-24T17:53:35Z</time>
      </trkpt>
      <trkpt lat="4.516402361914515" lon="-75.613994747400284">
        <ele>1623.8900000000001</ele>
        <time>2018-11-24T17:53:52Z</time>
      </trkpt>
      <trkpt lat="4.516140762716532" lon="-75.613989299163222">
        <ele>1622.670000000000073</ele>
        <time>2018-11-24T17:54:16Z</time>
      </trkpt>
      <trkpt lat="4.515933813527226" lon="-75.613954765722156">
        <ele>1623.230000000000018</ele>
        <time>2018-11-24T17:54:40Z</time>
      </trkpt>
      <trkpt lat="4.515805318951607" lon="-75.613957364112139">
        <ele>1623.990000000000009</ele>
        <time>2018-11-24T17:54:56Z</time>
      </trkpt>
      <trkpt lat="4.515727534890175" lon="-75.613896679133177">
        <ele>1622.809999999999945</ele>
        <time>2018-11-24T17:55:19Z</time>
      </trkpt>
      <trkpt lat="4.51552452519536" lon="-75.613772040233016">
        <ele>1623.279999999999973</ele>
        <time>2018-11-24T17:55:45Z</time>
      </trkpt>
      <trkpt lat="4.515340626239777" lon="-75.613730130717158">
        <ele>1623.329999999999927</ele>
        <time>2018-11-24T17:56:07Z</time>
      </trkpt>
      <trkpt lat="4.515177430585027" lon="-75.613635666668415">
        <ele>1623.400000000000091</ele>
        <time>2018-11-24T17:56:31Z</time>
      </trkpt>
      <trkpt lat="4.515102077275515" lon="-75.613548578694463">
        <ele>1622.579999999999927</ele>
        <time>2018-11-24T17:56:51Z</time>
      </trkpt>
      <trkpt lat="4.515015911310911" lon="-75.61347708106041">
        <ele>1620</ele>
        <time>2018-11-24T17:57:12Z</time>
      </trkpt>
      <trkpt lat="4.514916334301233" lon="-75.613522510975599">
        <ele>1620.8900000000001</ele>
        <time>2018-11-24T17:57:25Z</time>
      </trkpt>
      <trkpt lat="4.514895379543304" lon="-75.613548327237368">
        <ele>1620.630000000000109</ele>
        <time>2018-11-24T17:57:28Z</time>
      </trkpt>
      <trkpt lat="4.514843327924609" lon="-75.613608676940203">
        <ele>1624.230000000000018</ele>
        <time>2018-11-24T17:57:36Z</time>
      </trkpt>
      <trkpt lat="4.514776021242142" lon="-75.613616975024343">
        <ele>1625.049999999999955</ele>
        <time>2018-11-24T17:57:54Z</time>
      </trkpt>
      <trkpt lat="4.514594469219446" lon="-75.613656705245376">
        <ele>1625.200000000000045</ele>
        <time>2018-11-24T17:58:16Z</time>
      </trkpt>
      <trkpt lat="4.514582986012101" lon="-75.613663326948881">
        <ele>1625.019999999999982</ele>
        <time>2018-11-24T17:58:18Z</time>
      </trkpt>
      <trkpt lat="4.514576615765691" lon="-75.613674055784941">
        <ele>1626.200000000000045</ele>
        <time>2018-11-24T17:58:20Z</time>
      </trkpt>
      <trkpt lat="4.514493551105261" lon="-75.613630637526512">
        <ele>1626.319999999999936</ele>
        <time>2018-11-24T17:58:35Z</time>
      </trkpt>
      <trkpt lat="4.514484079554677" lon="-75.613633822649717">
        <ele>1626.539999999999964</ele>
        <time>2018-11-24T17:59:12Z</time>
      </trkpt>
      <trkpt lat="4.514552308246493" lon="-75.613641534000635">
        <ele>1630.269999999999982</ele>
        <time>2018-11-24T18:02:21Z</time>
      </trkpt>
      <trkpt lat="4.514657501131296" lon="-75.613608593121171">
        <ele>1633.529999999999973</ele>
        <time>2018-11-24T18:02:39Z</time>
      </trkpt>
      <trkpt lat="4.514709636569023" lon="-75.613550674170256">
        <ele>1635.549999999999955</ele>
        <time>2018-11-24T18:02:56Z</time>
      </trkpt>
      <trkpt lat="4.514638558030128" lon="-75.613548327237368">
        <ele>1638.069999999999936</ele>
        <time>2018-11-24T18:03:13Z</time>
      </trkpt>
      <trkpt lat="4.514609640464187" lon="-75.613544471561909">
        <ele>1639.480000000000018</ele>
        <time>2018-11-24T18:03:17Z</time>
      </trkpt>
      <trkpt lat="4.514473769813776" lon="-75.613506752997637">
        <ele>1641.269999999999982</ele>
        <time>2018-11-24T18:03:35Z</time>
      </trkpt>
      <trkpt lat="4.514509225264192" lon="-75.61349862255156">
        <ele>1642.710000000000036</ele>
        <time>2018-11-24T18:03:53Z</time>
      </trkpt>
      <trkpt lat="4.514624141156673" lon="-75.613475320860744">
        <ele>1645.430000000000064</ele>
        <time>2018-11-24T18:04:12Z</time>
      </trkpt>
      <trkpt lat="4.514554906636477" lon="-75.613436093553901">
        <ele>1647.150000000000091</ele>
        <time>2018-11-24T18:04:31Z</time>
      </trkpt>
      <trkpt lat="4.514490533620119" lon="-75.613406170159578">
        <ele>1650.259999999999991</ele>
        <time>2018-11-24T18:04:39Z</time>
      </trkpt>
      <trkpt lat="4.514386346563697" lon="-75.61340575106442">
        <ele>1652.559999999999945</ele>
        <time>2018-11-24T18:04:50Z</time>
      </trkpt>
      <trkpt lat="4.51433764770627" lon="-75.613409103825688">
        <ele>1654.809999999999945</ele>
        <time>2018-11-24T18:04:55Z</time>
      </trkpt>
      <trkpt lat="4.514293307438493" lon="-75.613401308655739">
        <ele>1655.529999999999973</ele>
        <time>2018-11-24T18:05:00Z</time>
      </trkpt>
      <trkpt lat="4.514265060424805" lon="-75.613410277292132">
        <ele>1656.660000000000082</ele>
        <time>2018-11-24T18:05:03Z</time>
      </trkpt>
      <trkpt lat="4.514155676588416" lon="-75.613392842933536">
        <ele>1658.069999999999936</ele>
        <time>2018-11-24T18:05:19Z</time>
      </trkpt>
      <trkpt lat="4.514080826193094" lon="-75.613366523757577">
        <ele>1660.440000000000055</ele>
        <time>2018-11-24T18:05:37Z</time>
      </trkpt>
      <trkpt lat="4.514128854498267" lon="-75.613329811021686">
        <ele>1663.210000000000036</ele>
        <time>2018-11-24T18:05:55Z</time>
      </trkpt>
      <trkpt lat="4.514193814247847" lon="-75.613257894292474">
        <ele>1667.259999999999991</ele>
        <time>2018-11-24T18:06:14Z</time>
      </trkpt>
      <trkpt lat="4.514155928045511" lon="-75.613184049725533">
        <ele>1669.099999999999909</ele>
        <time>2018-11-24T18:06:32Z</time>
      </trkpt>
      <trkpt lat="4.514154000207782" lon="-75.613088915124536">
        <ele>1672.410000000000082</ele>
        <time>2018-11-24T18:06:48Z</time>
      </trkpt>
      <trkpt lat="4.514094404876232" lon="-75.61298112384975">
        <ele>1672.990000000000009</ele>
        <time>2018-11-24T18:07:07Z</time>
      </trkpt>
      <trkpt lat="4.514023410156369" lon="-75.612974585965276">
        <ele>1676.009999999999991</ele>
        <time>2018-11-24T18:07:18Z</time>
      </trkpt>
      <trkpt lat="4.513973370194435" lon="-75.612987075001001">
        <ele>1677.549999999999955</ele>
        <time>2018-11-24T18:07:27Z</time>
      </trkpt>
      <trkpt lat="4.513870859518647" lon="-75.613042982295156">
        <ele>1678.769999999999982</ele>
        <time>2018-11-24T18:07:46Z</time>
      </trkpt>
      <trkpt lat="4.513849318027496" lon="-75.613055974245071">
        <ele>1677.720000000000027</ele>
        <time>2018-11-24T18:07:49Z</time>
      </trkpt>
      <trkpt lat="4.513773042708635" lon="-75.613056058064103">
        <ele>1677.789999999999964</ele>
        <time>2018-11-24T18:08:07Z</time>
      </trkpt>
      <trkpt lat="4.513771450147033" lon="-75.613028397783637">
        <ele>1678.490000000000009</ele>
        <time>2018-11-24T18:09:55Z</time>
      </trkpt>
      <trkpt lat="4.513751165941358" lon="-75.612998558208346">
        <ele>1681.740000000000009</ele>
        <time>2018-11-24T18:15:17Z</time>
      </trkpt>
      <trkpt lat="4.513719230890274" lon="-75.61298405751586">
        <ele>1680.460000000000036</ele>
        <time>2018-11-24T18:15:35Z</time>
      </trkpt>
      <trkpt lat="4.513638094067574" lon="-75.612951954826713">
        <ele>1679.839999999999918</ele>
        <time>2018-11-24T18:15:53Z</time>
      </trkpt>
      <trkpt lat="4.513529716059566" lon="-75.612977351993322">
        <ele>1678.490000000000009</ele>
        <time>2018-11-24T18:16:12Z</time>
      </trkpt>
      <trkpt lat="4.513507252559066" lon="-75.613026553764939">
        <ele>1677.279999999999973</ele>
        <time>2018-11-24T18:16:29Z</time>
      </trkpt>
      <trkpt lat="4.51345126144588" lon="-75.613075839355588">
        <ele>1676.130000000000109</ele>
        <time>2018-11-24T18:16:45Z</time>
      </trkpt>
      <trkpt lat="4.513438269495964" lon="-75.613041138276458">
        <ele>1679.019999999999982</ele>
        <time>2018-11-24T18:17:05Z</time>
      </trkpt>
      <trkpt lat="4.513397784903646" lon="-75.613038288429379">
        <ele>1681.049999999999955</ele>
        <time>2018-11-24T18:17:13Z</time>
      </trkpt>
      <trkpt lat="4.513351349160075" lon="-75.613085478544235">
        <ele>1685.809999999999945</ele>
        <time>2018-11-24T18:17:19Z</time>
      </trkpt>
      <trkpt lat="4.51334816403687" lon="-75.613086484372616">
        <ele>1684.160000000000082</ele>
        <time>2018-11-24T18:17:20Z</time>
      </trkpt>
      <trkpt lat="4.513347074389458" lon="-75.613087741658092">
        <ele>1682.380000000000109</ele>
        <time>2018-11-24T18:17:21Z</time>
      </trkpt>
      <trkpt lat="4.51331740245223" lon="-75.613056728616357">
        <ele>1686.650000000000091</ele>
        <time>2018-11-24T18:17:27Z</time>
      </trkpt>
      <trkpt lat="4.513292340561748" lon="-75.613048011437058">
        <ele>1686.960000000000036</ele>
        <time>2018-11-24T18:17:29Z</time>
      </trkpt>
      <trkpt lat="4.513240791857243" lon="-75.613023452460766">
        <ele>1688.779999999999973</ele>
        <time>2018-11-24T18:17:33Z</time>
      </trkpt>
      <trkpt lat="4.513229057192802" lon="-75.613020099699497">
        <ele>1688.299999999999955</ele>
        <time>2018-11-24T18:17:34Z</time>
      </trkpt>
      <trkpt lat="4.513136772438884" lon="-75.612995959818363">
        <ele>1690.559999999999945</ele>
        <time>2018-11-24T18:17:40Z</time>
      </trkpt>
      <trkpt lat="4.513062844052911" lon="-75.612975172698498">
        <ele>1694.099999999999909</ele>
        <time>2018-11-24T18:17:49Z</time>
      </trkpt>
      <trkpt lat="4.512991262599826" lon="-75.612967545166612">
        <ele>1696.849999999999909</ele>
        <time>2018-11-24T18:18:00Z</time>
      </trkpt>
      <trkpt lat="4.512925464659929" lon="-75.612949188798666">
        <ele>1696.519999999999982</ele>
        <time>2018-11-24T18:18:10Z</time>
      </trkpt>
      <trkpt lat="4.512855727225542" lon="-75.612907279282808">
        <ele>1697.759999999999991</ele>
        <time>2018-11-24T18:18:26Z</time>
      </trkpt>
      <trkpt lat="4.512826893478632" lon="-75.612878613173962">
        <ele>1699.910000000000082</ele>
        <time>2018-11-24T18:18:40Z</time>
      </trkpt>
      <trkpt lat="4.512814655900002" lon="-75.612858580425382">
        <ele>1701.980000000000018</ele>
        <time>2018-11-24T18:18:44Z</time>
      </trkpt>
      <trkpt lat="4.512785151600838" lon="-75.612848773598671">
        <ele>1703.319999999999936</ele>
        <time>2018-11-24T18:19:04Z</time>
      </trkpt>
      <trkpt lat="4.512755395844579" lon="-75.612847432494164">
        <ele>1703.579999999999927</ele>
        <time>2018-11-24T18:21:13Z</time>
      </trkpt>
      <trkpt lat="4.512720024213195" lon="-75.61282672919333">
        <ele>1706.769999999999982</ele>
        <time>2018-11-24T18:21:26Z</time>
      </trkpt>
      <trkpt lat="4.512715917080641" lon="-75.612823124974966">
        <ele>1704.549999999999955</ele>
        <time>2018-11-24T18:21:27Z</time>
      </trkpt>
      <trkpt lat="4.512706361711025" lon="-75.612816419452429">
        <ele>1703.799999999999955</ele>
        <time>2018-11-24T18:21:29Z</time>
      </trkpt>
      <trkpt lat="4.512612735852599" lon="-75.612822202965617">
        <ele>1704.779999999999973</ele>
        <time>2018-11-24T18:21:48Z</time>
      </trkpt>
      <trkpt lat="4.512549703940749" lon="-75.612787837162614">
        <ele>1707.880000000000109</ele>
        <time>2018-11-24T18:21:57Z</time>
      </trkpt>
      <trkpt lat="4.512546351179481" lon="-75.612782472744584">
        <ele>1707.930000000000064</ele>
        <time>2018-11-24T18:21:58Z</time>
      </trkpt>
      <trkpt lat="4.512497736141086" lon="-75.612737881019711">
        <ele>1706.490000000000009</ele>
        <time>2018-11-24T18:22:20Z</time>
      </trkpt>
      <trkpt lat="4.512420035898685" lon="-75.612709801644087">
        <ele>1707.230000000000018</ele>
        <time>2018-11-24T18:22:42Z</time>
      </trkpt>
      <trkpt lat="4.512403858825564" lon="-75.612700413912535">
        <ele>1706.819999999999936</ele>
        <time>2018-11-24T18:22:49Z</time>
      </trkpt>
      <trkpt lat="4.512386759743094" lon="-75.612636292353272">
        <ele>1706.920000000000073</ele>
        <time>2018-11-24T18:23:14Z</time>
      </trkpt>
      <trkpt lat="4.512359770014882" lon="-75.612665377557278">
        <ele>1707.400000000000091</ele>
        <time>2018-11-24T18:24:19Z</time>
      </trkpt>
      <trkpt lat="4.512341162189841" lon="-75.612687170505524">
        <ele>1706.309999999999945</ele>
        <time>2018-11-24T18:24:49Z</time>
      </trkpt>
      <trkpt lat="4.512341162189841" lon="-75.612687170505524">
        <ele>1706.309999999999945</ele>
        <time>2018-11-24T18:24:49Z</time>
      </trkpt>
      <trkpt lat="4.512359770014882" lon="-75.612665377557278">
        <ele>1707.400000000000091</ele>
        <time>2018-11-24T18:24:19Z</time>
      </trkpt>
      <trkpt lat="4.512386759743094" lon="-75.612636292353272">
        <ele>1706.920000000000073</ele>
        <time>2018-11-24T18:23:14Z</time>
      </trkpt>
      <trkpt lat="4.512403858825564" lon="-75.612700413912535">
        <ele>1706.819999999999936</ele>
        <time>2018-11-24T18:22:49Z</time>
      </trkpt>
      <trkpt lat="4.512420035898685" lon="-75.612709801644087">
        <ele>1707.230000000000018</ele>
        <time>2018-11-24T18:22:42Z</time>
      </trkpt>
      <trkpt lat="4.512497736141086" lon="-75.612737881019711">
        <ele>1706.490000000000009</ele>
        <time>2018-11-24T18:22:20Z</time>
      </trkpt>
      <trkpt lat="4.512546351179481" lon="-75.612782472744584">
        <ele>1707.930000000000064</ele>
        <time>2018-11-24T18:21:58Z</time>
      </trkpt>
      <trkpt lat="4.512549703940749" lon="-75.612787837162614">
        <ele>1707.880000000000109</ele>
        <time>2018-11-24T18:21:57Z</time>
      </trkpt>
      <trkpt lat="4.512612735852599" lon="-75.612822202965617">
        <ele>1704.779999999999973</ele>
        <time>2018-11-24T18:21:48Z</time>
      </trkpt>
      <trkpt lat="4.512706361711025" lon="-75.612816419452429">
        <ele>1703.799999999999955</ele>
        <time>2018-11-24T18:21:29Z</time>
      </trkpt>
      <trkpt lat="4.512715917080641" lon="-75.612823124974966">
        <ele>1704.549999999999955</ele>
        <time>2018-11-24T18:21:27Z</time>
      </trkpt>
      <trkpt lat="4.512720024213195" lon="-75.61282672919333">
        <ele>1706.769999999999982</ele>
        <time>2018-11-24T18:21:26Z</time>
      </trkpt>
      <trkpt lat="4.512755395844579" lon="-75.612847432494164">
        <ele>1703.579999999999927</ele>
        <time>2018-11-24T18:21:13Z</time>
      </trkpt>
      <trkpt lat="4.512785151600838" lon="-75.612848773598671">
        <ele>1703.319999999999936</ele>
        <time>2018-11-24T18:19:04Z</time>
      </trkpt>
      <trkpt lat="4.512814655900002" lon="-75.612858580425382">
        <ele>1701.980000000000018</ele>
        <time>2018-11-24T18:18:44Z</time>
      </trkpt>
      <trkpt lat="4.512826893478632" lon="-75.612878613173962">
        <ele>1699.910000000000082</ele>
        <time>2018-11-24T18:18:40Z</time>
      </trkpt>
      <trkpt lat="4.512855727225542" lon="-75.612907279282808">
        <ele>1697.759999999999991</ele>
        <time>2018-11-24T18:18:26Z</time>
      </trkpt>
      <trkpt lat="4.512925464659929" lon="-75.612949188798666">
        <ele>1696.519999999999982</ele>
        <time>2018-11-24T18:18:10Z</time>
      </trkpt>
      <trkpt lat="4.512991262599826" lon="-75.612967545166612">
        <ele>1696.849999999999909</ele>
        <time>2018-11-24T18:18:00Z</time>
      </trkpt>
      <trkpt lat="4.513062844052911" lon="-75.612975172698498">
        <ele>1694.099999999999909</ele>
        <time>2018-11-24T18:17:49Z</time>
      </trkpt>
      <trkpt lat="4.513136772438884" lon="-75.612995959818363">
        <ele>1690.559999999999945</ele>
        <time>2018-11-24T18:17:40Z</time>
      </trkpt>
      <trkpt lat="4.513229057192802" lon="-75.613020099699497">
        <ele>1688.299999999999955</ele>
        <time>2018-11-24T18:17:34Z</time>
      </trkpt>
      <trkpt lat="4.513240791857243" lon="-75.613023452460766">
        <ele>1688.779999999999973</ele>
        <time>2018-11-24T18:17:33Z</time>
      </trkpt>
      <trkpt lat="4.513292340561748" lon="-75.613048011437058">
        <ele>1686.960000000000036</ele>
        <time>2018-11-24T18:17:29Z</time>
      </trkpt>
      <trkpt lat="4.51331740245223" lon="-75.613056728616357">
        <ele>1686.650000000000091</ele>
        <time>2018-11-24T18:17:27Z</time>
      </trkpt>
      <trkpt lat="4.513347074389458" lon="-75.613087741658092">
        <ele>1682.380000000000109</ele>
        <time>2018-11-24T18:17:21Z</time>
      </trkpt>
      <trkpt lat="4.51334816403687" lon="-75.613086484372616">
        <ele>1684.160000000000082</ele>
        <time>2018-11-24T18:17:20Z</time>
      </trkpt>
      <trkpt lat="4.513351349160075" lon="-75.613085478544235">
        <ele>1685.809999999999945</ele>
        <time>2018-11-24T18:17:19Z</time>
      </trkpt>
      <trkpt lat="4.513397784903646" lon="-75.613038288429379">
        <ele>1681.049999999999955</ele>
        <time>2018-11-24T18:17:13Z</time>
      </trkpt>
      <trkpt lat="4.513438269495964" lon="-75.613041138276458">
        <ele>1679.019999999999982</ele>
        <time>2018-11-24T18:17:05Z</time>
      </trkpt>
      <trkpt lat="4.51345126144588" lon="-75.613075839355588">
        <ele>1676.130000000000109</ele>
        <time>2018-11-24T18:16:45Z</time>
      </trkpt>
      <trkpt lat="4.513507252559066" lon="-75.613026553764939">
        <ele>1677.279999999999973</ele>
        <time>2018-11-24T18:16:29Z</time>
      </trkpt>
      <trkpt lat="4.513529716059566" lon="-75.612977351993322">
        <ele>1678.490000000000009</ele>
        <time>2018-11-24T18:16:12Z</time>
      </trkpt>
      <trkpt lat="4.513638094067574" lon="-75.612951954826713">
        <ele>1679.839999999999918</ele>
        <time>2018-11-24T18:15:53Z</time>
      </trkpt>
      <trkpt lat="4.513719230890274" lon="-75.61298405751586">
        <ele>1680.460000000000036</ele>
        <time>2018-11-24T18:15:35Z</time>
      </trkpt>
      <trkpt lat="4.513751165941358" lon="-75.612998558208346">
        <ele>1681.740000000000009</ele>
        <time>2018-11-24T18:15:17Z</time>
      </trkpt>
      <trkpt lat="4.513771450147033" lon="-75.613028397783637">
        <ele>1678.490000000000009</ele>
        <time>2018-11-24T18:09:55Z</time>
      </trkpt>
      <trkpt lat="4.513773042708635" lon="-75.613056058064103">
        <ele>1677.789999999999964</ele>
        <time>2018-11-24T18:08:07Z</time>
      </trkpt>
      <trkpt lat="4.513849318027496" lon="-75.613055974245071">
        <ele>1677.720000000000027</ele>
        <time>2018-11-24T18:07:49Z</time>
      </trkpt>
      <trkpt lat="4.513870859518647" lon="-75.613042982295156">
        <ele>1678.769999999999982</ele>
        <time>2018-11-24T18:07:46Z</time>
      </trkpt>
      <trkpt lat="4.513973370194435" lon="-75.612987075001001">
        <ele>1677.549999999999955</ele>
        <time>2018-11-24T18:07:27Z</time>
      </trkpt>
      <trkpt lat="4.514023410156369" lon="-75.612974585965276">
        <ele>1676.009999999999991</ele>
        <time>2018-11-24T18:07:18Z</time>
      </trkpt>
      <trkpt lat="4.514094404876232" lon="-75.61298112384975">
        <ele>1672.990000000000009</ele>
        <time>2018-11-24T18:07:07Z</time>
      </trkpt>
      <trkpt lat="4.514154000207782" lon="-75.613088915124536">
        <ele>1672.410000000000082</ele>
        <time>2018-11-24T18:06:48Z</time>
      </trkpt>
      <trkpt lat="4.514155928045511" lon="-75.613184049725533">
        <ele>1669.099999999999909</ele>
        <time>2018-11-24T18:06:32Z</time>
      </trkpt>
      <trkpt lat="4.514193814247847" lon="-75.613257894292474">
        <ele>1667.259999999999991</ele>
        <time>2018-11-24T18:06:14Z</time>
      </trkpt>
      <trkpt lat="4.514128854498267" lon="-75.613329811021686">
        <ele>1663.210000000000036</ele>
        <time>2018-11-24T18:05:55Z</time>
      </trkpt>
      <trkpt lat="4.514080826193094" lon="-75.613366523757577">
        <ele>1660.440000000000055</ele>
        <time>2018-11-24T18:05:37Z</time>
      </trkpt>
      <trkpt lat="4.514155676588416" lon="-75.613392842933536">
        <ele>1658.069999999999936</ele>
        <time>2018-11-24T18:05:19Z</time>
      </trkpt>
      <trkpt lat="4.514265060424805" lon="-75.613410277292132">
        <ele>1656.660000000000082</ele>
        <time>2018-11-24T18:05:03Z</time>
      </trkpt>
      <trkpt lat="4.514293307438493" lon="-75.613401308655739">
        <ele>1655.529999999999973</ele>
        <time>2018-11-24T18:05:00Z</time>
      </trkpt>
      <trkpt lat="4.51433764770627" lon="-75.613409103825688">
        <ele>1654.809999999999945</ele>
        <time>2018-11-24T18:04:55Z</time>
      </trkpt>
      <trkpt lat="4.514386346563697" lon="-75.61340575106442">
        <ele>1652.559999999999945</ele>
        <time>2018-11-24T18:04:50Z</time>
      </trkpt>
      <trkpt lat="4.514490533620119" lon="-75.613406170159578">
        <ele>1650.259999999999991</ele>
        <time>2018-11-24T18:04:39Z</time>
      </trkpt>
      <trkpt lat="4.514554906636477" lon="-75.613436093553901">
        <ele>1647.150000000000091</ele>
        <time>2018-11-24T18:04:31Z</time>
      </trkpt>
      <trkpt lat="4.514624141156673" lon="-75.613475320860744">
        <ele>1645.430000000000064</ele>
        <time>2018-11-24T18:04:12Z</time>
      </trkpt>
      <trkpt lat="4.514509225264192" lon="-75.61349862255156">
        <ele>1642.710000000000036</ele>
        <time>2018-11-24T18:03:53Z</time>
      </trkpt>
      <trkpt lat="4.514473769813776" lon="-75.613506752997637">
        <ele>1641.269999999999982</ele>
        <time>2018-11-24T18:03:35Z</time>
      </trkpt>
      <trkpt lat="4.514609640464187" lon="-75.613544471561909">
        <ele>1639.480000000000018</ele>
        <time>2018-11-24T18:03:17Z</time>
      </trkpt>
      <trkpt lat="4.514638558030128" lon="-75.613548327237368">
        <ele>1638.069999999999936</ele>
        <time>2018-11-24T18:03:13Z</time>
      </trkpt>
      <trkpt lat="4.514709636569023" lon="-75.613550674170256">
        <ele>1635.549999999999955</ele>
        <time>2018-11-24T18:02:56Z</time>
      </trkpt>
      <trkpt lat="4.514657501131296" lon="-75.613608593121171">
        <ele>1633.529999999999973</ele>
        <time>2018-11-24T18:02:39Z</time>
      </trkpt>
      <trkpt lat="4.514552308246493" lon="-75.613641534000635">
        <ele>1630.269999999999982</ele>
        <time>2018-11-24T18:02:21Z</time>
      </trkpt>
      <trkpt lat="4.514484079554677" lon="-75.613633822649717">
        <ele>1626.539999999999964</ele>
        <time>2018-11-24T17:59:12Z</time>
      </trkpt>
      <trkpt lat="4.514493551105261" lon="-75.613630637526512">
        <ele>1626.319999999999936</ele>
        <time>2018-11-24T17:58:35Z</time>
      </trkpt>
      <trkpt lat="4.514576615765691" lon="-75.613674055784941">
        <ele>1626.200000000000045</ele>
        <time>2018-11-24T17:58:20Z</time>
      </trkpt>
      <trkpt lat="4.514582986012101" lon="-75.613663326948881">
        <ele>1625.019999999999982</ele>
        <time>2018-11-24T17:58:18Z</time>
      </trkpt>
      <trkpt lat="4.514594469219446" lon="-75.613656705245376">
        <ele>1625.200000000000045</ele>
        <time>2018-11-24T17:58:16Z</time>
      </trkpt>
      <trkpt lat="4.514776021242142" lon="-75.613616975024343">
        <ele>1625.049999999999955</ele>
        <time>2018-11-24T17:57:54Z</time>
      </trkpt>
      <trkpt lat="4.514843327924609" lon="-75.613608676940203">
        <ele>1624.230000000000018</ele>
        <time>2018-11-24T17:57:36Z</time>
      </trkpt>
      <trkpt lat="4.514895379543304" lon="-75.613548327237368">
        <ele>1620.630000000000109</ele>
        <time>2018-11-24T17:57:28Z</time>
      </trkpt>
      <trkpt lat="4.514916334301233" lon="-75.613522510975599">
        <ele>1620.8900000000001</ele>
        <time>2018-11-24T17:57:25Z</time>
      </trkpt>
      <trkpt lat="4.515015911310911" lon="-75.61347708106041">
        <ele>1620</ele>
        <time>2018-11-24T17:57:12Z</time>
      </trkpt>
      <trkpt lat="4.515102077275515" lon="-75.613548578694463">
        <ele>1622.579999999999927</ele>
        <time>2018-11-24T17:56:51Z</time>
      </trkpt>
      <trkpt lat="4.515177430585027" lon="-75.613635666668415">
        <ele>1623.400000000000091</ele>
        <time>2018-11-24T17:56:31Z</time>
      </trkpt>
      <trkpt lat="4.515340626239777" lon="-75.613730130717158">
        <ele>1623.329999999999927</ele>
        <time>2018-11-24T17:56:07Z</time>
      </trkpt>
      <trkpt lat="4.51552452519536" lon="-75.613772040233016">
        <ele>1623.279999999999973</ele>
        <time>2018-11-24T17:55:45Z</time>
      </trkpt>
      <trkpt lat="4.515727534890175" lon="-75.613896679133177">
        <ele>1622.809999999999945</ele>
        <time>2018-11-24T17:55:19Z</time>
      </trkpt>
      <trkpt lat="4.515805318951607" lon="-75.613957364112139">
        <ele>1623.990000000000009</ele>
        <time>2018-11-24T17:54:56Z</time>
      </trkpt>
      <trkpt lat="4.515933813527226" lon="-75.613954765722156">
        <ele>1623.230000000000018</ele>
        <time>2018-11-24T17:54:40Z</time>
      </trkpt>
      <trkpt lat="4.516140762716532" lon="-75.613989299163222">
        <ele>1622.670000000000073</ele>
        <time>2018-11-24T17:54:16Z</time>
      </trkpt>
      <trkpt lat="4.516402361914515" lon="-75.613994747400284">
        <ele>1623.8900000000001</ele>
        <time>2018-11-24T17:53:52Z</time>
      </trkpt>
      <trkpt lat="4.516526078805327" lon="-75.61406834051013">
        <ele>1623.039999999999964</ele>
        <time>2018-11-24T17:53:35Z</time>
      </trkpt>
      <trkpt lat="4.516729842871428" lon="-75.614038165658712">
        <ele>1623.490000000000009</ele>
        <time>2018-11-24T17:53:10Z</time>
      </trkpt>
      <trkpt lat="4.516941905021667" lon="-75.613965997472405">
        <ele>1622.8900000000001</ele>
        <time>2018-11-24T17:52:48Z</time>
      </trkpt>
      <trkpt lat="4.517042990773916" lon="-75.614012433215976">
        <ele>1621.049999999999955</ele>
        <time>2018-11-24T17:52:31Z</time>
      </trkpt>
      <trkpt lat="4.517051121219993" lon="-75.614009080454707">
        <ele>1621.009999999999991</ele>
        <time>2018-11-24T17:52:29Z</time>
      </trkpt>
      <trkpt lat="4.517127647995949" lon="-75.614018384367228">
        <ele>1618.309999999999945</ele>
        <time>2018-11-24T17:52:09Z</time>
      </trkpt>
      <trkpt lat="4.517168300226331" lon="-75.614063227549195">
        <ele>1616.240000000000009</ele>
        <time>2018-11-24T17:51:51Z</time>
      </trkpt>
      <trkpt lat="4.517211969941854" lon="-75.614147130399942">
        <ele>1613.579999999999927</ele>
        <time>2018-11-24T17:51:32Z</time>
      </trkpt>
      <trkpt lat="4.517266284674406" lon="-75.614205300807953">
        <ele>1611.119999999999891</ele>
        <time>2018-11-24T17:51:15Z</time>
      </trkpt>
      <trkpt lat="4.517307272180915" lon="-75.614269590005279">
        <ele>1607.970000000000027</ele>
        <time>2018-11-24T17:50:53Z</time>
      </trkpt>
      <trkpt lat="4.517374662682414" lon="-75.614296160638332">
        <ele>1604.779999999999973</ele>
        <time>2018-11-24T17:50:36Z</time>
      </trkpt>
      <trkpt lat="4.517443394288421" lon="-75.614292304962873">
        <ele>1604.900000000000091</ele>
        <time>2018-11-24T17:50:17Z</time>
      </trkpt>
      <trkpt lat="4.517495362088084" lon="-75.614341171458364">
        <ele>1601.079999999999927</ele>
        <time>2018-11-24T17:50:02Z</time>
      </trkpt>
      <trkpt lat="4.517595861107111" lon="-75.614322731271386">
        <ele>1598.380000000000109</ele>
        <time>2018-11-24T17:49:44Z</time>
      </trkpt>
      <trkpt lat="4.517670208588243" lon="-75.614261208102107">
        <ele>1597.1099999999999</ele>
        <time>2018-11-24T17:49:31Z</time>
      </trkpt>
      <trkpt lat="4.517785711213946" lon="-75.614123493432999">
        <ele>1595.279999999999973</ele>
        <time>2018-11-24T17:49:12Z</time>
      </trkpt>
      <trkpt lat="4.517985368147492" lon="-75.614065239205956">
        <ele>1593.210000000000036</ele>
        <time>2018-11-24T17:48:30Z</time>
      </trkpt>
      <trkpt lat="4.518046388402581" lon="-75.614035567268729">
        <ele>1592.329999999999927</ele>
        <time>2018-11-24T17:48:18Z</time>
      </trkpt>
      <trkpt lat="4.518101625144482" lon="-75.614047721028328">
        <ele>1592.910000000000082</ele>
        <time>2018-11-24T17:48:07Z</time>
      </trkpt>
      <trkpt lat="4.518176224082708" lon="-75.61406783759594">
        <ele>1592.299999999999955</ele>
        <time>2018-11-24T17:47:54Z</time>
      </trkpt>
      <trkpt lat="4.518235735595226" lon="-75.614086948335171">
        <ele>1590.920000000000073</ele>
        <time>2018-11-24T17:47:42Z</time>
      </trkpt>
      <trkpt lat="4.518306562677026" lon="-75.614114524796605">
        <ele>1588.440000000000055</ele>
        <time>2018-11-24T17:47:30Z</time>
      </trkpt>
      <trkpt lat="4.51833070255816" lon="-75.614098766818643">
        <ele>1587.180000000000064</ele>
        <time>2018-11-24T17:47:27Z</time>
      </trkpt>
      <trkpt lat="4.518364313989878" lon="-75.614084769040346">
        <ele>1587.6400000000001</ele>
        <time>2018-11-24T17:47:23Z</time>
      </trkpt>
      <trkpt lat="4.518439751118422" lon="-75.614092396572232">
        <ele>1587.529999999999973</ele>
        <time>2018-11-24T17:47:00Z</time>
      </trkpt>
      <trkpt lat="4.518509656190872" lon="-75.614192644134164">
        <ele>1587.680000000000064</ele>
        <time>2018-11-24T17:46:40Z</time>
      </trkpt>
      <trkpt lat="4.518517786636949" lon="-75.614197254180908">
        <ele>1585.480000000000018</ele>
        <time>2018-11-24T17:46:38Z</time>
      </trkpt>
      <trkpt lat="4.51852516271174" lon="-75.614204881712794">
        <ele>1586.1400000000001</ele>
        <time>2018-11-24T17:46:36Z</time>
      </trkpt>
      <trkpt lat="4.518528431653976" lon="-75.614205468446016">
        <ele>1589.450000000000045</ele>
        <time>2018-11-24T17:46:35Z</time>
      </trkpt>
      <trkpt lat="4.518528850749135" lon="-75.614207647740841">
        <ele>1580.130000000000109</ele>
        <time>2018-11-24T17:46:34Z</time>
      </trkpt>
      <trkpt lat="4.518541172146797" lon="-75.614219466224313">
        <ele>1584.849999999999909</ele>
        <time>2018-11-24T17:46:30Z</time>
      </trkpt>
      <trkpt lat="4.518598923459649" lon="-75.614238828420639">
        <ele>1585.079999999999927</ele>
        <time>2018-11-24T17:46:23Z</time>
      </trkpt>
      <trkpt lat="4.518688023090363" lon="-75.614295238628983">
        <ele>1584.920000000000073</ele>
        <time>2018-11-24T17:46:07Z</time>
      </trkpt>
      <trkpt lat="4.51881056651473" lon="-75.614346116781235">
        <ele>1585.339999999999918</ele>
        <time>2018-11-24T17:45:48Z</time>
      </trkpt>
      <trkpt lat="4.518846021965146" lon="-75.614410489797592">
        <ele>1584.710000000000036</ele>
        <time>2018-11-24T17:45:31Z</time>
      </trkpt>
      <trkpt lat="4.518891116604209" lon="-75.614513419568539">
        <ele>1583.779999999999973</ele>
        <time>2018-11-24T17:45:08Z</time>
      </trkpt>
      <trkpt lat="4.518960770219564" lon="-75.614591455087066">
        <ele>1582.849999999999909</ele>
        <time>2018-11-24T17:44:52Z</time>
      </trkpt>
      <trkpt lat="4.51902405358851" lon="-75.614631772041321">
        <ele>1581.799999999999955</ele>
        <time>2018-11-24T17:44:46Z</time>
      </trkpt>
      <trkpt lat="4.519104436039925" lon="-75.614727241918445">
        <ele>1582.619999999999891</ele>
        <time>2018-11-24T17:44:35Z</time>
      </trkpt>
      <trkpt lat="4.519044673070312" lon="-75.614820867776871">
        <ele>1581.8900000000001</ele>
        <time>2018-11-24T17:44:22Z</time>
      </trkpt>
      <trkpt lat="4.518985915929079" lon="-75.615055309608579">
        <ele>1580.25</ele>
        <time>2018-11-24T17:43:47Z</time>
      </trkpt>
      <trkpt lat="4.518993543460965" lon="-75.61515798792243">
        <ele>1578.960000000000036</ele>
        <time>2018-11-24T17:43:30Z</time>
      </trkpt>
      <trkpt lat="4.519027071073651" lon="-75.615249350667">
        <ele>1577.910000000000082</ele>
        <time>2018-11-24T17:43:19Z</time>
      </trkpt>
      <trkpt lat="4.519062861800194" lon="-75.615411791950464">
        <ele>1575.789999999999964</ele>
        <time>2018-11-24T17:43:00Z</time>
      </trkpt>
      <trkpt lat="4.519097730517387" lon="-75.615491671487689">
        <ele>1575.769999999999982</ele>
        <time>2018-11-24T17:42:40Z</time>
      </trkpt>
      <trkpt lat="4.519113572314382" lon="-75.615679426118731">
        <ele>1574.660000000000082</ele>
        <time>2018-11-24T17:42:08Z</time>
      </trkpt>
      <trkpt lat="4.519180040806532" lon="-75.615966254845262">
        <ele>1573.099999999999909</ele>
        <time>2018-11-24T17:41:22Z</time>
      </trkpt>
      <trkpt lat="4.51923469081521" lon="-75.616055438295007">
        <ele>1572.490000000000009</ele>
        <time>2018-11-24T17:41:03Z</time>
      </trkpt>
      <trkpt lat="4.519314737990499" lon="-75.616135653108358">
        <ele>1572.809999999999945</ele>
        <time>2018-11-24T17:40:44Z</time>
      </trkpt>
      <trkpt lat="4.519384475424886" lon="-75.616188040003181">
        <ele>1572.210000000000036</ele>
        <time>2018-11-24T17:40:32Z</time>
      </trkpt>
      <trkpt lat="4.519475419074297" lon="-75.616247300058603">
        <ele>1575.769999999999982</ele>
        <time>2018-11-24T17:40:08Z</time>
      </trkpt>
      <trkpt lat="4.519509952515364" lon="-75.616304883733392">
        <ele>1575.339999999999918</ele>
        <time>2018-11-24T17:39:50Z</time>
      </trkpt>
      <trkpt lat="4.51952294446528" lon="-75.61640840023756">
        <ele>1575.420000000000073</ele>
        <time>2018-11-24T17:39:23Z</time>
      </trkpt>
      <trkpt lat="4.519571140408516" lon="-75.616480400785804">
        <ele>1574.009999999999991</ele>
        <time>2018-11-24T17:39:12Z</time>
      </trkpt>
      <trkpt lat="4.519624868407845" lon="-75.616574194282293">
        <ele>1573.8900000000001</ele>
        <time>2018-11-24T17:38:57Z</time>
      </trkpt>
      <trkpt lat="4.519649930298328" lon="-75.616699419915676">
        <ele>1574.630000000000109</ele>
        <time>2018-11-24T17:38:43Z</time>
      </trkpt>
      <trkpt lat="4.519665436819196" lon="-75.616823472082615">
        <ele>1574.349999999999909</ele>
        <time>2018-11-24T17:38:30Z</time>
      </trkpt>
      <trkpt lat="4.519669292494655" lon="-75.616839397698641">
        <ele>1575.089999999999918</ele>
        <time>2018-11-24T17:38:27Z</time>
      </trkpt>
      <trkpt lat="4.519695360213518" lon="-75.616973759606481">
        <ele>1574.730000000000018</ele>
        <time>2018-11-24T17:38:12Z</time>
      </trkpt>
      <trkpt lat="4.519745064899325" lon="-75.617111474275589">
        <ele>1572.519999999999982</ele>
        <time>2018-11-24T17:37:52Z</time>
      </trkpt>
      <trkpt lat="4.519899459555745" lon="-75.617190767079592">
        <ele>1572.869999999999891</ele>
        <time>2018-11-24T17:37:29Z</time>
      </trkpt>
      <trkpt lat="4.520065253600478" lon="-75.617204178124666">
        <ele>1571.8900000000001</ele>
        <time>2018-11-24T17:37:11Z</time>
      </trkpt>
      <trkpt lat="4.52017379924655" lon="-75.617256984114647">
        <ele>1571.839999999999918</ele>
        <time>2018-11-24T17:36:57Z</time>
      </trkpt>
      <trkpt lat="4.520320985466242" lon="-75.617286739870906">
        <ele>1570.230000000000018</ele>
        <time>2018-11-24T17:36:37Z</time>
      </trkpt>
      <trkpt lat="4.520457023754716" lon="-75.617340467870235">
        <ele>1569.680000000000064</ele>
        <time>2018-11-24T17:36:17Z</time>
      </trkpt>
      <trkpt lat="4.520539082586765" lon="-75.617398303002119">
        <ele>1571.1400000000001</ele>
        <time>2018-11-24T17:35:58Z</time>
      </trkpt>
      <trkpt lat="4.520536819472909" lon="-75.617404505610466">
        <ele>1563.8900000000001</ele>
        <time>2018-11-24T17:35:57Z</time>
      </trkpt>
      <trkpt lat="4.520543860271573" lon="-75.617417581379414">
        <ele>1569.279999999999973</ele>
        <time>2018-11-24T17:35:54Z</time>
      </trkpt>
      <trkpt lat="4.520544949918985" lon="-75.617422107607126">
        <ele>1568.329999999999927</ele>
        <time>2018-11-24T17:35:50Z</time>
      </trkpt>
      <trkpt lat="4.520557941868901" lon="-75.617442475631833">
        <ele>1569.380000000000109</ele>
        <time>2018-11-24T17:35:19Z</time>
      </trkpt>
      <trkpt lat="4.52056959271431" lon="-75.617502154782414">
        <ele>1569.240000000000009</ele>
        <time>2018-11-24T17:34:51Z</time>
      </trkpt>
      <trkpt lat="4.520572191104293" lon="-75.617487486451864">
        <ele>1569.150000000000091</ele>
        <time>2018-11-24T17:34:32Z</time>
      </trkpt>
      <trkpt lat="4.520562551915646" lon="-75.617443984374404">
        <ele>1570.470000000000027</ele>
        <time>2018-11-24T17:34:04Z</time>
      </trkpt>
      <trkpt lat="4.520559618249536" lon="-75.617407606914639">
        <ele>1568.650000000000091</ele>
        <time>2018-11-24T17:33:39Z</time>
      </trkpt>
      <trkpt lat="4.520521480590105" lon="-75.617378605529666">
        <ele>1569.759999999999991</ele>
        <time>2018-11-24T17:33:16Z</time>
      </trkpt>
      <trkpt lat="4.520552912726998" lon="-75.617397213354707">
        <ele>1568.910000000000082</ele>
        <time>2018-11-24T17:32:55Z</time>
      </trkpt>
      <trkpt lat="4.520545201376081" lon="-75.617408026009798">
        <ele>1569.319999999999936</ele>
        <time>2018-11-24T17:32:38Z</time>
      </trkpt>
      <trkpt lat="4.520565569400787" lon="-75.61741934157908">
        <ele>1569.349999999999909</ele>
        <time>2018-11-24T17:32:13Z</time>
      </trkpt>
      <trkpt lat="4.520591218024492" lon="-75.617388663813472">
        <ele>1569.029999999999973</ele>
        <time>2018-11-24T17:32:04Z</time>
      </trkpt>
      <trkpt lat="4.520646454766393" lon="-75.617423700168729">
        <ele>1568.720000000000027</ele>
        <time>2018-11-24T17:31:47Z</time>
      </trkpt>
      <trkpt lat="4.520779643207788" lon="-75.617536604404449">
        <ele>1568.569999999999936</ele>
        <time>2018-11-24T17:31:22Z</time>
      </trkpt>
      <trkpt lat="4.520907802507281" lon="-75.617625284940004">
        <ele>1567.559999999999945</ele>
        <time>2018-11-24T17:31:03Z</time>
      </trkpt>
      <trkpt lat="4.520967733114958" lon="-75.617691921070218">
        <ele>1566.339999999999918</ele>
        <time>2018-11-24T17:30:47Z</time>
      </trkpt>
      <trkpt lat="4.521011067554355" lon="-75.617788145318627">
        <ele>1565.559999999999945</ele>
        <time>2018-11-24T17:30:31Z</time>
      </trkpt>
      <trkpt lat="4.521016767248511" lon="-75.617799879983068">
        <ele>1565.819999999999936</ele>
        <time>2018-11-24T17:30:28Z</time>
      </trkpt>
      <trkpt lat="4.521183567121625" lon="-75.617846483364701">
        <ele>1563.099999999999909</ele>
        <time>2018-11-24T17:29:54Z</time>
      </trkpt>
      <trkpt lat="4.521236289292574" lon="-75.617902055382729">
        <ele>1561.720000000000027</ele>
        <time>2018-11-24T17:29:43Z</time>
      </trkpt>
      <trkpt lat="4.521367382258177" lon="-75.617980007082224">
        <ele>1559.430000000000064</ele>
        <time>2018-11-24T17:29:18Z</time>
      </trkpt>
      <trkpt lat="4.52142714522779" lon="-75.618012193590403">
        <ele>1557.680000000000064</ele>
        <time>2018-11-24T17:29:05Z</time>
      </trkpt>
      <trkpt lat="4.521459583193064" lon="-75.618029627948999">
        <ele>1557.299999999999955</ele>
        <time>2018-11-24T17:28:52Z</time>
      </trkpt>
      <trkpt lat="4.521502917632461" lon="-75.617987550795078">
        <ele>1556.5</ele>
        <time>2018-11-24T17:28:39Z</time>
      </trkpt>
      <trkpt lat="4.521639542654157" lon="-75.617973636835814">
        <ele>1558.019999999999982</ele>
        <time>2018-11-24T17:28:22Z</time>
      </trkpt>
      <trkpt lat="4.52170324511826" lon="-75.617991909384727">
        <ele>1556.680000000000064</ele>
        <time>2018-11-24T17:28:10Z</time>
      </trkpt>
      <trkpt lat="4.521736269816756" lon="-75.618020994588733">
        <ele>1556.910000000000082</ele>
        <time>2018-11-24T17:28:05Z</time>
      </trkpt>
      <trkpt lat="4.521742220968008" lon="-75.618022503331304">
        <ele>1557.1099999999999</ele>
        <time>2018-11-24T17:27:30Z</time>
      </trkpt>
      <trkpt lat="4.521758984774351" lon="-75.617997692897916">
        <ele>1556.420000000000073</ele>
        <time>2018-11-24T17:27:02Z</time>
      </trkpt>
      <trkpt lat="4.521780023351312" lon="-75.618054606020451">
        <ele>1556.8900000000001</ele>
        <time>2018-11-24T17:26:56Z</time>
      </trkpt>
      <trkpt lat="4.521835092455149" lon="-75.618157703429461">
        <ele>1556.160000000000082</ele>
        <time>2018-11-24T17:26:41Z</time>
      </trkpt>
      <trkpt lat="4.521956378594041" lon="-75.618322156369686">
        <ele>1554.539999999999964</ele>
        <time>2018-11-24T17:26:15Z</time>
      </trkpt>
      <trkpt lat="4.522097194567323" lon="-75.618506474420428">
        <ele>1554.380000000000109</ele>
        <time>2018-11-24T17:25:51Z</time>
      </trkpt>
      <trkpt lat="4.522176571190357" lon="-75.618752986192703">
        <ele>1554.559999999999945</ele>
        <time>2018-11-24T17:25:27Z</time>
      </trkpt>
      <trkpt lat="4.522221833467484" lon="-75.619012573733926">
        <ele>1556.240000000000009</ele>
        <time>2018-11-24T17:25:01Z</time>
      </trkpt>
      <trkpt lat="4.522074311971664" lon="-75.619132770225406">
        <ele>1557.240000000000009</ele>
        <time>2018-11-24T17:24:47Z</time>
      </trkpt>
      <trkpt lat="4.522042796015739" lon="-75.619275262579322">
        <ele>1558.509999999999991</ele>
        <time>2018-11-24T17:24:22Z</time>
      </trkpt>
      <trkpt lat="4.522019745782018" lon="-75.61931574717164">
        <ele>1559.049999999999955</ele>
        <time>2018-11-24T17:24:14Z</time>
      </trkpt>
      <trkpt lat="4.522003820165992" lon="-75.619355477392673">
        <ele>1558.710000000000036</ele>
        <time>2018-11-24T17:24:07Z</time>
      </trkpt>
      <trkpt lat="4.521962748840451" lon="-75.619429741054773">
        <ele>1559.490000000000009</ele>
        <time>2018-11-24T17:23:47Z</time>
      </trkpt>
      <trkpt lat="4.521903153508902" lon="-75.61948137357831">
        <ele>1559.519999999999982</ele>
        <time>2018-11-24T17:23:37Z</time>
      </trkpt>
      <trkpt lat="4.521815814077854" lon="-75.619604252278805">
        <ele>1559.230000000000018</ele>
        <time>2018-11-24T17:23:15Z</time>
      </trkpt>
      <trkpt lat="4.521759487688541" lon="-75.619931733235717">
        <ele>1556.230000000000018</ele>
        <time>2018-11-24T17:22:32Z</time>
      </trkpt>
      <trkpt lat="4.521755296736956" lon="-75.620323922485113">
        <ele>1552.980000000000018</ele>
        <time>2018-11-24T17:21:31Z</time>
      </trkpt>
      <trkpt lat="4.521666616201401" lon="-75.620528692379594">
        <ele>1551.670000000000073</ele>
        <time>2018-11-24T17:21:04Z</time>
      </trkpt>
      <trkpt lat="4.521650103852153" lon="-75.620552329346538">
        <ele>1551.730000000000018</ele>
        <time>2018-11-24T17:20:59Z</time>
      </trkpt>
      <trkpt lat="4.521569218486547" lon="-75.620693732053041">
        <ele>1551.430000000000064</ele>
        <time>2018-11-24T17:20:36Z</time>
      </trkpt>
      <trkpt lat="4.521549018099904" lon="-75.620893388986588">
        <ele>1551.3900000000001</ele>
        <time>2018-11-24T17:20:12Z</time>
      </trkpt>
      <trkpt lat="4.521545749157667" lon="-75.621033115312457">
        <ele>1550.900000000000091</ele>
        <time>2018-11-24T17:19:46Z</time>
      </trkpt>
      <trkpt lat="4.521487830206752" lon="-75.621149959042668">
        <ele>1549.259999999999991</ele>
        <time>2018-11-24T17:19:28Z</time>
      </trkpt>
      <trkpt lat="4.521446926519275" lon="-75.621319357305765">
        <ele>1547.630000000000109</ele>
        <time>2018-11-24T17:19:09Z</time>
      </trkpt>
      <trkpt lat="4.52140711247921" lon="-75.621509542688727">
        <ele>1546.799999999999955</ele>
        <time>2018-11-24T17:18:44Z</time>
      </trkpt>
      <trkpt lat="4.521400658413768" lon="-75.621615909039974">
        <ele>1547.160000000000082</ele>
        <time>2018-11-24T17:18:33Z</time>
      </trkpt>
      <trkpt lat="4.521398982033134" lon="-75.621647173538804">
        <ele>1546.630000000000109</ele>
        <time>2018-11-24T17:18:28Z</time>
      </trkpt>
      <trkpt lat="4.52140811830759" lon="-75.621778769418597">
        <ele>1545.829999999999927</ele>
        <time>2018-11-24T17:18:17Z</time>
      </trkpt>
      <trkpt lat="4.521410800516605" lon="-75.621794946491718">
        <ele>1545.5</ele>
        <time>2018-11-24T17:18:14Z</time>
      </trkpt>
      <trkpt lat="4.521445417776704" lon="-75.62188882380724">
        <ele>1545.019999999999982</ele>
        <time>2018-11-24T17:18:02Z</time>
      </trkpt>
      <trkpt lat="4.521481124684215" lon="-75.621996195986867">
        <ele>1544.839999999999918</ele>
        <time>2018-11-24T17:17:52Z</time>
      </trkpt>
      <trkpt lat="4.521511131897569" lon="-75.622080098837614">
        <ele>1544.650000000000091</ele>
        <time>2018-11-24T17:17:37Z</time>
      </trkpt>
      <trkpt lat="4.521544659510255" lon="-75.62211949378252">
        <ele>1544.049999999999955</ele>
        <time>2018-11-24T17:17:17Z</time>
      </trkpt>
      <trkpt lat="4.521539714187384" lon="-75.622082194313407">
        <ele>1545.089999999999918</ele>
        <time>2018-11-24T17:16:54Z</time>
      </trkpt>
      <trkpt lat="4.521545246243477" lon="-75.622095270082355">
        <ele>1543.930000000000064</ele>
        <time>2018-11-24T17:16:38Z</time>
      </trkpt>
      <trkpt lat="4.521581036970019" lon="-75.622101724147797">
        <ele>1544.309999999999945</ele>
        <time>2018-11-24T17:16:28Z</time>
      </trkpt>
      <trkpt lat="4.521661251783371" lon="-75.622183615341783">
        <ele>1544.079999999999927</ele>
        <time>2018-11-24T17:16:17Z</time>
      </trkpt>
      <trkpt lat="4.521766779944301" lon="-75.622272463515401">
        <ele>1544.039999999999964</ele>
        <time>2018-11-24T17:16:00Z</time>
      </trkpt>
      <trkpt lat="4.521803073585033" lon="-75.622363490983844">
        <ele>1543.529999999999973</ele>
        <time>2018-11-24T17:15:43Z</time>
      </trkpt>
      <trkpt lat="4.521838948130608" lon="-75.622458960860968">
        <ele>1543.470000000000027</ele>
        <time>2018-11-24T17:15:27Z</time>
      </trkpt>
      <trkpt lat="4.521871050819755" lon="-75.622518556192517">
        <ele>1543.099999999999909</ele>
        <time>2018-11-24T17:15:13Z</time>
      </trkpt>
      <trkpt lat="4.521881276741624" lon="-75.622550407424569">
        <ele>1543.410000000000082</ele>
        <time>2018-11-24T17:14:57Z</time>
      </trkpt>
      <trkpt lat="4.521970376372337" lon="-75.622593155130744">
        <ele>1542.339999999999918</ele>
        <time>2018-11-24T17:14:43Z</time>
      </trkpt>
      <trkpt lat="4.522055201232433" lon="-75.622713100165129">
        <ele>1543.5</ele>
        <time>2018-11-24T17:14:20Z</time>
      </trkpt>
      <trkpt lat="4.522094679996371" lon="-75.622803457081318">
        <ele>1543.990000000000009</ele>
        <time>2018-11-24T17:14:02Z</time>
      </trkpt>
      <trkpt lat="4.522194592282176" lon="-75.622910242527723">
        <ele>1541.869999999999891</ele>
        <time>2018-11-24T17:13:41Z</time>
      </trkpt>
      <trkpt lat="4.522229293361306" lon="-75.6229736097157">
        <ele>1543.289999999999964</ele>
        <time>2018-11-24T17:13:26Z</time>
      </trkpt>
      <trkpt lat="4.522242704406381" lon="-75.623049214482307">
        <ele>1542.460000000000036</ele>
        <time>2018-11-24T17:13:13Z</time>
      </trkpt>
      <trkpt lat="4.522206746041775" lon="-75.623121885582805">
        <ele>1542.349999999999909</ele>
        <time>2018-11-24T17:12:50Z</time>
      </trkpt>
      <trkpt lat="4.522281847894192" lon="-75.623242165893316">
        <ele>1543.529999999999973</ele>
        <time>2018-11-24T17:12:29Z</time>
      </trkpt>
      <trkpt lat="4.522301461547613" lon="-75.623297654092312">
        <ele>1543.940000000000055</ele>
        <time>2018-11-24T17:12:04Z</time>
      </trkpt>
      <trkpt lat="4.522303137928247" lon="-75.623457580804825">
        <ele>1544.8900000000001</ele>
        <time>2018-11-24T17:11:39Z</time>
      </trkpt>
      <trkpt lat="4.522301880642772" lon="-75.623604180291295">
        <ele>1547.039999999999964</ele>
        <time>2018-11-24T17:11:20Z</time>
      </trkpt>
      <trkpt lat="4.522326188161969" lon="-75.623754300177097">
        <ele>1548.490000000000009</ele>
        <time>2018-11-24T17:11:03Z</time>
      </trkpt>
      <trkpt lat="4.522357117384672" lon="-75.623792018741369">
        <ele>1549.259999999999991</ele>
        <time>2018-11-24T17:10:56Z</time>
      </trkpt>
      <trkpt lat="4.52239659614861" lon="-75.623923279345036">
        <ele>1549.769999999999982</ele>
        <time>2018-11-24T17:10:35Z</time>
      </trkpt>
      <trkpt lat="4.522412521764636" lon="-75.623984215781093">
        <ele>1550.900000000000091</ele>
        <time>2018-11-24T17:10:17Z</time>
      </trkpt>
      <trkpt lat="4.522421909496188" lon="-75.624088067561388">
        <ele>1551.059999999999945</ele>
        <time>2018-11-24T17:10:02Z</time>
      </trkpt>
      <trkpt lat="4.52243716455996" lon="-75.62419812195003">
        <ele>1551.690000000000055</ele>
        <time>2018-11-24T17:09:47Z</time>
      </trkpt>
      <trkpt lat="4.522416880354285" lon="-75.624319911003113">
        <ele>1552.579999999999927</ele>
        <time>2018-11-24T17:09:33Z</time>
      </trkpt>
      <trkpt lat="4.52239902690053" lon="-75.624424098059535">
        <ele>1552.910000000000082</ele>
        <time>2018-11-24T17:09:18Z</time>
      </trkpt>
      <trkpt lat="4.522491898387671" lon="-75.624522250145674">
        <ele>1553.559999999999945</ele>
        <time>2018-11-24T17:08:59Z</time>
      </trkpt>
      <trkpt lat="4.522607568651438" lon="-75.624596010893583">
        <ele>1553.420000000000073</ele>
        <time>2018-11-24T17:08:39Z</time>
      </trkpt>
      <trkpt lat="4.522719718515873" lon="-75.62461637891829">
        <ele>1553.099999999999909</ele>
        <time>2018-11-24T17:08:16Z</time>
      </trkpt>
      <trkpt lat="4.52286371961236" lon="-75.624705646187067">
        <ele>1552.460000000000036</ele>
        <time>2018-11-24T17:07:56Z</time>
      </trkpt>
      <trkpt lat="4.522893223911524" lon="-75.624857693910599">
        <ele>1552.730000000000018</ele>
        <time>2018-11-24T17:07:40Z</time>
      </trkpt>
      <trkpt lat="4.522922979667783" lon="-75.624939752742648">
        <ele>1553.660000000000082</ele>
        <time>2018-11-24T17:07:30Z</time>
      </trkpt>
      <trkpt lat="4.522965559735894" lon="-75.625144941732287">
        <ele>1553.339999999999918</ele>
        <time>2018-11-24T17:07:08Z</time>
      </trkpt>
      <trkpt lat="4.522973019629717" lon="-75.625266814604402">
        <ele>1554.6099999999999</ele>
        <time>2018-11-24T17:06:48Z</time>
      </trkpt>
      <trkpt lat="4.52301224693656" lon="-75.625339569523931">
        <ele>1554.210000000000036</ele>
        <time>2018-11-24T17:06:17Z</time>
      </trkpt>
      <trkpt lat="4.523052731528878" lon="-75.625430177897215">
        <ele>1555.329999999999927</ele>
        <time>2018-11-24T17:06:03Z</time>
      </trkpt>
      <trkpt lat="4.523074440658092" lon="-75.625506034120917">
        <ele>1553.920000000000073</ele>
        <time>2018-11-24T17:05:51Z</time>
      </trkpt>
      <trkpt lat="4.523126995190978" lon="-75.625589182600379">
        <ele>1552.6400000000001</ele>
        <time>2018-11-24T17:05:38Z</time>
      </trkpt>
      <trkpt lat="4.523186925798655" lon="-75.625681048259139">
        <ele>1552.279999999999973</ele>
        <time>2018-11-24T17:05:24Z</time>
      </trkpt>
      <trkpt lat="4.523288263007998" lon="-75.625819768756628">
        <ele>1551.339999999999918</ele>
        <time>2018-11-24T17:05:01Z</time>
      </trkpt>
      <trkpt lat="4.523320030421019" lon="-75.625936109572649">
        <ele>1551.049999999999955</ele>
        <time>2018-11-24T17:04:47Z</time>
      </trkpt>
      <trkpt lat="4.523321036249399" lon="-75.625945162028074">
        <ele>1550.410000000000082</ele>
        <time>2018-11-24T17:04:46Z</time>
      </trkpt>
      <trkpt lat="4.523356156423688" lon="-75.62610911205411">
        <ele>1550.579999999999927</ele>
        <time>2018-11-24T17:04:26Z</time>
      </trkpt>
      <trkpt lat="4.523358084261417" lon="-75.626206509768963">
        <ele>1550.150000000000091</ele>
        <time>2018-11-24T17:04:14Z</time>
      </trkpt>
      <trkpt lat="4.523375099524856" lon="-75.626335339620709">
        <ele>1549.400000000000091</ele>
        <time>2018-11-24T17:04:01Z</time>
      </trkpt>
      <trkpt lat="4.523355066776276" lon="-75.626460397616029">
        <ele>1548.779999999999973</ele>
        <time>2018-11-24T17:03:48Z</time>
      </trkpt>
      <trkpt lat="4.523340817540884" lon="-75.626568607985973">
        <ele>1548.529999999999973</ele>
        <time>2018-11-24T17:03:36Z</time>
      </trkpt>
      <trkpt lat="4.523336123675108" lon="-75.626699449494481">
        <ele>1548.369999999999891</ele>
        <time>2018-11-24T17:03:22Z</time>
      </trkpt>
      <trkpt lat="4.523316258564591" lon="-75.626817131415009">
        <ele>1547.049999999999955</ele>
        <time>2018-11-24T17:03:01Z</time>
      </trkpt>
      <trkpt lat="4.523305613547564" lon="-75.626917211338878">
        <ele>1546.440000000000055</ele>
        <time>2018-11-24T17:02:45Z</time>
      </trkpt>
      <trkpt lat="4.52329714782536" lon="-75.627047969028354">
        <ele>1546.470000000000027</ele>
        <time>2018-11-24T17:02:27Z</time>
      </trkpt>
      <trkpt lat="4.523298321291804" lon="-75.627058614045382">
        <ele>1545.369999999999891</ele>
        <time>2018-11-24T17:02:17Z</time>
      </trkpt>
      <trkpt lat="4.523333357647061" lon="-75.627118544653058">
        <ele>1545.839999999999918</ele>
        <time>2018-11-24T17:02:02Z</time>
      </trkpt>
      <trkpt lat="4.523402005434036" lon="-75.62727453187108">
        <ele>1544.710000000000036</ele>
        <time>2018-11-24T17:01:39Z</time>
      </trkpt>
      <trkpt lat="4.523392785340548" lon="-75.627439403906465">
        <ele>1543.849999999999909</ele>
        <time>2018-11-24T17:01:20Z</time>
      </trkpt>
      <trkpt lat="4.523427402600646" lon="-75.627536047250032">
        <ele>1543.210000000000036</ele>
        <time>2018-11-24T17:01:09Z</time>
      </trkpt>
      <trkpt lat="4.523509796708822" lon="-75.627670744433999">
        <ele>1542.160000000000082</ele>
        <time>2018-11-24T17:00:51Z</time>
      </trkpt>
      <trkpt lat="4.523579198867083" lon="-75.627841902896762">
        <ele>1540.910000000000082</ele>
        <time>2018-11-24T17:00:31Z</time>
      </trkpt>
      <trkpt lat="4.523646673187613" lon="-75.62801867723465">
        <ele>1539.650000000000091</ele>
        <time>2018-11-24T17:00:09Z</time>
      </trkpt>
      <trkpt lat="4.523739209398627" lon="-75.628123870119452">
        <ele>1538.329999999999927</ele>
        <time>2018-11-24T16:59:50Z</time>
      </trkpt>
      <trkpt lat="4.523793943226337" lon="-75.628222525119781">
        <ele>1537.150000000000091</ele>
        <time>2018-11-24T16:59:35Z</time>
      </trkpt>
      <trkpt lat="4.523828811943531" lon="-75.628373483195901">
        <ele>1535.910000000000082</ele>
        <time>2018-11-24T16:59:17Z</time>
      </trkpt>
      <trkpt lat="4.523835014551878" lon="-75.628508096560836">
        <ele>1534.450000000000045</ele>
        <time>2018-11-24T16:59:01Z</time>
      </trkpt>
      <trkpt lat="4.523864602670074" lon="-75.628687385469675">
        <ele>1533.210000000000036</ele>
        <time>2018-11-24T16:58:41Z</time>
      </trkpt>
      <trkpt lat="4.523866279050708" lon="-75.628825686872005">
        <ele>1532.480000000000018</ele>
        <time>2018-11-24T16:58:24Z</time>
      </trkpt>
      <trkpt lat="4.523857310414314" lon="-75.628987122327089">
        <ele>1531.950000000000045</ele>
        <time>2018-11-24T16:58:05Z</time>
      </trkpt>
      <trkpt lat="4.523854963481426" lon="-75.629165070131421">
        <ele>1531.470000000000027</ele>
        <time>2018-11-24T16:57:46Z</time>
      </trkpt>
      <trkpt lat="4.523842725902796" lon="-75.629325667396188">
        <ele>1531.039999999999964</ele>
        <time>2018-11-24T16:57:27Z</time>
      </trkpt>
      <trkpt lat="4.523859489709139" lon="-75.629521803930402">
        <ele>1530.829999999999927</ele>
        <time>2018-11-24T16:57:05Z</time>
      </trkpt>
      <trkpt lat="4.523899974301457" lon="-75.629667481407523">
        <ele>1530.730000000000018</ele>
        <time>2018-11-24T16:56:48Z</time>
      </trkpt>
      <trkpt lat="4.52398806810379" lon="-75.629786588251591">
        <ele>1530.660000000000082</ele>
        <time>2018-11-24T16:56:32Z</time>
      </trkpt>
      <trkpt lat="4.524094015359879" lon="-75.629959339275956">
        <ele>1530.3599999999999</ele>
        <time>2018-11-24T16:56:10Z</time>
      </trkpt>
      <trkpt lat="4.524149838835001" lon="-75.630086241289973">
        <ele>1530.230000000000018</ele>
        <time>2018-11-24T16:55:53Z</time>
      </trkpt>
      <trkpt lat="4.524191664531827" lon="-75.630243653431535">
        <ele>1530.119999999999891</ele>
        <time>2018-11-24T16:55:35Z</time>
      </trkpt>
      <trkpt lat="4.524246817454696" lon="-75.630372483283281">
        <ele>1530.3599999999999</ele>
        <time>2018-11-24T16:55:20Z</time>
      </trkpt>
      <trkpt lat="4.524339186027646" lon="-75.630514221265912">
        <ele>1530.8599999999999</ele>
        <time>2018-11-24T16:55:03Z</time>
      </trkpt>
      <trkpt lat="4.524437002837658" lon="-75.63067733310163">
        <ele>1531.75</ele>
        <time>2018-11-24T16:54:44Z</time>
      </trkpt>
      <trkpt lat="4.524479918181896" lon="-75.630725026130676">
        <ele>1532.259999999999991</ele>
        <time>2018-11-24T16:54:38Z</time>
      </trkpt>
      <trkpt lat="4.524552840739489" lon="-75.630773138254881">
        <ele>1532.529999999999973</ele>
        <time>2018-11-24T16:54:27Z</time>
      </trkpt>
      <trkpt lat="4.524668259546161" lon="-75.630774479359388">
        <ele>1532.430000000000064</ele>
        <time>2018-11-24T16:54:13Z</time>
      </trkpt>
      <trkpt lat="4.524787701666355" lon="-75.630696276202798">
        <ele>1532.049999999999955</ele>
        <time>2018-11-24T16:53:56Z</time>
      </trkpt>
      <trkpt lat="4.524861378595233" lon="-75.630684038624167">
        <ele>1531.779999999999973</ele>
        <time>2018-11-24T16:53:45Z</time>
      </trkpt>
      <trkpt lat="4.524885853752494" lon="-75.630793841555715">
        <ele>1531.75</ele>
        <time>2018-11-24T16:53:30Z</time>
      </trkpt>
      <trkpt lat="4.524831203743815" lon="-75.630945889279246">
        <ele>1532.299999999999955</ele>
        <time>2018-11-24T16:53:12Z</time>
      </trkpt>
      <trkpt lat="4.524774039164186" lon="-75.631088716909289">
        <ele>1532.670000000000073</ele>
        <time>2018-11-24T16:52:55Z</time>
      </trkpt>
      <trkpt lat="4.524728106334805" lon="-75.631249230355024">
        <ele>1533.25</ele>
        <time>2018-11-24T16:52:36Z</time>
      </trkpt>
      <trkpt lat="4.524729028344154" lon="-75.631298264488578">
        <ele>1533.549999999999955</ele>
        <time>2018-11-24T16:52:31Z</time>
      </trkpt>
      <trkpt lat="4.524781918153167" lon="-75.631442768499255">
        <ele>1534.3900000000001</ele>
        <time>2018-11-24T16:52:14Z</time>
      </trkpt>
      <trkpt lat="4.524860540404916" lon="-75.631587021052837">
        <ele>1535.240000000000009</ele>
        <time>2018-11-24T16:51:55Z</time>
      </trkpt>
      <trkpt lat="4.52491401694715" lon="-75.631740996614099">
        <ele>1535.730000000000018</ele>
        <time>2018-11-24T16:51:38Z</time>
      </trkpt>
      <trkpt lat="4.524968331679702" lon="-75.631931768730283">
        <ele>1536.740000000000009</ele>
        <time>2018-11-24T16:51:18Z</time>
      </trkpt>
      <trkpt lat="4.525003703311086" lon="-75.63212413340807">
        <ele>1537.059999999999945</ele>
        <time>2018-11-24T16:50:59Z</time>
      </trkpt>
      <trkpt lat="4.525017533451319" lon="-75.632254723459482">
        <ele>1537.279999999999973</ele>
        <time>2018-11-24T16:50:44Z</time>
      </trkpt>
      <trkpt lat="4.525013593956828" lon="-75.632474580779672">
        <ele>1538.660000000000082</ele>
        <time>2018-11-24T16:50:21Z</time>
      </trkpt>
      <trkpt lat="4.525013091042638" lon="-75.632527973502874">
        <ele>1538.490000000000009</ele>
        <time>2018-11-24T16:50:00Z</time>
      </trkpt>
      <trkpt lat="4.525027507916093" lon="-75.632533757016063">
        <ele>1538.6099999999999</ele>
        <time>2018-11-24T16:49:45Z</time>
      </trkpt>
      <trkpt lat="4.525040918961167" lon="-75.632584718987346">
        <ele>1538.630000000000109</ele>
        <time>2018-11-24T16:49:28Z</time>
      </trkpt>
      <trkpt lat="4.525070423260331" lon="-75.632648756727576">
        <ele>1538.430000000000064</ele>
        <time>2018-11-24T16:49:14Z</time>
      </trkpt>
      <trkpt lat="4.52509917318821" lon="-75.632684379816055">
        <ele>1538.339999999999918</ele>
        <time>2018-11-24T16:48:43Z</time>
      </trkpt>
      <trkpt lat="4.525095066055655" lon="-75.632698209956288">
        <ele>1538.3599999999999</ele>
        <time>2018-11-24T16:48:15Z</time>
      </trkpt>
      <trkpt lat="4.525114679709077" lon="-75.632708016782999">
        <ele>1538.299999999999955</ele>
        <time>2018-11-24T16:47:51Z</time>
      </trkpt>
      <trkpt lat="4.525100430473685" lon="-75.632696449756622">
        <ele>1538.170000000000073</ele>
        <time>2018-11-24T16:47:35Z</time>
      </trkpt>
      <trkpt lat="4.525112081319094" lon="-75.632714387029409">
        <ele>1538.240000000000009</ele>
        <time>2018-11-24T16:47:15Z</time>
      </trkpt>
      <trkpt lat="4.525140412151814" lon="-75.632769456133246">
        <ele>1538.410000000000082</ele>
        <time>2018-11-24T16:46:53Z</time>
      </trkpt>
      <trkpt lat="4.525208054110408" lon="-75.632857130840421">
        <ele>1538.430000000000064</ele>
        <time>2018-11-24T16:46:36Z</time>
      </trkpt>
      <trkpt lat="4.525228338316083" lon="-75.632931813597679">
        <ele>1538.279999999999973</ele>
        <time>2018-11-24T16:46:21Z</time>
      </trkpt>
      <trkpt lat="4.525213502347469" lon="-75.633046058937907">
        <ele>1538.6400000000001</ele>
        <time>2018-11-24T16:46:06Z</time>
      </trkpt>
      <trkpt lat="4.525122893974185" lon="-75.633183270692825">
        <ele>1538.940000000000055</ele>
        <time>2018-11-24T16:45:46Z</time>
      </trkpt>
      <trkpt lat="4.525033626705408" lon="-75.633346298709512">
        <ele>1539.809999999999945</ele>
        <time>2018-11-24T16:45:26Z</time>
      </trkpt>
      <trkpt lat="4.525026334449649" lon="-75.633363900706172">
        <ele>1539.8900000000001</ele>
        <time>2018-11-24T16:45:24Z</time>
      </trkpt>
      <trkpt lat="4.525061370804906" lon="-75.633549392223358">
        <ele>1540.670000000000073</ele>
        <time>2018-11-24T16:45:04Z</time>
      </trkpt>
      <trkpt lat="4.525142507627606" lon="-75.633728848770261">
        <ele>1541.339999999999918</ele>
        <time>2018-11-24T16:44:45Z</time>
      </trkpt>
      <trkpt lat="4.525160025805235" lon="-75.633767489343882">
        <ele>1541.329999999999927</ele>
        <time>2018-11-24T16:44:41Z</time>
      </trkpt>
      <trkpt lat="4.52521450817585" lon="-75.633926494047046">
        <ele>1541.460000000000036</ele>
        <time>2018-11-24T16:44:23Z</time>
      </trkpt>
      <trkpt lat="4.525256836786866" lon="-75.634056413546205">
        <ele>1541.559999999999945</ele>
        <time>2018-11-24T16:44:05Z</time>
      </trkpt>
      <trkpt lat="4.525244096294045" lon="-75.634121121838689">
        <ele>1541.819999999999936</ele>
        <time>2018-11-24T16:43:57Z</time>
      </trkpt>
      <trkpt lat="4.52513144351542" lon="-75.634249029681087">
        <ele>1542.049999999999955</ele>
        <time>2018-11-24T16:43:35Z</time>
      </trkpt>
      <trkpt lat="4.524969840422273" lon="-75.634339051321149">
        <ele>1542.069999999999936</ele>
        <time>2018-11-24T16:43:15Z</time>
      </trkpt>
      <trkpt lat="4.52481972053647" lon="-75.634388756006956">
        <ele>1541.569999999999936</ele>
        <time>2018-11-24T16:42:58Z</time>
      </trkpt>
      <trkpt lat="4.524713521823287" lon="-75.634429324418306">
        <ele>1541.119999999999891</ele>
        <time>2018-11-24T16:42:43Z</time>
      </trkpt>
      <trkpt lat="4.524613777175546" lon="-75.634510293602943">
        <ele>1540.230000000000018</ele>
        <time>2018-11-24T16:42:24Z</time>
      </trkpt>
      <trkpt lat="4.524508249014616" lon="-75.634625293314457">
        <ele>1539.089999999999918</ele>
        <time>2018-11-24T16:42:04Z</time>
      </trkpt>
      <trkpt lat="4.524450916796923" lon="-75.634731408208609">
        <ele>1537.960000000000036</ele>
        <time>2018-11-24T16:41:47Z</time>
      </trkpt>
      <trkpt lat="4.524366930127144" lon="-75.63489711843431">
        <ele>1536.710000000000036</ele>
        <time>2018-11-24T16:41:25Z</time>
      </trkpt>
      <trkpt lat="4.524262994527817" lon="-75.635026870295405">
        <ele>1535.730000000000018</ele>
        <time>2018-11-24T16:41:05Z</time>
      </trkpt>
      <trkpt lat="4.524204405024648" lon="-75.635177493095398">
        <ele>1534.130000000000109</ele>
        <time>2018-11-24T16:40:46Z</time>
      </trkpt>
      <trkpt lat="4.52421136200428" lon="-75.635353848338127">
        <ele>1531.970000000000027</ele>
        <time>2018-11-24T16:40:25Z</time>
      </trkpt>
      <trkpt lat="4.524222509935498" lon="-75.635499441996217">
        <ele>1530.920000000000073</ele>
        <time>2018-11-24T16:40:07Z</time>
      </trkpt>
      <trkpt lat="4.524244721978903" lon="-75.635660625994205">
        <ele>1529.710000000000036</ele>
        <time>2018-11-24T16:39:47Z</time>
      </trkpt>
      <trkpt lat="4.524285960942507" lon="-75.635832119733095">
        <ele>1527.940000000000055</ele>
        <time>2018-11-24T16:39:27Z</time>
      </trkpt>
      <trkpt lat="4.524316051974893" lon="-75.63593010418117">
        <ele>1527.460000000000036</ele>
        <time>2018-11-24T16:39:17Z</time>
      </trkpt>
      <trkpt lat="4.524315129965544" lon="-75.635972516611218">
        <ele>1527.160000000000082</ele>
        <time>2018-11-24T16:39:12Z</time>
      </trkpt>
      <trkpt lat="4.524208512157202" lon="-75.636143004521728">
        <ele>1526.6099999999999</ele>
        <time>2018-11-24T16:38:51Z</time>
      </trkpt>
      <trkpt lat="4.524192586541176" lon="-75.636182148009539">
        <ele>1526.720000000000027</ele>
        <time>2018-11-24T16:38:47Z</time>
      </trkpt>
      <trkpt lat="4.524137936532497" lon="-75.636236211284995">
        <ele>1526.549999999999955</ele>
        <time>2018-11-24T16:38:37Z</time>
      </trkpt>
      <trkpt lat="4.524042047560215" lon="-75.636361604556441">
        <ele>1526.049999999999955</ele>
        <time>2018-11-24T16:38:20Z</time>
      </trkpt>
      <trkpt lat="4.523970717564225" lon="-75.636432431638241">
        <ele>1525.740000000000009</ele>
        <time>2018-11-24T16:38:09Z</time>
      </trkpt>
      <trkpt lat="4.523925120010972" lon="-75.636573415249586">
        <ele>1525.549999999999955</ele>
        <time>2018-11-24T16:37:51Z</time>
      </trkpt>
      <trkpt lat="4.523894442245364" lon="-75.636691097170115">
        <ele>1525.690000000000055</ele>
        <time>2018-11-24T16:37:36Z</time>
      </trkpt>
      <trkpt lat="4.523847168311477" lon="-75.636839540675282">
        <ele>1525.509999999999991</ele>
        <time>2018-11-24T16:37:15Z</time>
      </trkpt>
      <trkpt lat="4.523878935724497" lon="-75.636939452961087">
        <ele>1525.450000000000045</ele>
        <time>2018-11-24T16:36:58Z</time>
      </trkpt>
      <trkpt lat="4.523946661502123" lon="-75.636974070221186">
        <ele>1525.599999999999909</ele>
        <time>2018-11-24T16:36:42Z</time>
      </trkpt>
      <trkpt lat="4.523952696472406" lon="-75.636973148211837">
        <ele>1525.579999999999927</ele>
        <time>2018-11-24T16:36:24Z</time>
      </trkpt>
      <trkpt lat="4.523966861888766" lon="-75.637002987787127">
        <ele>1525.509999999999991</ele>
        <time>2018-11-24T16:36:00Z</time>
      </trkpt>
      <trkpt lat="4.524006843566895" lon="-75.637025702744722">
        <ele>1525.6099999999999</ele>
        <time>2018-11-24T16:35:37Z</time>
      </trkpt>
      <trkpt lat="4.524007346481085" lon="-75.637024361640215">
        <ele>1525.420000000000073</ele>
        <time>2018-11-24T16:35:11Z</time>
      </trkpt>
      <trkpt lat="4.524097451940179" lon="-75.637051183730364">
        <ele>1525.569999999999936</ele>
        <time>2018-11-24T16:34:55Z</time>
      </trkpt>
      <trkpt lat="4.524202896282077" lon="-75.637059397995472">
        <ele>1525.630000000000109</ele>
        <time>2018-11-24T16:34:39Z</time>
      </trkpt>
      <trkpt lat="4.524329463019967" lon="-75.637026121839881">
        <ele>1524.779999999999973</ele>
        <time>2018-11-24T16:34:23Z</time>
      </trkpt>
      <trkpt lat="4.524456532672048" lon="-75.637019164860249">
        <ele>1525.200000000000045</ele>
        <time>2018-11-24T16:34:10Z</time>
      </trkpt>
      <trkpt lat="4.524499196559191" lon="-75.637001311406493">
        <ele>1525.420000000000073</ele>
        <time>2018-11-24T16:34:05Z</time>
      </trkpt>
      <trkpt lat="4.524550996720791" lon="-75.636977506801486">
        <ele>1525.450000000000045</ele>
        <time>2018-11-24T16:33:59Z</time>
      </trkpt>
      <trkpt lat="4.524558624252677" lon="-75.636973902583122">
        <ele>1525.480000000000018</ele>
        <time>2018-11-24T16:33:58Z</time>
      </trkpt>
      <trkpt lat="4.524669600650668" lon="-75.636876756325364">
        <ele>1525.180000000000064</ele>
        <time>2018-11-24T16:33:42Z</time>
      </trkpt>
      <trkpt lat="4.524676306173205" lon="-75.636869966983795">
        <ele>1525.319999999999936</ele>
        <time>2018-11-24T16:33:41Z</time>
      </trkpt>
      <trkpt lat="4.524869257584214" lon="-75.636805845424533">
        <ele>1525.079999999999927</ele>
        <time>2018-11-24T16:33:19Z</time>
      </trkpt>
      <trkpt lat="4.525064472109079" lon="-75.63680668361485">
        <ele>1525.410000000000082</ele>
        <time>2018-11-24T16:32:59Z</time>
      </trkpt>
      <trkpt lat="4.525213502347469" lon="-75.63680911436677">
        <ele>1525.6099999999999</ele>
        <time>2018-11-24T16:32:43Z</time>
      </trkpt>
      <trkpt lat="4.525392958894372" lon="-75.636751195415854">
        <ele>1525.869999999999891</ele>
        <time>2018-11-24T16:32:24Z</time>
      </trkpt>
      <trkpt lat="4.525561183691025" lon="-75.636714650318027">
        <ele>1526.059999999999945</ele>
        <time>2018-11-24T16:32:08Z</time>
      </trkpt>
      <trkpt lat="4.525731420144439" lon="-75.636685229837894">
        <ele>1526.490000000000009</ele>
        <time>2018-11-24T16:31:46Z</time>
      </trkpt>
      <trkpt lat="4.525864440947771" lon="-75.636615911498666">
        <ele>1526.509999999999991</ele>
        <time>2018-11-24T16:31:26Z</time>
      </trkpt>
      <trkpt lat="4.526078850030899" lon="-75.63656629063189">
        <ele>1526.460000000000036</ele>
        <time>2018-11-24T16:31:03Z</time>
      </trkpt>
      <trkpt lat="4.526343131437898" lon="-75.636506779119372">
        <ele>1527.119999999999891</ele>
        <time>2018-11-24T16:30:41Z</time>
      </trkpt>
      <trkpt lat="4.52652501873672" lon="-75.63646025955677">
        <ele>1528.150000000000091</ele>
        <time>2018-11-24T16:30:21Z</time>
      </trkpt>
      <trkpt lat="4.526676144450903" lon="-75.636338302865624">
        <ele>1528.440000000000055</ele>
        <time>2018-11-24T16:29:58Z</time>
      </trkpt>
      <trkpt lat="4.52680547721684" lon="-75.636262530460954">
        <ele>1528.880000000000109</ele>
        <time>2018-11-24T16:29:36Z</time>
      </trkpt>
      <trkpt lat="4.527024580165744" lon="-75.636222716420889">
        <ele>1529.099999999999909</ele>
        <time>2018-11-24T16:29:16Z</time>
      </trkpt>
      <trkpt lat="4.527191966772079" lon="-75.636174101382494">
        <ele>1529.349999999999909</ele>
        <time>2018-11-24T16:28:56Z</time>
      </trkpt>
      <trkpt lat="4.527347534894943" lon="-75.636120121926069">
        <ele>1529.650000000000091</ele>
        <time>2018-11-24T16:28:39Z</time>
      </trkpt>
      <trkpt lat="4.527363125234842" lon="-75.636113081127405">
        <ele>1529.769999999999982</ele>
        <time>2018-11-24T16:28:37Z</time>
      </trkpt>
      <trkpt lat="4.527558339759707" lon="-75.636080056428909">
        <ele>1531.1400000000001</ele>
        <time>2018-11-24T16:28:17Z</time>
      </trkpt>
      <trkpt lat="4.527675015851855" lon="-75.636076033115387">
        <ele>1533.089999999999918</ele>
        <time>2018-11-24T16:27:56Z</time>
      </trkpt>
      <trkpt lat="4.527755817398429" lon="-75.636083576828241">
        <ele>1536.180000000000064</ele>
        <time>2018-11-24T16:27:46Z</time>
      </trkpt>
      <trkpt lat="4.52782086096704" lon="-75.636189021170139">
        <ele>1535.549999999999955</ele>
        <time>2018-11-24T16:27:33Z</time>
      </trkpt>
      <trkpt lat="4.527749782428145" lon="-75.636339141055942">
        <ele>1534.789999999999964</ele>
        <time>2018-11-24T16:27:15Z</time>
      </trkpt>
      <trkpt lat="4.527659760788083" lon="-75.636454727500677">
        <ele>1533.980000000000018</ele>
        <time>2018-11-24T16:26:57Z</time>
      </trkpt>
      <trkpt lat="4.527531266212463" lon="-75.636585485190153">
        <ele>1532.589999999999918</ele>
        <time>2018-11-24T16:26:30Z</time>
      </trkpt>
      <trkpt lat="4.527487009763718" lon="-75.636610044166446">
        <ele>1532.309999999999945</ele>
        <time>2018-11-24T16:26:13Z</time>
      </trkpt>
      <trkpt lat="4.527456751093268" lon="-75.636664191260934">
        <ele>1532.059999999999945</ele>
        <time>2018-11-24T16:25:54Z</time>
      </trkpt>
      <trkpt lat="4.52746563591063" lon="-75.636710375547409">
        <ele>1532.170000000000073</ele>
        <time>2018-11-24T16:25:39Z</time>
      </trkpt>
      <trkpt lat="4.527472341433167" lon="-75.636746333912015">
        <ele>1532.009999999999991</ele>
        <time>2018-11-24T16:25:36Z</time>
      </trkpt>
      <trkpt lat="4.527503941208124" lon="-75.636776760220528">
        <ele>1531.880000000000109</ele>
        <time>2018-11-24T16:25:17Z</time>
      </trkpt>
      <trkpt lat="4.527505617588758" lon="-75.636787069961429">
        <ele>1532.170000000000073</ele>
        <time>2018-11-24T16:25:08Z</time>
      </trkpt>
      <trkpt lat="4.527659760788083" lon="-75.636736946180463">
        <ele>1533.029999999999973</ele>
        <time>2018-11-24T16:24:48Z</time>
      </trkpt>
      <trkpt lat="4.527862016111612" lon="-75.636715991422534">
        <ele>1534.819999999999936</ele>
        <time>2018-11-24T16:24:24Z</time>
      </trkpt>
      <trkpt lat="4.528053794056177" lon="-75.636673914268613">
        <ele>1537.009999999999991</ele>
        <time>2018-11-24T16:23:59Z</time>
      </trkpt>
      <trkpt lat="4.528186395764351" lon="-75.636625215411186">
        <ele>1538.079999999999927</ele>
        <time>2018-11-24T16:23:41Z</time>
      </trkpt>
      <trkpt lat="4.528445228934288" lon="-75.636659162119031">
        <ele>1539.3599999999999</ele>
        <time>2018-11-24T16:23:21Z</time>
      </trkpt>
      <trkpt lat="4.52854597941041" lon="-75.636690678074956">
        <ele>1540.170000000000073</ele>
        <time>2018-11-24T16:23:02Z</time>
      </trkpt>
      <trkpt lat="4.52868914231658" lon="-75.636645164340734">
        <ele>1541.650000000000091</ele>
        <time>2018-11-24T16:22:43Z</time>
      </trkpt>
      <trkpt lat="4.528892068192363" lon="-75.636667208746076">
        <ele>1542.759999999999991</ele>
        <time>2018-11-24T16:22:24Z</time>
      </trkpt>
      <trkpt lat="4.529012851417065" lon="-75.636841300874949">
        <ele>1542.680000000000064</ele>
        <time>2018-11-24T16:22:01Z</time>
      </trkpt>
      <trkpt lat="4.529009079560637" lon="-75.637007094919682">
        <ele>1542.710000000000036</ele>
        <time>2018-11-24T16:21:44Z</time>
      </trkpt>
      <trkpt lat="4.529016623273492" lon="-75.637036850675941">
        <ele>1542.650000000000091</ele>
        <time>2018-11-24T16:21:41Z</time>
      </trkpt>
      <trkpt lat="4.529029112309217" lon="-75.637054871767759">
        <ele>1542.660000000000082</ele>
        <time>2018-11-24T16:21:39Z</time>
      </trkpt>
      <trkpt lat="4.529103711247444" lon="-75.637176996096969">
        <ele>1542.920000000000073</ele>
        <time>2018-11-24T16:21:24Z</time>
      </trkpt>
      <trkpt lat="4.529160624369979" lon="-75.637283781543374">
        <ele>1542.839999999999918</ele>
        <time>2018-11-24T16:21:06Z</time>
      </trkpt>
      <trkpt lat="4.529157439246774" lon="-75.637338263913989">
        <ele>1542.509999999999991</ele>
        <time>2018-11-24T16:20:49Z</time>
      </trkpt>
      <trkpt lat="4.529168838635087" lon="-75.637398948892951">
        <ele>1542.900000000000091</ele>
        <time>2018-11-24T16:20:32Z</time>
      </trkpt>
      <trkpt lat="4.529314264655113" lon="-75.637467261403799">
        <ele>1542.319999999999936</ele>
        <time>2018-11-24T16:20:12Z</time>
      </trkpt>
      <trkpt lat="4.529520962387323" lon="-75.637550242245197">
        <ele>1541.049999999999955</ele>
        <time>2018-11-24T16:19:45Z</time>
      </trkpt>
      <trkpt lat="4.529733611270785" lon="-75.637637749314308">
        <ele>1540.519999999999982</ele>
        <time>2018-11-24T16:19:18Z</time>
      </trkpt>
      <trkpt lat="4.52983008697629" lon="-75.637723915278912">
        <ele>1540.430000000000064</ele>
        <time>2018-11-24T16:18:56Z</time>
      </trkpt>
      <trkpt lat="4.529880965128541" lon="-75.637855175882578">
        <ele>1541.289999999999964</ele>
        <time>2018-11-24T16:18:36Z</time>
      </trkpt>
      <trkpt lat="4.52996889129281" lon="-75.63800579868257">
        <ele>1543.569999999999936</ele>
        <time>2018-11-24T16:18:14Z</time>
      </trkpt>
      <trkpt lat="4.530022284016013" lon="-75.638165473937988">
        <ele>1546.619999999999891</ele>
        <time>2018-11-24T16:17:53Z</time>
      </trkpt>
      <trkpt lat="4.530079532414675" lon="-75.638314168900251">
        <ele>1549.920000000000073</ele>
        <time>2018-11-24T16:17:29Z</time>
      </trkpt>
      <trkpt lat="4.530162932351232" lon="-75.638416931033134">
        <ele>1552.980000000000018</ele>
        <time>2018-11-24T16:17:08Z</time>
      </trkpt>
      <trkpt lat="4.53024985268712" lon="-75.638573253527284">
        <ele>1554.519999999999982</ele>
        <time>2018-11-24T16:16:45Z</time>
      </trkpt>
      <trkpt lat="4.530281955376267" lon="-75.638641733676195">
        <ele>1555.369999999999891</ele>
        <time>2018-11-24T16:16:34Z</time>
      </trkpt>
      <trkpt lat="4.530326798558235" lon="-75.638771317899227">
        <ele>1556.200000000000045</ele>
        <time>2018-11-24T16:16:18Z</time>
      </trkpt>
      <trkpt lat="4.530351776629686" lon="-75.638899728655815">
        <ele>1556.3599999999999</ele>
        <time>2018-11-24T16:16:02Z</time>
      </trkpt>
      <trkpt lat="4.530365522950888" lon="-75.639173397794366">
        <ele>1556.980000000000018</ele>
        <time>2018-11-24T16:15:38Z</time>
      </trkpt>
      <trkpt lat="4.530410701408982" lon="-75.639368109405041">
        <ele>1556.980000000000018</ele>
        <time>2018-11-24T16:15:20Z</time>
      </trkpt>
      <trkpt lat="4.530452443286777" lon="-75.639430470764637">
        <ele>1557.230000000000018</ele>
        <time>2018-11-24T16:15:04Z</time>
      </trkpt>
      <trkpt lat="4.530531819909811" lon="-75.639503728598356">
        <ele>1557.420000000000073</ele>
        <time>2018-11-24T16:14:50Z</time>
      </trkpt>
      <trkpt lat="4.530589152127504" lon="-75.639672037214041">
        <ele>1557.349999999999909</ele>
        <time>2018-11-24T16:14:28Z</time>
      </trkpt>
      <trkpt lat="4.530610609799623" lon="-75.639751330018044">
        <ele>1557.920000000000073</ele>
        <time>2018-11-24T16:14:21Z</time>
      </trkpt>
      <trkpt lat="4.530624020844698" lon="-75.63981662504375">
        <ele>1557.720000000000027</ele>
        <time>2018-11-24T16:14:10Z</time>
      </trkpt>
      <trkpt lat="4.530680514872074" lon="-75.639924248680472">
        <ele>1557.769999999999982</ele>
        <time>2018-11-24T16:13:51Z</time>
      </trkpt>
      <trkpt lat="4.530759556218982" lon="-75.640112841501832">
        <ele>1558.130000000000109</ele>
        <time>2018-11-24T16:13:34Z</time>
      </trkpt>
      <trkpt lat="4.530754694715142" lon="-75.640141423791647">
        <ele>1558.210000000000036</ele>
        <time>2018-11-24T16:13:17Z</time>
      </trkpt>
      <trkpt lat="4.530665846541524" lon="-75.640219207853079">
        <ele>1558.480000000000018</ele>
        <time>2018-11-24T16:13:00Z</time>
      </trkpt>
      <trkpt lat="4.530588313937187" lon="-75.640288693830371">
        <ele>1558.589999999999918</ele>
        <time>2018-11-24T16:12:40Z</time>
      </trkpt>
      <trkpt lat="4.53055327758193" lon="-75.640235971659422">
        <ele>1555.799999999999955</ele>
        <time>2018-11-24T15:56:55Z</time>
      </trkpt>
      <trkpt lat="4.530556965619326" lon="-75.64027645625174">
        <ele>1555.660000000000082</ele>
        <time>2018-11-24T15:56:28Z</time>
      </trkpt>
      <trkpt lat="4.530538860708475" lon="-75.640267990529537">
        <ele>1555.240000000000009</ele>
        <time>2018-11-24T15:56:13Z</time>
      </trkpt>
      <trkpt lat="4.530483456328511" lon="-75.640312246978283">
        <ele>1555.539999999999964</ele>
        <time>2018-11-24T15:55:53Z</time>
      </trkpt>
      <trkpt lat="4.530307101085782" lon="-75.640337225049734">
        <ele>1555.3599999999999</ele>
        <time>2018-11-24T15:55:29Z</time>
      </trkpt>
      <trkpt lat="4.530227892100811" lon="-75.640296153724194">
        <ele>1555.269999999999982</ele>
        <time>2018-11-24T15:55:10Z</time>
      </trkpt>
      <trkpt lat="4.530170978978276" lon="-75.640165563672781">
        <ele>1555.029999999999973</ele>
        <time>2018-11-24T15:54:53Z</time>
      </trkpt>
      <trkpt lat="4.530143821612" lon="-75.640126336365938">
        <ele>1554.980000000000018</ele>
        <time>2018-11-24T15:54:45Z</time>
      </trkpt>
      <trkpt lat="4.530110545456409" lon="-75.640110829845071">
        <ele>1554.829999999999927</ele>
        <time>2018-11-24T15:54:26Z</time>
      </trkpt>
      <trkpt lat="4.530092692002654" lon="-75.640125498175621">
        <ele>1554.6400000000001</ele>
        <time>2018-11-24T15:54:05Z</time>
      </trkpt>
      <trkpt lat="4.530055392533541" lon="-75.640120636671782">
        <ele>1554.910000000000082</ele>
        <time>2018-11-24T15:53:25Z</time>
      </trkpt>
      <trkpt lat="4.529901584610343" lon="-75.639769183471799">
        <ele>1554.119999999999891</ele>
        <time>2018-11-24T15:52:02Z</time>
      </trkpt>
      <trkpt lat="4.529870571568608" lon="-75.63975459896028">
        <ele>1553.619999999999891</ele>
        <time>2018-11-24T15:51:54Z</time>
      </trkpt>
      <trkpt lat="4.529731431975961" lon="-75.639808662235737">
        <ele>1554.029999999999973</ele>
        <time>2018-11-24T15:51:38Z</time>
      </trkpt>
      <trkpt lat="4.5294807292521" lon="-75.63982349820435">
        <ele>1553.990000000000009</ele>
        <time>2018-11-24T15:51:14Z</time>
      </trkpt>
      <trkpt lat="4.529363885521889" lon="-75.639860378578305">
        <ele>1553.779999999999973</ele>
        <time>2018-11-24T15:51:01Z</time>
      </trkpt>
      <trkpt lat="4.529347373172641" lon="-75.63992558978498">
        <ele>1554.029999999999973</ele>
        <time>2018-11-24T15:50:54Z</time>
      </trkpt>
      <trkpt lat="4.529336895793676" lon="-75.639957943931222">
        <ele>1554.400000000000091</ele>
        <time>2018-11-24T15:50:51Z</time>
      </trkpt>
      <trkpt lat="4.52930579893291" lon="-75.640056347474456">
        <ele>1554.130000000000109</ele>
        <time>2018-11-24T15:50:37Z</time>
      </trkpt>
      <trkpt lat="4.529450638219714" lon="-75.640355497598648">
        <ele>1554.019999999999982</ele>
        <time>2018-11-24T15:49:58Z</time>
      </trkpt>
      <trkpt lat="4.52950126491487" lon="-75.640463540330529">
        <ele>1553.009999999999991</ele>
        <time>2018-11-24T15:49:44Z</time>
      </trkpt>
      <trkpt lat="4.52957259491086" lon="-75.640743663534522">
        <ele>1553.25</ele>
        <time>2018-11-24T15:49:19Z</time>
      </trkpt>
      <trkpt lat="4.529580222442746" lon="-75.640749866142869">
        <ele>1552.619999999999891</ele>
        <time>2018-11-24T15:49:18Z</time>
      </trkpt>
      <trkpt lat="4.529582485556602" lon="-75.640989672392607">
        <ele>1552.759999999999991</ele>
        <time>2018-11-24T15:48:57Z</time>
      </trkpt>
      <trkpt lat="4.529596399515867" lon="-75.641029654070735">
        <ele>1553.960000000000036</ele>
        <time>2018-11-24T15:48:54Z</time>
      </trkpt>
      <trkpt lat="4.529633866623044" lon="-75.641191089525819">
        <ele>1552.6400000000001</ele>
        <time>2018-11-24T15:48:29Z</time>
      </trkpt>
      <trkpt lat="4.529660688713193" lon="-75.641267029568553">
        <ele>1552.960000000000036</ele>
        <time>2018-11-24T15:48:23Z</time>
      </trkpt>
      <trkpt lat="4.529669741168618" lon="-75.641285805031657">
        <ele>1552.930000000000064</ele>
        <time>2018-11-24T15:48:20Z</time>
      </trkpt>
      <trkpt lat="4.529731767252088" lon="-75.641277171671391">
        <ele>1552.529999999999973</ele>
        <time>2018-11-24T15:45:47Z</time>
      </trkpt>
      <trkpt lat="4.529716763645411" lon="-75.641474900767207">
        <ele>1552.599999999999909</ele>
        <time>2018-11-24T15:45:31Z</time>
      </trkpt>
      <trkpt lat="4.529727911576629" lon="-75.641485713422298">
        <ele>1552.710000000000036</ele>
        <time>2018-11-24T15:45:29Z</time>
      </trkpt>
      <trkpt lat="4.529773006215692" lon="-75.641511864960194">
        <ele>1550.470000000000027</ele>
        <time>2018-11-24T15:34:45Z</time>
      </trkpt>
      <trkpt lat="4.529749872162938" lon="-75.641528125852346">
        <ele>1550.1400000000001</ele>
        <time>2018-11-24T15:34:38Z</time>
      </trkpt>
      <trkpt lat="4.529844671487808" lon="-75.6416255235672">
        <ele>1550.589999999999918</ele>
        <time>2018-11-24T15:34:24Z</time>
      </trkpt>
      <trkpt lat="4.529886329546571" lon="-75.641764160245657">
        <ele>1549.25</ele>
        <time>2018-11-24T15:33:56Z</time>
      </trkpt>
      <trkpt lat="4.529999317601323" lon="-75.64187915995717">
        <ele>1548.5</ele>
        <time>2018-11-24T15:33:36Z</time>
      </trkpt>
      <trkpt lat="4.530082130804658" lon="-75.641970355063677">
        <ele>1547.029999999999973</ele>
        <time>2018-11-24T15:33:16Z</time>
      </trkpt>
      <trkpt lat="4.530205260962248" lon="-75.642003966495395">
        <ele>1547.079999999999927</ele>
        <time>2018-11-24T15:32:56Z</time>
      </trkpt>
      <trkpt lat="4.53022051602602" lon="-75.642082756385207">
        <ele>1547.029999999999973</ele>
        <time>2018-11-24T15:32:40Z</time>
      </trkpt>
      <trkpt lat="4.53019461594522" lon="-75.64218551851809">
        <ele>1546.440000000000055</ele>
        <time>2018-11-24T15:32:23Z</time>
      </trkpt>
      <trkpt lat="4.530189000070095" lon="-75.642213178798556">
        <ele>1546.559999999999945</ele>
        <time>2018-11-24T15:32:17Z</time>
      </trkpt>
      <trkpt lat="4.530190424993634" lon="-75.642285766080022">
        <ele>1545.519999999999982</ele>
        <time>2018-11-24T15:31:57Z</time>
      </trkpt>
      <trkpt lat="4.530310453847051" lon="-75.642367405816913">
        <ele>1546.279999999999973</ele>
        <time>2018-11-24T15:31:43Z</time>
      </trkpt>
      <trkpt lat="4.530321098864079" lon="-75.642382157966495">
        <ele>1545.799999999999955</ele>
        <time>2018-11-24T15:31:41Z</time>
      </trkpt>
      <trkpt lat="4.530389243736863" lon="-75.642490535974503">
        <ele>1546.170000000000073</ele>
        <time>2018-11-24T15:31:21Z</time>
      </trkpt>
      <trkpt lat="4.530471386387944" lon="-75.642506293952465">
        <ele>1546.160000000000082</ele>
        <time>2018-11-24T15:31:07Z</time>
      </trkpt>
      <trkpt lat="4.530555959790945" lon="-75.642505371943116">
        <ele>1546.160000000000082</ele>
        <time>2018-11-24T15:30:56Z</time>
      </trkpt>
      <trkpt lat="4.530570711940527" lon="-75.642495565116405">
        <ele>1546.230000000000018</ele>
        <time>2018-11-24T15:30:54Z</time>
      </trkpt>
      <trkpt lat="4.530742289498448" lon="-75.642372770234942">
        <ele>1547.690000000000055</ele>
        <time>2018-11-24T15:30:31Z</time>
      </trkpt>
      <trkpt lat="4.530827617272735" lon="-75.642362628132105">
        <ele>1547.960000000000036</ele>
        <time>2018-11-24T15:30:15Z</time>
      </trkpt>
      <trkpt lat="4.530884362757206" lon="-75.64239070750773">
        <ele>1548.589999999999918</ele>
        <time>2018-11-24T15:29:58Z</time>
      </trkpt>
      <trkpt lat="4.530963571742177" lon="-75.642468575388193">
        <ele>1548.920000000000073</ele>
        <time>2018-11-24T15:29:33Z</time>
      </trkpt>
      <trkpt lat="4.530946640297771" lon="-75.642554489895701">
        <ele>1549.150000000000091</ele>
        <time>2018-11-24T15:29:22Z</time>
      </trkpt>
      <trkpt lat="4.53098569996655" lon="-75.642643505707383">
        <ele>1548.759999999999991</ele>
        <time>2018-11-24T15:29:08Z</time>
      </trkpt>
      <trkpt lat="4.53101403079927" lon="-75.64278063364327">
        <ele>1548.170000000000073</ele>
        <time>2018-11-24T15:28:45Z</time>
      </trkpt>
      <trkpt lat="4.531027441844344" lon="-75.642911978065968">
        <ele>1547.599999999999909</ele>
        <time>2018-11-24T15:28:28Z</time>
      </trkpt>
      <trkpt lat="4.531041355803609" lon="-75.642987750470638">
        <ele>1547.099999999999909</ele>
        <time>2018-11-24T15:28:17Z</time>
      </trkpt>
      <trkpt lat="4.531075051054358" lon="-75.643075006082654">
        <ele>1547.5</ele>
        <time>2018-11-24T15:28:07Z</time>
      </trkpt>
      <trkpt lat="4.531123582273722" lon="-75.643203584477305">
        <ele>1547.119999999999891</ele>
        <time>2018-11-24T15:27:48Z</time>
      </trkpt>
      <trkpt lat="4.531120983883739" lon="-75.64333526417613">
        <ele>1546.279999999999973</ele>
        <time>2018-11-24T15:27:33Z</time>
      </trkpt>
      <trkpt lat="4.531166749075055" lon="-75.643392512574792">
        <ele>1544.700000000000045</ele>
        <time>2018-11-24T15:27:26Z</time>
      </trkpt>
    </trkseg>
  </trk>

</gpx>
