<?xml version="1.0"?>
<gpx xmlns="http://www.topografix.com/GPX/1/1" xmlns:xsi="http://www.w3.org/2001/XMLSchema-instance" xmlns:wptx1="http://www.garmin.com/xmlschemas/WaypointExtension/v1" xmlns:gpxtrx="http://www.garmin.com/xmlschemas/GpxExtensions/v3" xmlns:gpxtpx="http://www.garmin.com/xmlschemas/TrackPointExtension/v1" xmlns:gpxx="http://www.garmin.com/xmlschemas/GpxExtensions/v3" xmlns:trp="http://www.garmin.com/xmlschemas/TripExtensions/v1" xmlns:adv="http://www.garmin.com/xmlschemas/AdventuresExtensions/v1" xmlns:prs="http://www.garmin.com/xmlschemas/PressureExtension/v1" xmlns:tmd="http://www.garmin.com/xmlschemas/TripMetaDataExtensions/v1" xmlns:vptm="http://www.garmin.com/xmlschemas/ViaPointTransportationModeExtensions/v1" xmlns:ctx="http://www.garmin.com/xmlschemas/CreationTimeExtension/v1" xmlns:gpxacc="http://www.garmin.com/xmlschemas/AccelerationExtension/v1" xmlns:gpxpx="http://www.garmin.com/xmlschemas/PowerExtension/v1" xmlns:vidx1="http://www.garmin.com/xmlschemas/VideoExtension/v1" creator="Garmin Desktop App" version="1.1" xsi:schemaLocation="http://www.topografix.com/GPX/1/1 http://www.topografix.com/GPX/1/1/gpx.xsd http://www.garmin.com/xmlschemas/WaypointExtension/v1 http://www8.garmin.com/xmlschemas/WaypointExtensionv1.xsd http://www.garmin.com/xmlschemas/TrackPointExtension/v1 http://www.garmin.com/xmlschemas/TrackPointExtensionv1.xsd http://www.garmin.com/xmlschemas/GpxExtensions/v3 http://www8.garmin.com/xmlschemas/GpxExtensionsv3.xsd http://www.garmin.com/xmlschemas/ActivityExtension/v1 http://www8.garmin.com/xmlschemas/ActivityExtensionv1.xsd http://www.garmin.com/xmlschemas/AdventuresExtensions/v1 http://www8.garmin.com/xmlschemas/AdventuresExtensionv1.xsd http://www.garmin.com/xmlschemas/PressureExtension/v1 http://www.garmin.com/xmlschemas/PressureExtensionv1.xsd http://www.garmin.com/xmlschemas/TripExtensions/v1 http://www.garmin.com/xmlschemas/TripExtensionsv1.xsd http://www.garmin.com/xmlschemas/TripMetaDataExtensions/v1 http://www.garmin.com/xmlschemas/TripMetaDataExtensionsv1.xsd http://www.garmin.com/xmlschemas/ViaPointTransportationModeExtensions/v1 http://www.garmin.com/xmlschemas/ViaPointTransportationModeExtensionsv1.xsd http://www.garmin.com/xmlschemas/CreationTimeExtension/v1 http://www.garmin.com/xmlschemas/CreationTimeExtensionsv1.xsd http://www.garmin.com/xmlschemas/AccelerationExtension/v1 http://www.garmin.com/xmlschemas/AccelerationExtensionv1.xsd http://www.garmin.com/xmlschemas/PowerExtension/v1 http://www.garmin.com/xmlschemas/PowerExtensionv1.xsd http://www.garmin.com/xmlschemas/VideoExtension/v1 http://www.garmin.com/xmlschemas/VideoExtensionv1.xsd">

  <metadata>
    <link href="http://www.garmin.com">
      <text>Garmin International</text>
    </link>
    <time>2019-02-18T14:04:22Z</time>
    <bounds maxlat="4.712236896157265" maxlon="-75.483338059857488" minlat="4.698711941018701" minlon="-75.53742254152894"/>
  </metadata>

  <wpt lat="4.709339020773768" lon="-75.483448030427098">
    <ele>2557</ele>
    <time>2019-02-17T17:03:04Z</time>
    <name>CASCADA</name>
    <sym>Water Source</sym>
    <type>user</type>
    <extensions>
      <gpxx:WaypointExtension>
        <gpxx:DisplayMode>SymbolAndName</gpxx:DisplayMode>
      </gpxx:WaypointExtension>
      <wptx1:WaypointExtension>
        <wptx1:DisplayMode>SymbolAndName</wptx1:DisplayMode>
      </wptx1:WaypointExtension>
      <ctx:CreationTimeExtension>
        <ctx:CreationTime>2019-02-17T17:03:04Z</ctx:CreationTime>
      </ctx:CreationTimeExtension>
    </extensions>
  </wpt>

  <wpt lat="4.709682008251548" lon="-75.483493041247129">
    <ele>2557</ele>
    <time>2019-02-17T17:06:21Z</time>
    <name>CASCADA2</name>
    <sym>Water Source</sym>
    <type>user</type>
    <extensions>
      <gpxx:WaypointExtension>
        <gpxx:DisplayMode>SymbolAndName</gpxx:DisplayMode>
      </gpxx:WaypointExtension>
      <wptx1:WaypointExtension>
        <wptx1:DisplayMode>SymbolAndName</wptx1:DisplayMode>
      </wptx1:WaypointExtension>
      <ctx:CreationTimeExtension>
        <ctx:CreationTime>2019-02-17T17:06:21Z</ctx:CreationTime>
      </ctx:CreationTimeExtension>
    </extensions>
  </wpt>

  <wpt lat="4.703872930258512" lon="-75.53742254152894">
    <time>2019-02-18T13:42:39Z</time>
    <name>Cedral</name>
    <cmt>Vía Florida - El Cedral</cmt>
    <desc>Vía Florida - El Cedral</desc>
    <sym>Trail Head</sym>
    <type>user</type>
    <extensions>
      <gpxx:WaypointExtension>
        <gpxx:DisplayMode>SymbolAndName</gpxx:DisplayMode>
      </gpxx:WaypointExtension>
      <wptx1:WaypointExtension>
        <wptx1:DisplayMode>SymbolAndName</wptx1:DisplayMode>
      </wptx1:WaypointExtension>
      <ctx:CreationTimeExtension>
        <ctx:CreationTime>2019-02-18T13:42:39Z</ctx:CreationTime>
      </ctx:CreationTimeExtension>
    </extensions>
  </wpt>

  <wpt lat="4.707895992323756" lon="-75.492808017879725">
    <ele>2446</ele>
    <time>2019-02-17T16:16:06Z</time>
    <name>LA PASTORA</name>
    <sym>Lodge</sym>
    <type>user</type>
    <extensions>
      <gpxx:WaypointExtension>
        <gpxx:DisplayMode>SymbolAndName</gpxx:DisplayMode>
      </gpxx:WaypointExtension>
      <wptx1:WaypointExtension>
        <wptx1:DisplayMode>SymbolAndName</wptx1:DisplayMode>
      </wptx1:WaypointExtension>
      <ctx:CreationTimeExtension>
        <ctx:CreationTime>2019-02-17T16:16:06Z</ctx:CreationTime>
      </ctx:CreationTimeExtension>
    </extensions>
  </wpt>

  <wpt lat="4.707369022071362" lon="-75.49726702272892">
    <ele>2412</ele>
    <time>2019-02-17T16:04:03Z</time>
    <name>PUENTE</name>
    <sym>Bridge</sym>
    <type>user</type>
    <extensions>
      <gpxx:WaypointExtension>
        <gpxx:DisplayMode>SymbolAndName</gpxx:DisplayMode>
      </gpxx:WaypointExtension>
      <wptx1:WaypointExtension>
        <wptx1:DisplayMode>SymbolAndName</wptx1:DisplayMode>
      </wptx1:WaypointExtension>
      <ctx:CreationTimeExtension>
        <ctx:CreationTime>2019-02-17T16:04:03Z</ctx:CreationTime>
      </ctx:CreationTimeExtension>
    </extensions>
  </wpt>

  <wpt lat="4.712104965001345" lon="-75.48639896325767">
    <ele>2503</ele>
    <time>2019-02-17T16:46:50Z</time>
    <name>PUENTE_CAMINO_CHORROS</name>
    <sym>Bridge</sym>
    <type>user</type>
    <extensions>
      <gpxx:WaypointExtension>
        <gpxx:DisplayMode>SymbolAndName</gpxx:DisplayMode>
      </gpxx:WaypointExtension>
      <wptx1:WaypointExtension>
        <wptx1:DisplayMode>SymbolAndName</wptx1:DisplayMode>
      </wptx1:WaypointExtension>
      <ctx:CreationTimeExtension>
        <ctx:CreationTime>2019-02-17T16:46:50Z</ctx:CreationTime>
      </ctx:CreationTimeExtension>
    </extensions>
  </wpt>

  <wpt lat="4.710066989064217" lon="-75.484584029763937">
    <ele>2543</ele>
    <time>2019-02-17T16:54:58Z</time>
    <name>PUENTE_CAMINO_CHORROS2</name>
    <sym>Bridge</sym>
    <type>user</type>
    <extensions>
      <gpxx:WaypointExtension>
        <gpxx:DisplayMode>SymbolAndName</gpxx:DisplayMode>
      </gpxx:WaypointExtension>
      <wptx1:WaypointExtension>
        <wptx1:DisplayMode>SymbolAndName</wptx1:DisplayMode>
      </wptx1:WaypointExtension>
      <ctx:CreationTimeExtension>
        <ctx:CreationTime>2019-02-17T16:54:58Z</ctx:CreationTime>
      </ctx:CreationTimeExtension>
    </extensions>
  </wpt>

  <trk>
    <name>LOS CHORROS COMPLETA</name>
    <extensions>
      <gpxx:TrackExtension>
        <gpxx:DisplayColor>Green</gpxx:DisplayColor>
      </gpxx:TrackExtension>
    </extensions>
    <trkseg>
      <trkpt lat="4.703866392374039" lon="-75.537421451881528">
        <ele>2008.210000000000036</ele>
        <time>2019-02-17T14:13:33Z</time>
      </trkpt>
      <trkpt lat="4.703862285241485" lon="-75.537331430241466">
        <ele>2008.519999999999982</ele>
        <time>2019-02-17T14:13:46Z</time>
      </trkpt>
      <trkpt lat="4.703822806477547" lon="-75.537239229306579">
        <ele>2009.789999999999964</ele>
        <time>2019-02-17T14:14:02Z</time>
      </trkpt>
      <trkpt lat="4.703777292743325" lon="-75.537208383902907">
        <ele>2011.3599999999999</ele>
        <time>2019-02-17T14:14:21Z</time>
      </trkpt>
      <trkpt lat="4.703710405156016" lon="-75.537161445245147">
        <ele>2012.670000000000073</ele>
        <time>2019-02-17T14:14:43Z</time>
      </trkpt>
      <trkpt lat="4.703612672165036" lon="-75.537065891548991">
        <ele>2014.529999999999973</ele>
        <time>2019-02-17T14:15:01Z</time>
      </trkpt>
      <trkpt lat="4.703588867560029" lon="-75.537035381421447">
        <ele>2014.740000000000009</ele>
        <time>2019-02-17T14:15:04Z</time>
      </trkpt>
      <trkpt lat="4.703429779037833" lon="-75.536900935694575">
        <ele>2016.730000000000018</ele>
        <time>2019-02-17T14:15:26Z</time>
      </trkpt>
      <trkpt lat="4.703375715762377" lon="-75.536814099177718">
        <ele>2018.309999999999945</ele>
        <time>2019-02-17T14:15:38Z</time>
      </trkpt>
      <trkpt lat="4.703343110159039" lon="-75.536781912669539">
        <ele>2018.460000000000036</ele>
        <time>2019-02-17T14:15:41Z</time>
      </trkpt>
      <trkpt lat="4.703292232006788" lon="-75.536750815808773">
        <ele>2018.930000000000064</ele>
        <time>2019-02-17T14:15:46Z</time>
      </trkpt>
      <trkpt lat="4.703321317210793" lon="-75.536751821637154">
        <ele>2019.569999999999936</ele>
        <time>2019-02-17T14:15:59Z</time>
      </trkpt>
      <trkpt lat="4.7032830119133" lon="-75.536757605150342">
        <ele>2020.099999999999909</ele>
        <time>2019-02-17T14:16:09Z</time>
      </trkpt>
      <trkpt lat="4.703205227851868" lon="-75.536618633195758">
        <ele>2020.960000000000036</ele>
        <time>2019-02-17T14:16:22Z</time>
      </trkpt>
      <trkpt lat="4.703112775459886" lon="-75.536517295986414">
        <ele>2022.1099999999999</ele>
        <time>2019-02-17T14:16:34Z</time>
      </trkpt>
      <trkpt lat="4.702999535948038" lon="-75.536455940455198">
        <ele>2023.130000000000109</ele>
        <time>2019-02-17T14:16:46Z</time>
      </trkpt>
      <trkpt lat="4.702905910089612" lon="-75.536406068131328">
        <ele>2024.490000000000009</ele>
        <time>2019-02-17T14:17:01Z</time>
      </trkpt>
      <trkpt lat="4.702795436605811" lon="-75.536374133080244">
        <ele>2025.960000000000036</ele>
        <time>2019-02-17T14:17:14Z</time>
      </trkpt>
      <trkpt lat="4.70277925953269" lon="-75.536377988755703">
        <ele>2026.839999999999918</ele>
        <time>2019-02-17T14:17:17Z</time>
      </trkpt>
      <trkpt lat="4.702717987820506" lon="-75.536362146958709">
        <ele>2027.1099999999999</ele>
        <time>2019-02-17T14:17:26Z</time>
      </trkpt>
      <trkpt lat="4.702679514884949" lon="-75.536352088674903">
        <ele>2027.240000000000009</ele>
        <time>2019-02-17T14:17:31Z</time>
      </trkpt>
      <trkpt lat="4.702601730823517" lon="-75.536272125318646">
        <ele>2028.920000000000073</ele>
        <time>2019-02-17T14:17:44Z</time>
      </trkpt>
      <trkpt lat="4.702551858499646" lon="-75.536271454766393">
        <ele>2029.230000000000018</ele>
        <time>2019-02-17T14:17:48Z</time>
      </trkpt>
      <trkpt lat="4.702394446358085" lon="-75.536182019859552">
        <ele>2031.480000000000018</ele>
        <time>2019-02-17T14:18:07Z</time>
      </trkpt>
      <trkpt lat="4.702241476625204" lon="-75.536178918555379">
        <ele>2033.200000000000045</ele>
        <time>2019-02-17T14:18:25Z</time>
      </trkpt>
      <trkpt lat="4.702173415571451" lon="-75.53610909730196">
        <ele>2034.470000000000027</ele>
        <time>2019-02-17T14:18:40Z</time>
      </trkpt>
      <trkpt lat="4.702144833281636" lon="-75.53609543479979">
        <ele>2034.690000000000055</ele>
        <time>2019-02-17T14:18:43Z</time>
      </trkpt>
      <trkpt lat="4.702089261263609" lon="-75.536059560254216">
        <ele>2035.369999999999891</ele>
        <time>2019-02-17T14:18:48Z</time>
      </trkpt>
      <trkpt lat="4.701979290693998" lon="-75.535990241914988">
        <ele>2036.569999999999936</ele>
        <time>2019-02-17T14:18:59Z</time>
      </trkpt>
      <trkpt lat="4.701870745047927" lon="-75.535947913303971">
        <ele>2038.019999999999982</ele>
        <time>2019-02-17T14:19:11Z</time>
      </trkpt>
      <trkpt lat="4.701757254078984" lon="-75.535890497267246">
        <ele>2039.920000000000073</ele>
        <time>2019-02-17T14:19:28Z</time>
      </trkpt>
      <trkpt lat="4.701761193573475" lon="-75.535855377092957">
        <ele>2040.279999999999973</ele>
        <time>2019-02-17T14:19:34Z</time>
      </trkpt>
      <trkpt lat="4.701745938509703" lon="-75.535822017118335">
        <ele>2040.3599999999999</ele>
        <time>2019-02-17T14:19:39Z</time>
      </trkpt>
      <trkpt lat="4.701614007353783" lon="-75.535762254148722">
        <ele>2041.670000000000073</ele>
        <time>2019-02-17T14:19:54Z</time>
      </trkpt>
      <trkpt lat="4.701412003487349" lon="-75.535653792321682">
        <ele>2043.970000000000027</ele>
        <time>2019-02-17T14:20:20Z</time>
      </trkpt>
      <trkpt lat="4.701221734285355" lon="-75.535487998276949">
        <ele>2047.180000000000064</ele>
        <time>2019-02-17T14:20:44Z</time>
      </trkpt>
      <trkpt lat="4.70119709149003" lon="-75.535440305247903">
        <ele>2048.320000000000164</ele>
        <time>2019-02-17T14:20:49Z</time>
      </trkpt>
      <trkpt lat="4.701194660738111" lon="-75.535421865060925">
        <ele>2048.519999999999982</ele>
        <time>2019-02-17T14:20:51Z</time>
      </trkpt>
      <trkpt lat="4.70114135183394" lon="-75.53526671603322">
        <ele>2051.900000000000091</ele>
        <time>2019-02-17T14:21:27Z</time>
      </trkpt>
      <trkpt lat="4.701117211952806" lon="-75.535223800688982">
        <ele>2052.5300000000002</ele>
        <time>2019-02-17T14:21:34Z</time>
      </trkpt>
      <trkpt lat="4.700869526714087" lon="-75.534903863444924">
        <ele>2055.670000000000073</ele>
        <time>2019-02-17T14:22:17Z</time>
      </trkpt>
      <trkpt lat="4.700761735439301" lon="-75.534781906753778">
        <ele>2056.2800000000002</ele>
        <time>2019-02-17T14:22:31Z</time>
      </trkpt>
      <trkpt lat="4.700735500082374" lon="-75.534757766872644">
        <ele>2056.639999999999873</ele>
        <time>2019-02-17T14:22:34Z</time>
      </trkpt>
      <trkpt lat="4.700720580294728" lon="-75.534746367484331">
        <ele>2056.889999999999873</ele>
        <time>2019-02-17T14:22:37Z</time>
      </trkpt>
      <trkpt lat="4.700673641636968" lon="-75.534718791022897">
        <ele>2057.2199999999998</ele>
        <time>2019-02-17T14:22:40Z</time>
      </trkpt>
      <trkpt lat="4.700635587796569" lon="-75.534686101600528">
        <ele>2057.440000000000055</ele>
        <time>2019-02-17T14:22:45Z</time>
      </trkpt>
      <trkpt lat="4.700602730736136" lon="-75.534613598138094">
        <ele>2058.429999999999836</ele>
        <time>2019-02-17T14:22:58Z</time>
      </trkpt>
      <trkpt lat="4.700612789019942" lon="-75.534576214849949">
        <ele>2059.619999999999891</ele>
        <time>2019-02-17T14:23:05Z</time>
      </trkpt>
      <trkpt lat="4.70063416287303" lon="-75.534536736086011">
        <ele>2060.269999999999982</ele>
        <time>2019-02-17T14:23:12Z</time>
      </trkpt>
      <trkpt lat="4.700623601675034" lon="-75.534417126327753">
        <ele>2062.039999999999964</ele>
        <time>2019-02-17T14:23:29Z</time>
      </trkpt>
      <trkpt lat="4.700574483722448" lon="-75.534261977300048">
        <ele>2063.829999999999927</ele>
        <time>2019-02-17T14:23:46Z</time>
      </trkpt>
      <trkpt lat="4.700610609725118" lon="-75.534151336178184">
        <ele>2065.539999999999964</ele>
        <time>2019-02-17T14:24:01Z</time>
      </trkpt>
      <trkpt lat="4.700596779584885" lon="-75.533983111381531">
        <ele>2067.079999999999927</ele>
        <time>2019-02-17T14:24:22Z</time>
      </trkpt>
      <trkpt lat="4.700678084045649" lon="-75.533790411427617">
        <ele>2070.230000000000018</ele>
        <time>2019-02-17T14:24:45Z</time>
      </trkpt>
      <trkpt lat="4.700642377138138" lon="-75.533704748377204">
        <ele>2071</ele>
        <time>2019-02-17T14:24:54Z</time>
      </trkpt>
      <trkpt lat="4.700590996071696" lon="-75.533392690122128">
        <ele>2073.039999999999964</ele>
        <time>2019-02-17T14:25:20Z</time>
      </trkpt>
      <trkpt lat="4.700575489550829" lon="-75.533357067033648">
        <ele>2073.239999999999782</ele>
        <time>2019-02-17T14:25:23Z</time>
      </trkpt>
      <trkpt lat="4.700558222830296" lon="-75.53329654969275">
        <ele>2073.619999999999891</ele>
        <time>2019-02-17T14:25:29Z</time>
      </trkpt>
      <trkpt lat="4.700600886717439" lon="-75.533135114237666">
        <ele>2076.519999999999982</ele>
        <time>2019-02-17T14:25:50Z</time>
      </trkpt>
      <trkpt lat="4.700572052970529" lon="-75.533073171973228">
        <ele>2077.070000000000164</ele>
        <time>2019-02-17T14:25:56Z</time>
      </trkpt>
      <trkpt lat="4.700468620285392" lon="-75.532898493111134">
        <ele>2078.800000000000182</ele>
        <time>2019-02-17T14:26:12Z</time>
      </trkpt>
      <trkpt lat="4.700473984703422" lon="-75.532837389037013">
        <ele>2079.079999999999927</ele>
        <time>2019-02-17T14:26:20Z</time>
      </trkpt>
      <trkpt lat="4.700409360229969" lon="-75.53268626332283">
        <ele>2080.320000000000164</ele>
        <time>2019-02-17T14:26:34Z</time>
      </trkpt>
      <trkpt lat="4.700412293896079" lon="-75.532524492591619">
        <ele>2082.670000000000073</ele>
        <time>2019-02-17T14:26:59Z</time>
      </trkpt>
      <trkpt lat="4.700334342196584" lon="-75.532310586422682">
        <ele>2085.289999999999964</ele>
        <time>2019-02-17T14:27:28Z</time>
      </trkpt>
      <trkpt lat="4.700274243950844" lon="-75.532230623066425">
        <ele>2086.619999999999891</ele>
        <time>2019-02-17T14:27:43Z</time>
      </trkpt>
      <trkpt lat="4.700269047170877" lon="-75.532212601974607">
        <ele>2086.639999999999873</ele>
        <time>2019-02-17T14:27:45Z</time>
      </trkpt>
      <trkpt lat="4.700170140713453" lon="-75.532054351642728">
        <ele>2088.099999999999909</ele>
        <time>2019-02-17T14:28:09Z</time>
      </trkpt>
      <trkpt lat="4.700032090768218" lon="-75.53186391480267">
        <ele>2089.570000000000164</ele>
        <time>2019-02-17T14:28:28Z</time>
      </trkpt>
      <trkpt lat="4.699983056634665" lon="-75.531804151833057">
        <ele>2090.360000000000127</ele>
        <time>2019-02-17T14:28:38Z</time>
      </trkpt>
      <trkpt lat="4.699910217896104" lon="-75.53163425065577">
        <ele>2092.429999999999836</ele>
        <time>2019-02-17T14:29:02Z</time>
      </trkpt>
      <trkpt lat="4.699870068579912" lon="-75.531593263149261">
        <ele>2093.599999999999909</ele>
        <time>2019-02-17T14:29:13Z</time>
      </trkpt>
      <trkpt lat="4.699876355007291" lon="-75.531502822414041">
        <ele>2095.829999999999927</ele>
        <time>2019-02-17T14:30:00Z</time>
      </trkpt>
      <trkpt lat="4.699838804081082" lon="-75.531487902626395">
        <ele>2096.090000000000146</ele>
        <time>2019-02-17T14:30:05Z</time>
      </trkpt>
      <trkpt lat="4.699726235121489" lon="-75.531439119949937">
        <ele>2097.590000000000146</ele>
        <time>2019-02-17T14:30:39Z</time>
      </trkpt>
      <trkpt lat="4.69974534586072" lon="-75.531439790502191">
        <ele>2098.559999999999945</ele>
        <time>2019-02-17T14:30:58Z</time>
      </trkpt>
      <trkpt lat="4.699771665036678" lon="-75.531423781067133">
        <ele>2098.360000000000127</ele>
        <time>2019-02-17T14:31:06Z</time>
      </trkpt>
      <trkpt lat="4.699778454378247" lon="-75.531358486041427">
        <ele>2100.590000000000146</ele>
        <time>2019-02-17T14:31:19Z</time>
      </trkpt>
      <trkpt lat="4.699779292568564" lon="-75.531337531283498">
        <ele>2100.929999999999836</ele>
        <time>2019-02-17T14:31:21Z</time>
      </trkpt>
      <trkpt lat="4.699779376387596" lon="-75.531308948993683">
        <ele>2100.960000000000036</ele>
        <time>2019-02-17T14:31:24Z</time>
      </trkpt>
      <trkpt lat="4.699831930920482" lon="-75.531258657574654">
        <ele>2101.170000000000073</ele>
        <time>2019-02-17T14:31:30Z</time>
      </trkpt>
      <trkpt lat="4.699861602857709" lon="-75.531073752790689">
        <ele>2103.630000000000109</ele>
        <time>2019-02-17T14:31:53Z</time>
      </trkpt>
      <trkpt lat="4.699867554008961" lon="-75.531055480241776">
        <ele>2103.880000000000109</ele>
        <time>2019-02-17T14:31:57Z</time>
      </trkpt>
      <trkpt lat="4.699862860143185" lon="-75.531028574332595">
        <ele>2104.329999999999927</ele>
        <time>2019-02-17T14:32:00Z</time>
      </trkpt>
      <trkpt lat="4.699853556230664" lon="-75.530988508835435">
        <ele>2105.010000000000218</ele>
        <time>2019-02-17T14:32:03Z</time>
      </trkpt>
      <trkpt lat="4.69982011243701" lon="-75.530895134434104">
        <ele>2106</ele>
        <time>2019-02-17T14:32:13Z</time>
      </trkpt>
      <trkpt lat="4.699786584824324" lon="-75.53085925988853">
        <ele>2106.429999999999836</ele>
        <time>2019-02-17T14:32:15Z</time>
      </trkpt>
      <trkpt lat="4.6997429151088" lon="-75.530771585181355">
        <ele>2107.409999999999854</ele>
        <time>2019-02-17T14:32:21Z</time>
      </trkpt>
      <trkpt lat="4.699733527377248" lon="-75.530629176646471">
        <ele>2108.059999999999945</ele>
        <time>2019-02-17T14:32:32Z</time>
      </trkpt>
      <trkpt lat="4.699729168787599" lon="-75.530601600185037">
        <ele>2108.019999999999982</ele>
        <time>2019-02-17T14:32:35Z</time>
      </trkpt>
      <trkpt lat="4.699713159352541" lon="-75.530582992359996">
        <ele>2108.369999999999891</ele>
        <time>2019-02-17T14:32:37Z</time>
      </trkpt>
      <trkpt lat="4.699684744700789" lon="-75.53050990216434">
        <ele>2109.039999999999964</ele>
        <time>2019-02-17T14:32:45Z</time>
      </trkpt>
      <trkpt lat="4.699701005592942" lon="-75.530468579381704">
        <ele>2111.5300000000002</ele>
        <time>2019-02-17T14:33:02Z</time>
      </trkpt>
      <trkpt lat="4.699679212644696" lon="-75.530408397316933">
        <ele>2112.130000000000109</ele>
        <time>2019-02-17T14:33:12Z</time>
      </trkpt>
      <trkpt lat="4.699683738872409" lon="-75.530384173616767">
        <ele>2111.4699999999998</ele>
        <time>2019-02-17T14:33:15Z</time>
      </trkpt>
      <trkpt lat="4.699672590941191" lon="-75.530274454504251">
        <ele>2112.949999999999818</ele>
        <time>2019-02-17T14:33:34Z</time>
      </trkpt>
      <trkpt lat="4.699646439403296" lon="-75.530218882486224">
        <ele>2113.2199999999998</ele>
        <time>2019-02-17T14:33:42Z</time>
      </trkpt>
      <trkpt lat="4.699634201824665" lon="-75.530209243297577">
        <ele>2113.179999999999836</ele>
        <time>2019-02-17T14:33:44Z</time>
      </trkpt>
      <trkpt lat="4.699622299522161" lon="-75.530157778412104">
        <ele>2113.9699999999998</ele>
        <time>2019-02-17T14:33:56Z</time>
      </trkpt>
      <trkpt lat="4.69960268586874" lon="-75.530133806169033">
        <ele>2114.110000000000127</ele>
        <time>2019-02-17T14:33:59Z</time>
      </trkpt>
      <trkpt lat="4.699542755261064" lon="-75.53008477203548">
        <ele>2114.510000000000218</ele>
        <time>2019-02-17T14:34:09Z</time>
      </trkpt>
      <trkpt lat="4.699443010613322" lon="-75.530001120641828">
        <ele>2114.340000000000146</ele>
        <time>2019-02-17T14:34:24Z</time>
      </trkpt>
      <trkpt lat="4.699387857690454" lon="-75.529846306890249">
        <ele>2114.849999999999909</ele>
        <time>2019-02-17T14:34:35Z</time>
      </trkpt>
      <trkpt lat="4.699367992579937" lon="-75.529784029349685">
        <ele>2115.849999999999909</ele>
        <time>2019-02-17T14:34:40Z</time>
      </trkpt>
      <trkpt lat="4.699371010065079" lon="-75.529753854498267">
        <ele>2116.239999999999782</ele>
        <time>2019-02-17T14:34:43Z</time>
      </trkpt>
      <trkpt lat="4.699375117197633" lon="-75.529713789001107">
        <ele>2117.0300000000002</ele>
        <time>2019-02-17T14:34:47Z</time>
      </trkpt>
      <trkpt lat="4.699378469958901" lon="-75.529652684926987">
        <ele>2117.199999999999818</ele>
        <time>2019-02-17T14:34:57Z</time>
      </trkpt>
      <trkpt lat="4.699383415281773" lon="-75.52960348315537">
        <ele>2118.199999999999818</ele>
        <time>2019-02-17T14:35:04Z</time>
      </trkpt>
      <trkpt lat="4.699399927631021" lon="-75.529572051018476">
        <ele>2117.849999999999909</ele>
        <time>2019-02-17T14:35:07Z</time>
      </trkpt>
      <trkpt lat="4.699397329241037" lon="-75.529401227831841">
        <ele>2118.739999999999782</ele>
        <time>2019-02-17T14:35:25Z</time>
      </trkpt>
      <trkpt lat="4.699377799406648" lon="-75.529364179819822">
        <ele>2119.570000000000164</ele>
        <time>2019-02-17T14:35:29Z</time>
      </trkpt>
      <trkpt lat="4.699361957609653" lon="-75.529327550902963">
        <ele>2120</ele>
        <time>2019-02-17T14:35:33Z</time>
      </trkpt>
      <trkpt lat="4.699326502159238" lon="-75.529251443222165">
        <ele>2120.340000000000146</ele>
        <time>2019-02-17T14:35:44Z</time>
      </trkpt>
      <trkpt lat="4.699301440268755" lon="-75.529221100732684">
        <ele>2119.820000000000164</ele>
        <time>2019-02-17T14:35:50Z</time>
      </trkpt>
      <trkpt lat="4.699245784431696" lon="-75.529097635298967">
        <ele>2119.940000000000055</ele>
        <time>2019-02-17T14:36:01Z</time>
      </trkpt>
      <trkpt lat="4.699284425005317" lon="-75.529022114351392">
        <ele>2120.679999999999836</ele>
        <time>2019-02-17T14:36:11Z</time>
      </trkpt>
      <trkpt lat="4.699374446645379" lon="-75.528905941173434">
        <ele>2122.010000000000218</ele>
        <time>2019-02-17T14:36:24Z</time>
      </trkpt>
      <trkpt lat="4.699397832155228" lon="-75.528847686946392">
        <ele>2122.460000000000036</ele>
        <time>2019-02-17T14:36:35Z</time>
      </trkpt>
      <trkpt lat="4.699435634538531" lon="-75.528791444376111">
        <ele>2122.610000000000127</ele>
        <time>2019-02-17T14:36:46Z</time>
      </trkpt>
      <trkpt lat="4.699461115524173" lon="-75.528750959783792">
        <ele>2122.849999999999909</ele>
        <time>2019-02-17T14:36:50Z</time>
      </trkpt>
      <trkpt lat="4.699551891535521" lon="-75.528723048046231">
        <ele>2123.599999999999909</ele>
        <time>2019-02-17T14:36:59Z</time>
      </trkpt>
      <trkpt lat="4.699574103578925" lon="-75.5286262370646">
        <ele>2124.9699999999998</ele>
        <time>2019-02-17T14:37:10Z</time>
      </trkpt>
      <trkpt lat="4.699579635635018" lon="-75.528559265658259">
        <ele>2125.559999999999945</ele>
        <time>2019-02-17T14:37:17Z</time>
      </trkpt>
      <trkpt lat="4.699582234025002" lon="-75.528539484366775">
        <ele>2125.550000000000182</ele>
        <time>2019-02-17T14:37:19Z</time>
      </trkpt>
      <trkpt lat="4.699598997831345" lon="-75.528493551537395">
        <ele>2125.840000000000146</ele>
        <time>2019-02-17T14:37:24Z</time>
      </trkpt>
      <trkpt lat="4.699579803273082" lon="-75.528417862951756">
        <ele>2127.4699999999998</ele>
        <time>2019-02-17T14:37:41Z</time>
      </trkpt>
      <trkpt lat="4.699589693918824" lon="-75.528341503813863">
        <ele>2128.369999999999891</ele>
        <time>2019-02-17T14:37:59Z</time>
      </trkpt>
      <trkpt lat="4.699561866000295" lon="-75.528285428881645">
        <ele>2128.650000000000091</ele>
        <time>2019-02-17T14:38:13Z</time>
      </trkpt>
      <trkpt lat="4.699560021981597" lon="-75.528283920139074">
        <ele>2130.4699999999998</ele>
        <time>2019-02-17T14:38:24Z</time>
      </trkpt>
      <trkpt lat="4.699540073052049" lon="-75.528218876570463">
        <ele>2131.449999999999818</ele>
        <time>2019-02-17T14:38:34Z</time>
      </trkpt>
      <trkpt lat="4.699431778863072" lon="-75.528109408915043">
        <ele>2131.650000000000091</ele>
        <time>2019-02-17T14:38:47Z</time>
      </trkpt>
      <trkpt lat="4.699350222945213" lon="-75.528078898787498">
        <ele>2131.409999999999854</ele>
        <time>2019-02-17T14:38:50Z</time>
      </trkpt>
      <trkpt lat="4.699345445260406" lon="-75.528053501620889">
        <ele>2131.760000000000218</ele>
        <time>2019-02-17T14:39:04Z</time>
      </trkpt>
      <trkpt lat="4.699444686993957" lon="-75.528026092797518">
        <ele>2133.090000000000146</ele>
        <time>2019-02-17T14:39:33Z</time>
      </trkpt>
      <trkpt lat="4.699402777478099" lon="-75.52799834869802">
        <ele>2133.599999999999909</ele>
        <time>2019-02-17T14:39:39Z</time>
      </trkpt>
      <trkpt lat="4.699326921254396" lon="-75.527933808043599">
        <ele>2134.440000000000055</ele>
        <time>2019-02-17T14:39:51Z</time>
      </trkpt>
      <trkpt lat="4.699271349236369" lon="-75.527873625978827">
        <ele>2134.7199999999998</ele>
        <time>2019-02-17T14:40:07Z</time>
      </trkpt>
      <trkpt lat="4.699227344244719" lon="-75.527864657342434">
        <ele>2135.989999999999782</ele>
        <time>2019-02-17T14:40:35Z</time>
      </trkpt>
      <trkpt lat="4.69917026348412" lon="-75.527791064232588">
        <ele>2136.809999999999945</ele>
        <time>2019-02-17T14:40:45Z</time>
      </trkpt>
      <trkpt lat="4.699148386716843" lon="-75.52777212113142">
        <ele>2136.929999999999836</ele>
        <time>2019-02-17T14:40:50Z</time>
      </trkpt>
      <trkpt lat="4.699145704507828" lon="-75.527673549950123">
        <ele>2138.309999999999945</ele>
        <time>2019-02-17T14:41:01Z</time>
      </trkpt>
      <trkpt lat="4.699075883254409" lon="-75.527584198862314">
        <ele>2140.2800000000002</ele>
        <time>2019-02-17T14:41:17Z</time>
      </trkpt>
      <trkpt lat="4.699068507179618" lon="-75.52751169539988">
        <ele>2141.559999999999945</ele>
        <time>2019-02-17T14:41:29Z</time>
      </trkpt>
      <trkpt lat="4.6990124322474" lon="-75.527415387332439">
        <ele>2142.420000000000073</ele>
        <time>2019-02-17T14:41:43Z</time>
      </trkpt>
      <trkpt lat="4.69887220300734" lon="-75.527256885543466">
        <ele>2143.510000000000218</ele>
        <time>2019-02-17T14:42:01Z</time>
      </trkpt>
      <trkpt lat="4.69888829626143" lon="-75.527221597731113">
        <ele>2143.960000000000036</ele>
        <time>2019-02-17T14:42:05Z</time>
      </trkpt>
      <trkpt lat="4.698897013440728" lon="-75.527110872790217">
        <ele>2144.690000000000055</ele>
        <time>2019-02-17T14:42:16Z</time>
      </trkpt>
      <trkpt lat="4.698898438364267" lon="-75.527098886668682">
        <ele>2144.800000000000182</ele>
        <time>2019-02-17T14:42:18Z</time>
      </trkpt>
      <trkpt lat="4.698896007612348" lon="-75.527042895555496">
        <ele>2145</ele>
        <time>2019-02-17T14:42:22Z</time>
      </trkpt>
      <trkpt lat="4.698829036206007" lon="-75.526876095682383">
        <ele>2145.679999999999836</ele>
        <time>2019-02-17T14:42:33Z</time>
      </trkpt>
      <trkpt lat="4.698816128075123" lon="-75.526832928881049">
        <ele>2145.920000000000073</ele>
        <time>2019-02-17T14:42:38Z</time>
      </trkpt>
      <trkpt lat="4.698746055364609" lon="-75.526706194505095">
        <ele>2147.849999999999909</ele>
        <time>2019-02-17T14:42:54Z</time>
      </trkpt>
      <trkpt lat="4.698790227994323" lon="-75.526624722406268">
        <ele>2147.690000000000055</ele>
        <time>2019-02-17T14:43:04Z</time>
      </trkpt>
      <trkpt lat="4.698781510815024" lon="-75.526539394631982">
        <ele>2148.7800000000002</ele>
        <time>2019-02-17T14:43:15Z</time>
      </trkpt>
      <trkpt lat="4.698782516643405" lon="-75.526511901989579">
        <ele>2149.570000000000164</ele>
        <time>2019-02-17T14:43:20Z</time>
      </trkpt>
      <trkpt lat="4.698764244094491" lon="-75.526462700217962">
        <ele>2150.090000000000146</ele>
        <time>2019-02-17T14:43:26Z</time>
      </trkpt>
      <trkpt lat="4.698717724531889" lon="-75.526414001360536">
        <ele>2150.690000000000055</ele>
        <time>2019-02-17T14:43:33Z</time>
      </trkpt>
      <trkpt lat="4.698788719251752" lon="-75.526259103789926">
        <ele>2152.5</ele>
        <time>2019-02-17T14:43:53Z</time>
      </trkpt>
      <trkpt lat="4.698740188032389" lon="-75.526149133220315">
        <ele>2153.159999999999854</ele>
        <time>2019-02-17T14:44:06Z</time>
      </trkpt>
      <trkpt lat="4.698711941018701" lon="-75.525921816006303">
        <ele>2154.75</ele>
        <time>2019-02-17T14:44:25Z</time>
      </trkpt>
      <trkpt lat="4.698754772543907" lon="-75.525740347802639">
        <ele>2155.619999999999891</ele>
        <time>2019-02-17T14:44:37Z</time>
      </trkpt>
      <trkpt lat="4.698776481673121" lon="-75.525689469650388">
        <ele>2157.010000000000218</ele>
        <time>2019-02-17T14:44:47Z</time>
      </trkpt>
      <trkpt lat="4.69882526434958" lon="-75.525588551536202">
        <ele>2157.599999999999909</ele>
        <time>2019-02-17T14:45:01Z</time>
      </trkpt>
      <trkpt lat="4.698895085602999" lon="-75.525509426370263">
        <ele>2157.860000000000127</ele>
        <time>2019-02-17T14:45:18Z</time>
      </trkpt>
      <trkpt lat="4.698970187455416" lon="-75.525423595681787">
        <ele>2172.130000000000109</ele>
        <time>2019-02-17T14:56:50Z</time>
      </trkpt>
      <trkpt lat="4.698914783075452" lon="-75.525317648425698">
        <ele>2172.869999999999891</ele>
        <time>2019-02-17T14:57:00Z</time>
      </trkpt>
      <trkpt lat="4.698917297646403" lon="-75.525205498561263">
        <ele>2174.389999999999873</ele>
        <time>2019-02-17T14:57:15Z</time>
      </trkpt>
      <trkpt lat="4.698911933228374" lon="-75.525061581283808">
        <ele>2175.25</ele>
        <time>2019-02-17T14:57:32Z</time>
      </trkpt>
      <trkpt lat="4.698936156928539" lon="-75.525038447231054">
        <ele>2175.019999999999982</ele>
        <time>2019-02-17T14:57:33Z</time>
      </trkpt>
      <trkpt lat="4.698967002332211" lon="-75.524954125285149">
        <ele>2175.369999999999891</ele>
        <time>2019-02-17T14:57:41Z</time>
      </trkpt>
      <trkpt lat="4.698981000110507" lon="-75.524912215769291">
        <ele>2176.110000000000127</ele>
        <time>2019-02-17T14:57:45Z</time>
      </trkpt>
      <trkpt lat="4.699021819978952" lon="-75.524809202179313">
        <ele>2176.329999999999927</ele>
        <time>2019-02-17T14:57:53Z</time>
      </trkpt>
      <trkpt lat="4.698941269889474" lon="-75.524682970717549">
        <ele>2176.690000000000055</ele>
        <time>2019-02-17T14:58:05Z</time>
      </trkpt>
      <trkpt lat="4.698910508304834" lon="-75.524594038724899">
        <ele>2177.820000000000164</ele>
        <time>2019-02-17T14:58:15Z</time>
      </trkpt>
      <trkpt lat="4.698971109464765" lon="-75.524539221078157">
        <ele>2178.400000000000091</ele>
        <time>2019-02-17T14:58:26Z</time>
      </trkpt>
      <trkpt lat="4.699022993445396" lon="-75.524471160024405">
        <ele>2178.9699999999998</ele>
        <time>2019-02-17T14:58:39Z</time>
      </trkpt>
      <trkpt lat="4.699094239622355" lon="-75.524400249123573">
        <ele>2179.25</ele>
        <time>2019-02-17T14:58:45Z</time>
      </trkpt>
      <trkpt lat="4.699124498292804" lon="-75.524377785623074">
        <ele>2179.670000000000073</ele>
        <time>2019-02-17T14:58:48Z</time>
      </trkpt>
      <trkpt lat="4.699194990098476" lon="-75.524276699870825">
        <ele>2181.650000000000091</ele>
        <time>2019-02-17T14:59:02Z</time>
      </trkpt>
      <trkpt lat="4.699217537418008" lon="-75.524189528077841">
        <ele>2182.329999999999927</ele>
        <time>2019-02-17T14:59:11Z</time>
      </trkpt>
      <trkpt lat="4.699289705604315" lon="-75.524056004360318">
        <ele>2182.920000000000073</ele>
        <time>2019-02-17T14:59:25Z</time>
      </trkpt>
      <trkpt lat="4.699308648705482" lon="-75.523949889466166">
        <ele>2183.440000000000055</ele>
        <time>2019-02-17T14:59:35Z</time>
      </trkpt>
      <trkpt lat="4.699290795251727" lon="-75.523853749036789">
        <ele>2184.059999999999945</ele>
        <time>2019-02-17T14:59:43Z</time>
      </trkpt>
      <trkpt lat="4.699257183820009" lon="-75.523762470111251">
        <ele>2183.880000000000109</ele>
        <time>2019-02-17T14:59:53Z</time>
      </trkpt>
      <trkpt lat="4.699276881292462" lon="-75.52363146096468">
        <ele>2184.25</ele>
        <time>2019-02-17T15:00:06Z</time>
      </trkpt>
      <trkpt lat="4.699297165498137" lon="-75.52347656339407">
        <ele>2184.980000000000018</ele>
        <time>2019-02-17T15:00:20Z</time>
      </trkpt>
      <trkpt lat="4.699325915426016" lon="-75.523354522883892">
        <ele>2185.849999999999909</ele>
        <time>2019-02-17T15:00:32Z</time>
      </trkpt>
      <trkpt lat="4.699339829385281" lon="-75.523302052170038">
        <ele>2186.150000000000091</ele>
        <time>2019-02-17T15:00:37Z</time>
      </trkpt>
      <trkpt lat="4.699375117197633" lon="-75.523217478767037">
        <ele>2186.980000000000018</ele>
        <time>2019-02-17T15:00:48Z</time>
      </trkpt>
      <trkpt lat="4.699409818276763" lon="-75.523155787959695">
        <ele>2188</ele>
        <time>2019-02-17T15:01:00Z</time>
      </trkpt>
      <trkpt lat="4.699408393353224" lon="-75.523135419934988">
        <ele>2188.199999999999818</ele>
        <time>2019-02-17T15:01:02Z</time>
      </trkpt>
      <trkpt lat="4.699486764147878" lon="-75.523116644471884">
        <ele>2188.130000000000109</ele>
        <time>2019-02-17T15:01:18Z</time>
      </trkpt>
      <trkpt lat="4.699561782181263" lon="-75.523051852360368">
        <ele>2188.230000000000018</ele>
        <time>2019-02-17T15:01:29Z</time>
      </trkpt>
      <trkpt lat="4.699576534330845" lon="-75.523015139624476">
        <ele>2188.550000000000182</ele>
        <time>2019-02-17T15:01:32Z</time>
      </trkpt>
      <trkpt lat="4.699583658948541" lon="-75.522995023056865">
        <ele>2188.7199999999998</ele>
        <time>2019-02-17T15:01:35Z</time>
      </trkpt>
      <trkpt lat="4.699617605656385" lon="-75.522888153791428">
        <ele>2189.579999999999927</ele>
        <time>2019-02-17T15:01:45Z</time>
      </trkpt>
      <trkpt lat="4.699626239016652" lon="-75.522873569279909">
        <ele>2189.570000000000164</ele>
        <time>2019-02-17T15:01:49Z</time>
      </trkpt>
      <trkpt lat="4.699693880975246" lon="-75.52279494702816">
        <ele>2190.380000000000109</ele>
        <time>2019-02-17T15:02:01Z</time>
      </trkpt>
      <trkpt lat="4.699757751077414" lon="-75.522723365575075">
        <ele>2190.739999999999782</ele>
        <time>2019-02-17T15:02:07Z</time>
      </trkpt>
      <trkpt lat="4.69982941634953" lon="-75.522695034742355">
        <ele>2191.179999999999836</ele>
        <time>2019-02-17T15:02:12Z</time>
      </trkpt>
      <trkpt lat="4.699845341965556" lon="-75.522673577070236">
        <ele>2191.409999999999854</ele>
        <time>2019-02-17T15:02:14Z</time>
      </trkpt>
      <trkpt lat="4.699887419119477" lon="-75.522627728059888">
        <ele>2192.690000000000055</ele>
        <time>2019-02-17T15:02:23Z</time>
      </trkpt>
      <trkpt lat="4.699900830164552" lon="-75.522575341165066">
        <ele>2192.329999999999927</ele>
        <time>2019-02-17T15:02:30Z</time>
      </trkpt>
      <trkpt lat="4.699949948117137" lon="-75.522503089159727">
        <ele>2193.159999999999854</ele>
        <time>2019-02-17T15:02:39Z</time>
      </trkpt>
      <trkpt lat="4.699985319748521" lon="-75.522430501878262">
        <ele>2194.369999999999891</ele>
        <time>2019-02-17T15:02:49Z</time>
      </trkpt>
      <trkpt lat="4.700041059404612" lon="-75.522353807464242">
        <ele>2194.7800000000002</ele>
        <time>2019-02-17T15:02:56Z</time>
      </trkpt>
      <trkpt lat="4.700064696371555" lon="-75.522322626784444">
        <ele>2194.980000000000018</ele>
        <time>2019-02-17T15:02:59Z</time>
      </trkpt>
      <trkpt lat="4.700093613937497" lon="-75.522210393100977">
        <ele>2196.099999999999909</ele>
        <time>2019-02-17T15:03:10Z</time>
      </trkpt>
      <trkpt lat="4.70016653649509" lon="-75.522119030356407">
        <ele>2198.019999999999982</ele>
        <time>2019-02-17T15:03:24Z</time>
      </trkpt>
      <trkpt lat="4.700177013874054" lon="-75.522097321227193">
        <ele>2198.380000000000109</ele>
        <time>2019-02-17T15:03:30Z</time>
      </trkpt>
      <trkpt lat="4.700212636962533" lon="-75.521980812773108">
        <ele>2199.0300000000002</ele>
        <time>2019-02-17T15:03:42Z</time>
      </trkpt>
      <trkpt lat="4.700211128219962" lon="-75.521878888830543">
        <ele>2200.800000000000182</ele>
        <time>2019-02-17T15:03:53Z</time>
      </trkpt>
      <trkpt lat="4.700260916724801" lon="-75.521760368719697">
        <ele>2202.090000000000146</ele>
        <time>2019-02-17T15:04:04Z</time>
      </trkpt>
      <trkpt lat="4.700313387438655" lon="-75.521668922156096">
        <ele>2203.400000000000091</ele>
        <time>2019-02-17T15:04:14Z</time>
      </trkpt>
      <trkpt lat="4.700360326096416" lon="-75.521632293239236">
        <ele>2203.789999999999964</ele>
        <time>2019-02-17T15:04:18Z</time>
      </trkpt>
      <trkpt lat="4.700476666912436" lon="-75.521579487249255">
        <ele>2204.210000000000036</ele>
        <time>2019-02-17T15:04:28Z</time>
      </trkpt>
      <trkpt lat="4.700488653033972" lon="-75.521575463935733">
        <ele>2204.2199999999998</ele>
        <time>2019-02-17T15:04:29Z</time>
      </trkpt>
      <trkpt lat="4.700572723522782" lon="-75.521547384560108">
        <ele>2204.949999999999818</ele>
        <time>2019-02-17T15:04:34Z</time>
      </trkpt>
      <trkpt lat="4.700660146772861" lon="-75.521497176960111">
        <ele>2205.820000000000164</ele>
        <time>2019-02-17T15:04:41Z</time>
      </trkpt>
      <trkpt lat="4.70073482953012" lon="-75.52142090164125">
        <ele>2206.440000000000055</ele>
        <time>2019-02-17T15:04:47Z</time>
      </trkpt>
      <trkpt lat="4.700755029916763" lon="-75.521393492817879">
        <ele>2206.679999999999836</ele>
        <time>2019-02-17T15:04:48Z</time>
      </trkpt>
      <trkpt lat="4.700784031301737" lon="-75.521367760375142">
        <ele>2207</ele>
        <time>2019-02-17T15:04:49Z</time>
      </trkpt>
      <trkpt lat="4.700810015201569" lon="-75.521349404007196">
        <ele>2207.199999999999818</ele>
        <time>2019-02-17T15:04:50Z</time>
      </trkpt>
      <trkpt lat="4.700882015749812" lon="-75.521313780918717">
        <ele>2207.519999999999982</ele>
        <time>2019-02-17T15:04:58Z</time>
      </trkpt>
      <trkpt lat="4.700950495898724" lon="-75.521286455914378">
        <ele>2207.639999999999873</ele>
        <time>2019-02-17T15:05:05Z</time>
      </trkpt>
      <trkpt lat="4.701071446761489" lon="-75.521263489499688">
        <ele>2208.889999999999873</ele>
        <time>2019-02-17T15:05:19Z</time>
      </trkpt>
      <trkpt lat="4.701092652976513" lon="-75.521240942180157">
        <ele>2208.909999999999854</ele>
        <time>2019-02-17T15:05:21Z</time>
      </trkpt>
      <trkpt lat="4.701103130355477" lon="-75.521223675459623">
        <ele>2208.7800000000002</ele>
        <time>2019-02-17T15:05:22Z</time>
      </trkpt>
      <trkpt lat="4.701201030984521" lon="-75.52104564383626">
        <ele>2208.519999999999982</ele>
        <time>2019-02-17T15:05:33Z</time>
      </trkpt>
      <trkpt lat="4.7012073174119" lon="-75.521031646057963">
        <ele>2208.360000000000127</ele>
        <time>2019-02-17T15:05:34Z</time>
      </trkpt>
      <trkpt lat="4.701209748163819" lon="-75.521018486469984">
        <ele>2208.5</ele>
        <time>2019-02-17T15:05:35Z</time>
      </trkpt>
      <trkpt lat="4.701211508363485" lon="-75.521006667986512">
        <ele>2208.650000000000091</ele>
        <time>2019-02-17T15:05:36Z</time>
      </trkpt>
      <trkpt lat="4.701235396787524" lon="-75.520983869209886">
        <ele>2208.659999999999854</ele>
        <time>2019-02-17T15:05:39Z</time>
      </trkpt>
      <trkpt lat="4.701241683214903" lon="-75.520972218364477">
        <ele>2208.659999999999854</ele>
        <time>2019-02-17T15:05:40Z</time>
      </trkpt>
      <trkpt lat="4.701288538053632" lon="-75.520888986065984">
        <ele>2209.199999999999818</ele>
        <time>2019-02-17T15:05:48Z</time>
      </trkpt>
      <trkpt lat="4.70130211673677" lon="-75.520879849791527">
        <ele>2209.320000000000164</ele>
        <time>2019-02-17T15:05:49Z</time>
      </trkpt>
      <trkpt lat="4.701451230794191" lon="-75.520835760980844">
        <ele>2209.539999999999964</ele>
        <time>2019-02-17T15:06:01Z</time>
      </trkpt>
      <trkpt lat="4.701473107561469" lon="-75.520840873941779">
        <ele>2209.579999999999927</ele>
        <time>2019-02-17T15:06:02Z</time>
      </trkpt>
      <trkpt lat="4.701484590768814" lon="-75.520836766809225">
        <ele>2209.429999999999836</ele>
        <time>2019-02-17T15:06:03Z</time>
      </trkpt>
      <trkpt lat="4.701510407030582" lon="-75.520823523402214">
        <ele>2209.789999999999964</ele>
        <time>2019-02-17T15:06:05Z</time>
      </trkpt>
      <trkpt lat="4.701584922149777" lon="-75.520788403227925">
        <ele>2210.480000000000018</ele>
        <time>2019-02-17T15:06:12Z</time>
      </trkpt>
      <trkpt lat="4.701620293781161" lon="-75.520775578916073">
        <ele>2210.7199999999998</ele>
        <time>2019-02-17T15:06:15Z</time>
      </trkpt>
      <trkpt lat="4.701636973768473" lon="-75.520766694098711">
        <ele>2211.079999999999927</ele>
        <time>2019-02-17T15:06:16Z</time>
      </trkpt>
      <trkpt lat="4.701663879677653" lon="-75.520765436813235">
        <ele>2211.429999999999836</ele>
        <time>2019-02-17T15:06:17Z</time>
      </trkpt>
      <trkpt lat="4.701686091721058" lon="-75.520757390186191">
        <ele>2211.829999999999927</ele>
        <time>2019-02-17T15:06:18Z</time>
      </trkpt>
      <trkpt lat="4.701694892719388" lon="-75.520751271396875">
        <ele>2212.210000000000036</ele>
        <time>2019-02-17T15:06:19Z</time>
      </trkpt>
      <trkpt lat="4.701716853305697" lon="-75.520744817331433">
        <ele>2212.639999999999873</ele>
        <time>2019-02-17T15:06:20Z</time>
      </trkpt>
      <trkpt lat="4.701733617112041" lon="-75.520740626379848">
        <ele>2212.960000000000036</ele>
        <time>2019-02-17T15:06:21Z</time>
      </trkpt>
      <trkpt lat="4.701751135289669" lon="-75.520722102373838">
        <ele>2213.110000000000127</ele>
        <time>2019-02-17T15:06:23Z</time>
      </trkpt>
      <trkpt lat="4.701759601011872" lon="-75.520711122080684">
        <ele>2213.070000000000164</ele>
        <time>2019-02-17T15:06:24Z</time>
      </trkpt>
      <trkpt lat="4.701784662902355" lon="-75.520682204514742">
        <ele>2213.329999999999927</ele>
        <time>2019-02-17T15:06:27Z</time>
      </trkpt>
      <trkpt lat="4.701797151938081" lon="-75.520657477900386">
        <ele>2213.159999999999854</ele>
        <time>2019-02-17T15:06:33Z</time>
      </trkpt>
      <trkpt lat="4.701829254627228" lon="-75.520600145682693">
        <ele>2213.110000000000127</ele>
        <time>2019-02-17T15:06:45Z</time>
      </trkpt>
      <trkpt lat="4.701911145821214" lon="-75.520498557016253">
        <ele>2213.849999999999909</ele>
        <time>2019-02-17T15:06:57Z</time>
      </trkpt>
      <trkpt lat="4.701924053952098" lon="-75.52046762779355">
        <ele>2214.190000000000055</ele>
        <time>2019-02-17T15:07:00Z</time>
      </trkpt>
      <trkpt lat="4.701925395056605" lon="-75.520455641672015">
        <ele>2214.159999999999854</ele>
        <time>2019-02-17T15:07:01Z</time>
      </trkpt>
      <trkpt lat="4.701959593221545" lon="-75.520340977236629">
        <ele>2215.059999999999945</ele>
        <time>2019-02-17T15:07:13Z</time>
      </trkpt>
      <trkpt lat="4.701971914619207" lon="-75.520306108519435">
        <ele>2214.960000000000036</ele>
        <time>2019-02-17T15:07:16Z</time>
      </trkpt>
      <trkpt lat="4.701985828578472" lon="-75.520296301692724">
        <ele>2215.150000000000091</ele>
        <time>2019-02-17T15:07:17Z</time>
      </trkpt>
      <trkpt lat="4.702037209644914" lon="-75.520253386348486">
        <ele>2215.75</ele>
        <time>2019-02-17T15:07:24Z</time>
      </trkpt>
      <trkpt lat="4.702063193544745" lon="-75.520199742168188">
        <ele>2216.570000000000164</ele>
        <time>2019-02-17T15:07:30Z</time>
      </trkpt>
      <trkpt lat="4.702180959284306" lon="-75.520097399130464">
        <ele>2218.139999999999873</ele>
        <time>2019-02-17T15:07:45Z</time>
      </trkpt>
      <trkpt lat="4.702309789136052" lon="-75.519894640892744">
        <ele>2219.289999999999964</ele>
        <time>2019-02-17T15:08:05Z</time>
      </trkpt>
      <trkpt lat="4.70232387073338" lon="-75.519877038896084">
        <ele>2219.300000000000182</ele>
        <time>2019-02-17T15:08:07Z</time>
      </trkpt>
      <trkpt lat="4.702330660074949" lon="-75.519866896793246">
        <ele>2219.139999999999873</ele>
        <time>2019-02-17T15:08:08Z</time>
      </trkpt>
      <trkpt lat="4.702338958159089" lon="-75.519857676699758">
        <ele>2219.210000000000036</ele>
        <time>2019-02-17T15:08:09Z</time>
      </trkpt>
      <trkpt lat="4.702365947887301" lon="-75.519854826852679">
        <ele>2219.730000000000018</ele>
        <time>2019-02-17T15:08:11Z</time>
      </trkpt>
      <trkpt lat="4.702374329790473" lon="-75.519849294796586">
        <ele>2219.880000000000109</ele>
        <time>2019-02-17T15:08:12Z</time>
      </trkpt>
      <trkpt lat="4.702413808554411" lon="-75.519821466878057">
        <ele>2219.7800000000002</ele>
        <time>2019-02-17T15:08:17Z</time>
      </trkpt>
      <trkpt lat="4.702418921515346" lon="-75.5198123306036">
        <ele>2219.900000000000091</ele>
        <time>2019-02-17T15:08:18Z</time>
      </trkpt>
      <trkpt lat="4.702480360865593" lon="-75.519780395552516">
        <ele>2219.230000000000018</ele>
        <time>2019-02-17T15:08:25Z</time>
      </trkpt>
      <trkpt lat="4.702535346150398" lon="-75.519744353368878">
        <ele>2219.070000000000164</ele>
        <time>2019-02-17T15:08:36Z</time>
      </trkpt>
      <trkpt lat="4.702576501294971" lon="-75.51968433894217">
        <ele>2221.289999999999964</ele>
        <time>2019-02-17T15:08:49Z</time>
      </trkpt>
      <trkpt lat="4.702598880976439" lon="-75.519629186019301">
        <ele>2221.579999999999927</ele>
        <time>2019-02-17T15:08:54Z</time>
      </trkpt>
      <trkpt lat="4.702655207365751" lon="-75.519485855475068">
        <ele>2222.849999999999909</ele>
        <time>2019-02-17T15:09:08Z</time>
      </trkpt>
      <trkpt lat="4.702728213742375" lon="-75.519430283457041">
        <ele>2223.5</ele>
        <time>2019-02-17T15:09:28Z</time>
      </trkpt>
      <trkpt lat="4.702786300331354" lon="-75.519370939582586">
        <ele>2224.110000000000127</ele>
        <time>2019-02-17T15:09:38Z</time>
      </trkpt>
      <trkpt lat="4.702864252030849" lon="-75.519251665100455">
        <ele>2225.349999999999909</ele>
        <time>2019-02-17T15:09:54Z</time>
      </trkpt>
      <trkpt lat="4.702951004728675" lon="-75.519168181344867">
        <ele>2226.110000000000127</ele>
        <time>2019-02-17T15:10:06Z</time>
      </trkpt>
      <trkpt lat="4.703097604215145" lon="-75.519035831093788">
        <ele>2228.269999999999982</ele>
        <time>2019-02-17T15:10:25Z</time>
      </trkpt>
      <trkpt lat="4.70328058116138" lon="-75.518922256305814">
        <ele>2229.849999999999909</ele>
        <time>2019-02-17T15:10:45Z</time>
      </trkpt>
      <trkpt lat="4.703388959169388" lon="-75.518851010128856">
        <ele>2230.860000000000127</ele>
        <time>2019-02-17T15:10:58Z</time>
      </trkpt>
      <trkpt lat="4.703552993014455" lon="-75.518784373998642">
        <ele>2232.570000000000164</ele>
        <time>2019-02-17T15:11:16Z</time>
      </trkpt>
      <trkpt lat="4.703718787059188" lon="-75.518731316551566">
        <ele>2233.599999999999909</ele>
        <time>2019-02-17T15:11:30Z</time>
      </trkpt>
      <trkpt lat="4.70372867770493" lon="-75.518727544695139">
        <ele>2233.699999999999818</ele>
        <time>2019-02-17T15:11:31Z</time>
      </trkpt>
      <trkpt lat="4.703819034621119" lon="-75.518715977668762">
        <ele>2234.4699999999998</ele>
        <time>2019-02-17T15:11:42Z</time>
      </trkpt>
      <trkpt lat="4.703825153410435" lon="-75.518718659877777">
        <ele>2234.670000000000073</ele>
        <time>2019-02-17T15:11:43Z</time>
      </trkpt>
      <trkpt lat="4.70393386669457" lon="-75.518737686797976">
        <ele>2235.389999999999873</ele>
        <time>2019-02-17T15:11:56Z</time>
      </trkpt>
      <trkpt lat="4.703959263861179" lon="-75.518727209419012">
        <ele>2236.230000000000018</ele>
        <time>2019-02-17T15:12:00Z</time>
      </trkpt>
      <trkpt lat="4.704011734575033" lon="-75.518723018467426">
        <ele>2236.360000000000127</ele>
        <time>2019-02-17T15:12:05Z</time>
      </trkpt>
      <trkpt lat="4.70415229909122" lon="-75.518749840557575">
        <ele>2237.75</ele>
        <time>2019-02-17T15:12:18Z</time>
      </trkpt>
      <trkpt lat="4.704285990446806" lon="-75.518699130043387">
        <ele>2238.260000000000218</ele>
        <time>2019-02-17T15:12:31Z</time>
      </trkpt>
      <trkpt lat="4.704403504729271" lon="-75.518660992383957">
        <ele>2238.110000000000127</ele>
        <time>2019-02-17T15:12:41Z</time>
      </trkpt>
      <trkpt lat="4.704563934355974" lon="-75.518537862226367">
        <ele>2239.289999999999964</ele>
        <time>2019-02-17T15:12:57Z</time>
      </trkpt>
      <trkpt lat="4.704692093655467" lon="-75.518464688211679">
        <ele>2240.400000000000091</ele>
        <time>2019-02-17T15:13:12Z</time>
      </trkpt>
      <trkpt lat="4.704760825261474" lon="-75.518397968262434">
        <ele>2241.070000000000164</ele>
        <time>2019-02-17T15:13:24Z</time>
      </trkpt>
      <trkpt lat="4.704834250733256" lon="-75.518329739570618">
        <ele>2242.579999999999927</ele>
        <time>2019-02-17T15:13:35Z</time>
      </trkpt>
      <trkpt lat="4.704930977895856" lon="-75.518285483121872">
        <ele>2242.710000000000036</ele>
        <time>2019-02-17T15:13:45Z</time>
      </trkpt>
      <trkpt lat="4.704963834956288" lon="-75.51825019530952">
        <ele>2242.769999999999982</ele>
        <time>2019-02-17T15:13:48Z</time>
      </trkpt>
      <trkpt lat="4.705010103061795" lon="-75.518223289400339">
        <ele>2243.730000000000018</ele>
        <time>2019-02-17T15:13:55Z</time>
      </trkpt>
      <trkpt lat="4.70509584993124" lon="-75.518225133419037">
        <ele>2244.510000000000218</ele>
        <time>2019-02-17T15:14:05Z</time>
      </trkpt>
      <trkpt lat="4.705297937616706" lon="-75.518108876422048">
        <ele>2245.929999999999836</ele>
        <time>2019-02-17T15:14:21Z</time>
      </trkpt>
      <trkpt lat="4.70537974499166" lon="-75.51805866882205">
        <ele>2247.050000000000182</ele>
        <time>2019-02-17T15:14:33Z</time>
      </trkpt>
      <trkpt lat="4.705469431355596" lon="-75.517992787063122">
        <ele>2247.869999999999891</ele>
        <time>2019-02-17T15:14:46Z</time>
      </trkpt>
      <trkpt lat="4.705574121326208" lon="-75.517922546714544">
        <ele>2249.309999999999945</ele>
        <time>2019-02-17T15:14:59Z</time>
      </trkpt>
      <trkpt lat="4.705653497949243" lon="-75.517857754603028">
        <ele>2250.0300000000002</ele>
        <time>2019-02-17T15:15:09Z</time>
      </trkpt>
      <trkpt lat="4.705714266747236" lon="-75.517803775146604">
        <ele>2250.550000000000182</ele>
        <time>2019-02-17T15:15:16Z</time>
      </trkpt>
      <trkpt lat="4.705807892605662" lon="-75.517764128744602">
        <ele>2251.510000000000218</ele>
        <time>2019-02-17T15:15:28Z</time>
      </trkpt>
      <trkpt lat="4.705875031650066" lon="-75.517693217843771">
        <ele>2253.079999999999927</ele>
        <time>2019-02-17T15:15:40Z</time>
      </trkpt>
      <trkpt lat="4.705926412716508" lon="-75.517639154568315">
        <ele>2254.519999999999982</ele>
        <time>2019-02-17T15:15:51Z</time>
      </trkpt>
      <trkpt lat="4.705970250070095" lon="-75.517566818743944">
        <ele>2255.099999999999909</ele>
        <time>2019-02-17T15:16:01Z</time>
      </trkpt>
      <trkpt lat="4.705998077988625" lon="-75.517533710226417">
        <ele>2255.269999999999982</ele>
        <time>2019-02-17T15:16:06Z</time>
      </trkpt>
      <trkpt lat="4.706046944484115" lon="-75.517478389665484">
        <ele>2256.300000000000182</ele>
        <time>2019-02-17T15:16:13Z</time>
      </trkpt>
      <trkpt lat="4.706162698566914" lon="-75.517317876219749">
        <ele>2257.329999999999927</ele>
        <time>2019-02-17T15:16:31Z</time>
      </trkpt>
      <trkpt lat="4.706255905330181" lon="-75.517218299210072">
        <ele>2258.099999999999909</ele>
        <time>2019-02-17T15:16:44Z</time>
      </trkpt>
      <trkpt lat="4.706269316375256" lon="-75.517166666686535">
        <ele>2258.440000000000055</ele>
        <time>2019-02-17T15:17:08Z</time>
      </trkpt>
      <trkpt lat="4.706320865079761" lon="-75.517145544290543">
        <ele>2259.449999999999818</ele>
        <time>2019-02-17T15:17:32Z</time>
      </trkpt>
      <trkpt lat="4.706394709646702" lon="-75.517091481015086">
        <ele>2260.449999999999818</ele>
        <time>2019-02-17T15:17:46Z</time>
      </trkpt>
      <trkpt lat="4.706444162875414" lon="-75.516965752467513">
        <ele>2261.800000000000182</ele>
        <time>2019-02-17T15:18:01Z</time>
      </trkpt>
      <trkpt lat="4.706573160365224" lon="-75.516783278435469">
        <ele>2263.369999999999891</ele>
        <time>2019-02-17T15:18:21Z</time>
      </trkpt>
      <trkpt lat="4.706642227247357" lon="-75.516708176583052">
        <ele>2264.429999999999836</ele>
        <time>2019-02-17T15:18:31Z</time>
      </trkpt>
      <trkpt lat="4.706808272749186" lon="-75.516557218506932">
        <ele>2267.159999999999854</ele>
        <time>2019-02-17T15:18:52Z</time>
      </trkpt>
      <trkpt lat="4.706938276067376" lon="-75.516426796093583">
        <ele>2268.610000000000127</ele>
        <time>2019-02-17T15:19:09Z</time>
      </trkpt>
      <trkpt lat="4.707012204453349" lon="-75.516378181055188">
        <ele>2269.380000000000109</ele>
        <time>2019-02-17T15:19:23Z</time>
      </trkpt>
      <trkpt lat="4.707050425931811" lon="-75.516303917393088">
        <ele>2269.9699999999998</ele>
        <time>2019-02-17T15:19:31Z</time>
      </trkpt>
      <trkpt lat="4.707107003778219" lon="-75.516236694529653">
        <ele>2270.059999999999945</ele>
        <time>2019-02-17T15:19:39Z</time>
      </trkpt>
      <trkpt lat="4.707252513617277" lon="-75.516220768913627">
        <ele>2269.690000000000055</ele>
        <time>2019-02-17T15:19:50Z</time>
      </trkpt>
      <trkpt lat="4.70737237483263" lon="-75.516292434185743">
        <ele>2269.150000000000091</ele>
        <time>2019-02-17T15:20:02Z</time>
      </trkpt>
      <trkpt lat="4.707493828609586" lon="-75.516250105574727">
        <ele>2269.349999999999909</ele>
        <time>2019-02-17T15:20:17Z</time>
      </trkpt>
      <trkpt lat="4.707504473626614" lon="-75.516245746985078">
        <ele>2269.559999999999945</ele>
        <time>2019-02-17T15:20:18Z</time>
      </trkpt>
      <trkpt lat="4.707627100870013" lon="-75.516196209937334">
        <ele>2271.199999999999818</ele>
        <time>2019-02-17T15:20:30Z</time>
      </trkpt>
      <trkpt lat="4.707694239914417" lon="-75.516015412285924">
        <ele>2272.570000000000164</ele>
        <time>2019-02-17T15:20:49Z</time>
      </trkpt>
      <trkpt lat="4.70771829597652" lon="-75.515896640717983">
        <ele>2273.0300000000002</ele>
        <time>2019-02-17T15:21:01Z</time>
      </trkpt>
      <trkpt lat="4.707745788618922" lon="-75.51575968042016">
        <ele>2273.320000000000164</ele>
        <time>2019-02-17T15:21:19Z</time>
      </trkpt>
      <trkpt lat="4.707782166078687" lon="-75.515737133100629">
        <ele>2274.170000000000073</ele>
        <time>2019-02-17T15:21:24Z</time>
      </trkpt>
      <trkpt lat="4.70783706754446" lon="-75.515670077875257">
        <ele>2274.809999999999945</ele>
        <time>2019-02-17T15:21:38Z</time>
      </trkpt>
      <trkpt lat="4.707926670089364" lon="-75.515627916902304">
        <ele>2274.599999999999909</ele>
        <time>2019-02-17T15:21:57Z</time>
      </trkpt>
      <trkpt lat="4.708003280684352" lon="-75.515521299093962">
        <ele>2275.619999999999891</ele>
        <time>2019-02-17T15:22:09Z</time>
      </trkpt>
      <trkpt lat="4.708047537133098" lon="-75.515446783974767">
        <ele>2276.210000000000036</ele>
        <time>2019-02-17T15:22:26Z</time>
      </trkpt>
      <trkpt lat="4.708097744733095" lon="-75.515299597755075">
        <ele>2277.230000000000018</ele>
        <time>2019-02-17T15:22:40Z</time>
      </trkpt>
      <trkpt lat="4.708144683390856" lon="-75.515239667147398">
        <ele>2278.75</ele>
        <time>2019-02-17T15:22:50Z</time>
      </trkpt>
      <trkpt lat="4.708134206011891" lon="-75.515165319666266">
        <ele>2280.5</ele>
        <time>2019-02-17T15:23:01Z</time>
      </trkpt>
      <trkpt lat="4.708159016445279" lon="-75.515127182006836">
        <ele>2281.429999999999836</ele>
        <time>2019-02-17T15:23:05Z</time>
      </trkpt>
      <trkpt lat="4.708271250128746" lon="-75.515051912516356">
        <ele>2282.409999999999854</ele>
        <time>2019-02-17T15:23:16Z</time>
      </trkpt>
      <trkpt lat="4.708300586789846" lon="-75.514999525621533">
        <ele>2282.809999999999945</ele>
        <time>2019-02-17T15:23:21Z</time>
      </trkpt>
      <trkpt lat="4.708354733884335" lon="-75.514917466789484">
        <ele>2284.639999999999873</ele>
        <time>2019-02-17T15:23:31Z</time>
      </trkpt>
      <trkpt lat="4.708375269547105" lon="-75.514851082116365">
        <ele>2286.079999999999927</ele>
        <time>2019-02-17T15:23:38Z</time>
      </trkpt>
      <trkpt lat="4.708392284810543" lon="-75.514636756852269">
        <ele>2284.360000000000127</ele>
        <time>2019-02-17T15:23:52Z</time>
      </trkpt>
      <trkpt lat="4.708378287032247" lon="-75.514514213427901">
        <ele>2284.480000000000018</ele>
        <time>2019-02-17T15:24:08Z</time>
      </trkpt>
      <trkpt lat="4.708430841565132" lon="-75.51440566778183">
        <ele>2284.7199999999998</ele>
        <time>2019-02-17T15:24:19Z</time>
      </trkpt>
      <trkpt lat="4.708434864878654" lon="-75.514359315857291">
        <ele>2285.150000000000091</ele>
        <time>2019-02-17T15:24:24Z</time>
      </trkpt>
      <trkpt lat="4.708449114114046" lon="-75.514324950054288">
        <ele>2285.260000000000218</ele>
        <time>2019-02-17T15:24:27Z</time>
      </trkpt>
      <trkpt lat="4.708466464653611" lon="-75.514289746060967">
        <ele>2286.150000000000091</ele>
        <time>2019-02-17T15:24:31Z</time>
      </trkpt>
      <trkpt lat="4.708487335592508" lon="-75.514253284782171">
        <ele>2286.519999999999982</ele>
        <time>2019-02-17T15:24:34Z</time>
      </trkpt>
      <trkpt lat="4.708594707772136" lon="-75.514134177938104">
        <ele>2289.730000000000018</ele>
        <time>2019-02-17T15:24:50Z</time>
      </trkpt>
      <trkpt lat="4.708608286455274" lon="-75.514115486294031">
        <ele>2290.230000000000018</ele>
        <time>2019-02-17T15:24:53Z</time>
      </trkpt>
      <trkpt lat="4.708626559004188" lon="-75.514091849327087">
        <ele>2290.239999999999782</ele>
        <time>2019-02-17T15:24:56Z</time>
      </trkpt>
      <trkpt lat="4.708677269518375" lon="-75.513992607593536">
        <ele>2290.150000000000091</ele>
        <time>2019-02-17T15:25:07Z</time>
      </trkpt>
      <trkpt lat="4.708696883171797" lon="-75.513922702521086">
        <ele>2290.269999999999982</ele>
        <time>2019-02-17T15:25:19Z</time>
      </trkpt>
      <trkpt lat="4.708701996132731" lon="-75.513913063332438">
        <ele>2290.130000000000109</ele>
        <time>2019-02-17T15:25:20Z</time>
      </trkpt>
      <trkpt lat="4.708742899820209" lon="-75.513844331726432">
        <ele>2290.239999999999782</ele>
        <time>2019-02-17T15:25:25Z</time>
      </trkpt>
      <trkpt lat="4.708767374977469" lon="-75.51380611024797">
        <ele>2290.320000000000164</ele>
        <time>2019-02-17T15:25:28Z</time>
      </trkpt>
      <trkpt lat="4.708829568699002" lon="-75.513696223497391">
        <ele>2292.400000000000091</ele>
        <time>2019-02-17T15:25:37Z</time>
      </trkpt>
      <trkpt lat="4.708833508193493" lon="-75.513650542125106">
        <ele>2293.9699999999998</ele>
        <time>2019-02-17T15:25:40Z</time>
      </trkpt>
      <trkpt lat="4.708836441859603" lon="-75.513596897944808">
        <ele>2294.320000000000164</ele>
        <time>2019-02-17T15:25:44Z</time>
      </trkpt>
      <trkpt lat="4.708833424374461" lon="-75.513569824397564">
        <ele>2294.400000000000091</ele>
        <time>2019-02-17T15:25:46Z</time>
      </trkpt>
      <trkpt lat="4.708836944773793" lon="-75.513480054214597">
        <ele>2294.179999999999836</ele>
        <time>2019-02-17T15:25:52Z</time>
      </trkpt>
      <trkpt lat="4.70880794338882" lon="-75.513392798602581">
        <ele>2294.639999999999873</ele>
        <time>2019-02-17T15:25:58Z</time>
      </trkpt>
      <trkpt lat="4.708807859569788" lon="-75.513340411707759">
        <ele>2295.320000000000164</ele>
        <time>2019-02-17T15:26:02Z</time>
      </trkpt>
      <trkpt lat="4.708800483494997" lon="-75.513272769749165">
        <ele>2295.579999999999927</ele>
        <time>2019-02-17T15:26:07Z</time>
      </trkpt>
      <trkpt lat="4.708800567314029" lon="-75.513254078105092">
        <ele>2295.960000000000036</ele>
        <time>2019-02-17T15:26:11Z</time>
      </trkpt>
      <trkpt lat="4.708776343613863" lon="-75.513247372582555">
        <ele>2295.730000000000018</ele>
        <time>2019-02-17T15:26:35Z</time>
      </trkpt>
      <trkpt lat="4.708786401897669" lon="-75.51324519328773">
        <ele>2295.710000000000036</ele>
        <time>2019-02-17T15:26:39Z</time>
      </trkpt>
      <trkpt lat="4.708829065784812" lon="-75.513231530785561">
        <ele>2295.699999999999818</ele>
        <time>2019-02-17T15:26:47Z</time>
      </trkpt>
      <trkpt lat="4.708869382739067" lon="-75.51317679695785">
        <ele>2296.25</ele>
        <time>2019-02-17T15:26:57Z</time>
      </trkpt>
      <trkpt lat="4.708891846239567" lon="-75.513228680938482">
        <ele>2296.389999999999873</ele>
        <time>2019-02-17T15:27:14Z</time>
      </trkpt>
      <trkpt lat="4.708839878439903" lon="-75.513181490823627">
        <ele>2296.460000000000036</ele>
        <time>2019-02-17T15:27:31Z</time>
      </trkpt>
      <trkpt lat="4.708870556205511" lon="-75.513131115585566">
        <ele>2297.0300000000002</ele>
        <time>2019-02-17T15:27:43Z</time>
      </trkpt>
      <trkpt lat="4.708895869553089" lon="-75.513026928529143">
        <ele>2296.599999999999909</ele>
        <time>2019-02-17T15:28:00Z</time>
      </trkpt>
      <trkpt lat="4.70890324562788" lon="-75.513003543019295">
        <ele>2295.699999999999818</ele>
        <time>2019-02-17T15:28:03Z</time>
      </trkpt>
      <trkpt lat="4.708930822089314" lon="-75.512850489467382">
        <ele>2294.099999999999909</ele>
        <time>2019-02-17T15:28:21Z</time>
      </trkpt>
      <trkpt lat="4.70890031196177" lon="-75.512795923277736">
        <ele>2294.570000000000164</ele>
        <time>2019-02-17T15:28:30Z</time>
      </trkpt>
      <trkpt lat="4.70892864279449" lon="-75.512710344046354">
        <ele>2295.590000000000146</ele>
        <time>2019-02-17T15:28:46Z</time>
      </trkpt>
      <trkpt lat="4.708940209820867" lon="-75.512680336833">
        <ele>2296.159999999999854</ele>
        <time>2019-02-17T15:28:50Z</time>
      </trkpt>
      <trkpt lat="4.708919506520033" lon="-75.512577658519149">
        <ele>2297.5300000000002</ele>
        <time>2019-02-17T15:29:02Z</time>
      </trkpt>
      <trkpt lat="4.708938784897327" lon="-75.512500880286098">
        <ele>2298.360000000000127</ele>
        <time>2019-02-17T15:29:10Z</time>
      </trkpt>
      <trkpt lat="4.708929229527712" lon="-75.512445475906134">
        <ele>2298.849999999999909</ele>
        <time>2019-02-17T15:29:23Z</time>
      </trkpt>
      <trkpt lat="4.708914896473289" lon="-75.51247120834887">
        <ele>2298.9699999999998</ele>
        <time>2019-02-17T15:29:50Z</time>
      </trkpt>
      <trkpt lat="4.708954123780131" lon="-75.512432483956218">
        <ele>2299.809999999999945</ele>
        <time>2019-02-17T15:29:59Z</time>
      </trkpt>
      <trkpt lat="4.708950938656926" lon="-75.512357633560896">
        <ele>2300.510000000000218</ele>
        <time>2019-02-17T15:30:08Z</time>
      </trkpt>
      <trkpt lat="4.708950771018863" lon="-75.512159736827016">
        <ele>2300.809999999999945</ele>
        <time>2019-02-17T15:30:29Z</time>
      </trkpt>
      <trkpt lat="4.708941299468279" lon="-75.512111289426684">
        <ele>2300.949999999999818</ele>
        <time>2019-02-17T15:30:34Z</time>
      </trkpt>
      <trkpt lat="4.708951357752085" lon="-75.511918924748898">
        <ele>2302.349999999999909</ele>
        <time>2019-02-17T15:30:52Z</time>
      </trkpt>
      <trkpt lat="4.708878016099334" lon="-75.511776516214013">
        <ele>2303.210000000000036</ele>
        <time>2019-02-17T15:31:07Z</time>
      </trkpt>
      <trkpt lat="4.708824204280972" lon="-75.511723207309842">
        <ele>2303.110000000000127</ele>
        <time>2019-02-17T15:31:16Z</time>
      </trkpt>
      <trkpt lat="4.708751700818539" lon="-75.511588007211685">
        <ele>2303.590000000000146</ele>
        <time>2019-02-17T15:31:34Z</time>
      </trkpt>
      <trkpt lat="4.708733009174466" lon="-75.511504020541906">
        <ele>2304.159999999999854</ele>
        <time>2019-02-17T15:31:45Z</time>
      </trkpt>
      <trkpt lat="4.708734266459942" lon="-75.511441910639405">
        <ele>2304.550000000000182</ele>
        <time>2019-02-17T15:31:51Z</time>
      </trkpt>
      <trkpt lat="4.708735523745418" lon="-75.511375609785318">
        <ele>2305.519999999999982</ele>
        <time>2019-02-17T15:32:00Z</time>
      </trkpt>
      <trkpt lat="4.708689423277974" lon="-75.5113092251122">
        <ele>2306.5</ele>
        <time>2019-02-17T15:32:09Z</time>
      </trkpt>
      <trkpt lat="4.708605101332068" lon="-75.511191878467798">
        <ele>2309.260000000000218</ele>
        <time>2019-02-17T15:32:27Z</time>
      </trkpt>
      <trkpt lat="4.708615494892001" lon="-75.511082746088505">
        <ele>2310.320000000000164</ele>
        <time>2019-02-17T15:32:39Z</time>
      </trkpt>
      <trkpt lat="4.708633683621883" lon="-75.511019714176655">
        <ele>2310.860000000000127</ele>
        <time>2019-02-17T15:32:46Z</time>
      </trkpt>
      <trkpt lat="4.708610130473971" lon="-75.510854590684175">
        <ele>2313.2199999999998</ele>
        <time>2019-02-17T15:33:03Z</time>
      </trkpt>
      <trkpt lat="4.708619602024555" lon="-75.510792480781674">
        <ele>2314.380000000000109</ele>
        <time>2019-02-17T15:33:12Z</time>
      </trkpt>
      <trkpt lat="4.708626391366124" lon="-75.510749649256468">
        <ele>2314.909999999999854</ele>
        <time>2019-02-17T15:33:16Z</time>
      </trkpt>
      <trkpt lat="4.708629241213202" lon="-75.510727604851127">
        <ele>2315.150000000000091</ele>
        <time>2019-02-17T15:33:18Z</time>
      </trkpt>
      <trkpt lat="4.708611890673637" lon="-75.510682091116905">
        <ele>2315.800000000000182</ele>
        <time>2019-02-17T15:33:23Z</time>
      </trkpt>
      <trkpt lat="4.708603257313371" lon="-75.510541442781687">
        <ele>2317.539999999999964</ele>
        <time>2019-02-17T15:33:38Z</time>
      </trkpt>
      <trkpt lat="4.708569813519716" lon="-75.510440692305565">
        <ele>2318.230000000000018</ele>
        <time>2019-02-17T15:33:47Z</time>
      </trkpt>
      <trkpt lat="4.708554139360785" lon="-75.51030607894063">
        <ele>2319.199999999999818</ele>
        <time>2019-02-17T15:34:01Z</time>
      </trkpt>
      <trkpt lat="4.708538968116045" lon="-75.510241119191051">
        <ele>2319.679999999999836</ele>
        <time>2019-02-17T15:34:07Z</time>
      </trkpt>
      <trkpt lat="4.708532262593508" lon="-75.510133411735296">
        <ele>2320.820000000000164</ele>
        <time>2019-02-17T15:34:20Z</time>
      </trkpt>
      <trkpt lat="4.708511224016547" lon="-75.51005051471293">
        <ele>2321.289999999999964</ele>
        <time>2019-02-17T15:34:28Z</time>
      </trkpt>
      <trkpt lat="4.708485659211874" lon="-75.509948339313269">
        <ele>2322.0300000000002</ele>
        <time>2019-02-17T15:34:39Z</time>
      </trkpt>
      <trkpt lat="4.708435870707035" lon="-75.509849432855844">
        <ele>2322.630000000000109</ele>
        <time>2019-02-17T15:34:53Z</time>
      </trkpt>
      <trkpt lat="4.708383232355118" lon="-75.509753543883562">
        <ele>2323.690000000000055</ele>
        <time>2019-02-17T15:35:05Z</time>
      </trkpt>
      <trkpt lat="4.708315841853619" lon="-75.509603256359696">
        <ele>2324.760000000000218</ele>
        <time>2019-02-17T15:35:23Z</time>
      </trkpt>
      <trkpt lat="4.708264460787177" lon="-75.509399911388755">
        <ele>2326.309999999999945</ele>
        <time>2019-02-17T15:35:45Z</time>
      </trkpt>
      <trkpt lat="4.708156837150455" lon="-75.509287593886256">
        <ele>2327.980000000000018</ele>
        <time>2019-02-17T15:36:06Z</time>
      </trkpt>
      <trkpt lat="4.708142001181841" lon="-75.509223137050867">
        <ele>2328.599999999999909</ele>
        <time>2019-02-17T15:36:16Z</time>
      </trkpt>
      <trkpt lat="4.708120124414563" lon="-75.509188352152705">
        <ele>2328.769999999999982</ele>
        <time>2019-02-17T15:36:19Z</time>
      </trkpt>
      <trkpt lat="4.708066061139107" lon="-75.509045859798789">
        <ele>2331.190000000000055</ele>
        <time>2019-02-17T15:36:39Z</time>
      </trkpt>
      <trkpt lat="4.707994228228927" lon="-75.508910240605474">
        <ele>2332.679999999999836</ele>
        <time>2019-02-17T15:36:54Z</time>
      </trkpt>
      <trkpt lat="4.70796849578619" lon="-75.508863134309649">
        <ele>2332.7199999999998</ele>
        <time>2019-02-17T15:37:00Z</time>
      </trkpt>
      <trkpt lat="4.707954665645957" lon="-75.508827092126012">
        <ele>2332.860000000000127</ele>
        <time>2019-02-17T15:37:04Z</time>
      </trkpt>
      <trkpt lat="4.70789473503828" lon="-75.508672362193465">
        <ele>2334.369999999999891</ele>
        <time>2019-02-17T15:37:21Z</time>
      </trkpt>
      <trkpt lat="4.707881491631269" lon="-75.508647300302982">
        <ele>2334.289999999999964</ele>
        <time>2019-02-17T15:37:24Z</time>
      </trkpt>
      <trkpt lat="4.707774957641959" lon="-75.508507573977113">
        <ele>2335.179999999999836</ele>
        <time>2019-02-17T15:37:40Z</time>
      </trkpt>
      <trkpt lat="4.707744782790542" lon="-75.50843657925725">
        <ele>2335.170000000000073</ele>
        <time>2019-02-17T15:37:47Z</time>
      </trkpt>
      <trkpt lat="4.707677979022264" lon="-75.508339768275619">
        <ele>2335.800000000000182</ele>
        <time>2019-02-17T15:37:58Z</time>
      </trkpt>
      <trkpt lat="4.707628861069679" lon="-75.508250081911683">
        <ele>2336.820000000000164</ele>
        <time>2019-02-17T15:38:11Z</time>
      </trkpt>
      <trkpt lat="4.707604385912418" lon="-75.508171040564775">
        <ele>2336.909999999999854</ele>
        <time>2019-02-17T15:38:21Z</time>
      </trkpt>
      <trkpt lat="4.70760203897953" lon="-75.508152013644576">
        <ele>2336.940000000000055</ele>
        <time>2019-02-17T15:38:23Z</time>
      </trkpt>
      <trkpt lat="4.707585358992219" lon="-75.508107002824545">
        <ele>2336.869999999999891</ele>
        <time>2019-02-17T15:38:38Z</time>
      </trkpt>
      <trkpt lat="4.707562308758497" lon="-75.508114630356431">
        <ele>2337.099999999999909</ele>
        <time>2019-02-17T15:38:59Z</time>
      </trkpt>
      <trkpt lat="4.707596339285374" lon="-75.508127622306347">
        <ele>2336.690000000000055</ele>
        <time>2019-02-17T15:39:20Z</time>
      </trkpt>
      <trkpt lat="4.707590639591217" lon="-75.508105745539069">
        <ele>2336.889999999999873</ele>
        <time>2019-02-17T15:39:40Z</time>
      </trkpt>
      <trkpt lat="4.707579575479031" lon="-75.508069451898336">
        <ele>2337.269999999999982</ele>
        <time>2019-02-17T15:39:43Z</time>
      </trkpt>
      <trkpt lat="4.707570355385542" lon="-75.508064590394497">
        <ele>2337.190000000000055</ele>
        <time>2019-02-17T15:39:56Z</time>
      </trkpt>
      <trkpt lat="4.707573540508747" lon="-75.508065680041909">
        <ele>2337.860000000000127</ele>
        <time>2019-02-17T15:40:30Z</time>
      </trkpt>
      <trkpt lat="4.707557363435626" lon="-75.508083198219538">
        <ele>2337.389999999999873</ele>
        <time>2019-02-17T15:40:52Z</time>
      </trkpt>
      <trkpt lat="4.707562979310751" lon="-75.508064506575465">
        <ele>2337.269999999999982</ele>
        <time>2019-02-17T15:41:17Z</time>
      </trkpt>
      <trkpt lat="4.707567421719432" lon="-75.50799778662622">
        <ele>2337.809999999999945</ele>
        <time>2019-02-17T15:41:37Z</time>
      </trkpt>
      <trkpt lat="4.707551412284374" lon="-75.507977334782481">
        <ele>2337.889999999999873</ele>
        <time>2019-02-17T15:41:39Z</time>
      </trkpt>
      <trkpt lat="4.707510424777865" lon="-75.507845319807529">
        <ele>2340</ele>
        <time>2019-02-17T15:41:54Z</time>
      </trkpt>
      <trkpt lat="4.707495756447315" lon="-75.50780382938683">
        <ele>2340.460000000000036</ele>
        <time>2019-02-17T15:41:58Z</time>
      </trkpt>
      <trkpt lat="4.707404980435967" lon="-75.507589587941766">
        <ele>2343.0300000000002</ele>
        <time>2019-02-17T15:42:22Z</time>
      </trkpt>
      <trkpt lat="4.707362316548824" lon="-75.507509876042604">
        <ele>2344.170000000000073</ele>
        <time>2019-02-17T15:42:33Z</time>
      </trkpt>
      <trkpt lat="4.707356449216604" lon="-75.507483137771487">
        <ele>2343.940000000000055</ele>
        <time>2019-02-17T15:42:48Z</time>
      </trkpt>
      <trkpt lat="4.707341194152832" lon="-75.507418848574162">
        <ele>2345.010000000000218</ele>
        <time>2019-02-17T15:43:01Z</time>
      </trkpt>
      <trkpt lat="4.707262990996242" lon="-75.507289348170161">
        <ele>2346.690000000000055</ele>
        <time>2019-02-17T15:43:17Z</time>
      </trkpt>
      <trkpt lat="4.707252681255341" lon="-75.507155992090702">
        <ele>2347.380000000000109</ele>
        <time>2019-02-17T15:43:32Z</time>
      </trkpt>
      <trkpt lat="4.707229882478714" lon="-75.50711827352643">
        <ele>2347.610000000000127</ele>
        <time>2019-02-17T15:43:36Z</time>
      </trkpt>
      <trkpt lat="4.707203228026628" lon="-75.507030431181192">
        <ele>2348.539999999999964</ele>
        <time>2019-02-17T15:43:43Z</time>
      </trkpt>
      <trkpt lat="4.70714908093214" lon="-75.506909396499395">
        <ele>2349.869999999999891</ele>
        <time>2019-02-17T15:43:57Z</time>
      </trkpt>
      <trkpt lat="4.707127204164863" lon="-75.506784589961171">
        <ele>2350.130000000000109</ele>
        <time>2019-02-17T15:44:14Z</time>
      </trkpt>
      <trkpt lat="4.707112619653344" lon="-75.506750224158168">
        <ele>2350.239999999999782</ele>
        <time>2019-02-17T15:44:18Z</time>
      </trkpt>
      <trkpt lat="4.70708604902029" lon="-75.506653999909759">
        <ele>2350.809999999999945</ele>
        <time>2019-02-17T15:44:28Z</time>
      </trkpt>
      <trkpt lat="4.707044893875718" lon="-75.506505472585559">
        <ele>2351.159999999999854</ele>
        <time>2019-02-17T15:44:42Z</time>
      </trkpt>
      <trkpt lat="4.707032991573215" lon="-75.50646984949708">
        <ele>2351.309999999999945</ele>
        <time>2019-02-17T15:44:46Z</time>
      </trkpt>
      <trkpt lat="4.70701077952981" lon="-75.506427939981222">
        <ele>2351.550000000000182</ele>
        <time>2019-02-17T15:44:50Z</time>
      </trkpt>
      <trkpt lat="4.707001559436321" lon="-75.506403967738152">
        <ele>2351.5300000000002</ele>
        <time>2019-02-17T15:44:52Z</time>
      </trkpt>
      <trkpt lat="4.706961493939161" lon="-75.506297433748841">
        <ele>2351.559999999999945</ele>
        <time>2019-02-17T15:45:02Z</time>
      </trkpt>
      <trkpt lat="4.706933666020632" lon="-75.506263906136155">
        <ele>2351.650000000000091</ele>
        <time>2019-02-17T15:45:06Z</time>
      </trkpt>
      <trkpt lat="4.706920254975557" lon="-75.506191737949848">
        <ele>2351.860000000000127</ele>
        <time>2019-02-17T15:45:13Z</time>
      </trkpt>
      <trkpt lat="4.70685831271112" lon="-75.506096435710788">
        <ele>2352.2800000000002</ele>
        <time>2019-02-17T15:45:28Z</time>
      </trkpt>
      <trkpt lat="4.706838196143508" lon="-75.506069110706449">
        <ele>2352.880000000000109</ele>
        <time>2019-02-17T15:45:49Z</time>
      </trkpt>
      <trkpt lat="4.706821935251355" lon="-75.506013538688421">
        <ele>2353.769999999999982</ele>
        <time>2019-02-17T15:46:06Z</time>
      </trkpt>
      <trkpt lat="4.706821097061038" lon="-75.505968863144517">
        <ele>2353.949999999999818</ele>
        <time>2019-02-17T15:46:21Z</time>
      </trkpt>
      <trkpt lat="4.70679285004735" lon="-75.505842715501785">
        <ele>2355.679999999999836</ele>
        <time>2019-02-17T15:46:33Z</time>
      </trkpt>
      <trkpt lat="4.706775415688753" lon="-75.505736684426665">
        <ele>2357.2199999999998</ele>
        <time>2019-02-17T15:46:46Z</time>
      </trkpt>
      <trkpt lat="4.706768961623311" lon="-75.505680693313479">
        <ele>2357.5300000000002</ele>
        <time>2019-02-17T15:46:52Z</time>
      </trkpt>
      <trkpt lat="4.706754796206951" lon="-75.505651272833347">
        <ele>2356.699999999999818</ele>
        <time>2019-02-17T15:47:08Z</time>
      </trkpt>
      <trkpt lat="4.706750186160207" lon="-75.505580278113484">
        <ele>2356.820000000000164</ele>
        <time>2019-02-17T15:47:30Z</time>
      </trkpt>
      <trkpt lat="4.706748006865382" lon="-75.505530154332519">
        <ele>2356.429999999999836</ele>
        <time>2019-02-17T15:47:35Z</time>
      </trkpt>
      <trkpt lat="4.706721939146519" lon="-75.505440216511488">
        <ele>2356.699999999999818</ele>
        <time>2019-02-17T15:47:45Z</time>
      </trkpt>
      <trkpt lat="4.706691177561879" lon="-75.505339885130525">
        <ele>2357.010000000000218</ele>
        <time>2019-02-17T15:47:57Z</time>
      </trkpt>
      <trkpt lat="4.706688830628991" lon="-75.505305351689458">
        <ele>2357.440000000000055</ele>
        <time>2019-02-17T15:48:15Z</time>
      </trkpt>
      <trkpt lat="4.706687238067389" lon="-75.505297724157572">
        <ele>2357.130000000000109</ele>
        <time>2019-02-17T15:48:24Z</time>
      </trkpt>
      <trkpt lat="4.706668043509126" lon="-75.505244331434369">
        <ele>2357.239999999999782</ele>
        <time>2019-02-17T15:48:39Z</time>
      </trkpt>
      <trkpt lat="4.706644574180245" lon="-75.505155315622687">
        <ele>2357.510000000000218</ele>
        <time>2019-02-17T15:48:51Z</time>
      </trkpt>
      <trkpt lat="4.706585649400949" lon="-75.504972171038389">
        <ele>2357.039999999999964</ele>
        <time>2019-02-17T15:49:06Z</time>
      </trkpt>
      <trkpt lat="4.706578105688095" lon="-75.504948031157255">
        <ele>2356.929999999999836</ele>
        <time>2019-02-17T15:49:08Z</time>
      </trkpt>
      <trkpt lat="4.706586236134171" lon="-75.504717528820038">
        <ele>2356.550000000000182</ele>
        <time>2019-02-17T15:49:26Z</time>
      </trkpt>
      <trkpt lat="4.706593779847026" lon="-75.504685426130891">
        <ele>2356.659999999999854</ele>
        <time>2019-02-17T15:49:29Z</time>
      </trkpt>
      <trkpt lat="4.70660132355988" lon="-75.504633542150259">
        <ele>2356.760000000000218</ele>
        <time>2019-02-17T15:49:34Z</time>
      </trkpt>
      <trkpt lat="4.70661548897624" lon="-75.504487026482821">
        <ele>2356.699999999999818</ele>
        <time>2019-02-17T15:49:45Z</time>
      </trkpt>
      <trkpt lat="4.70657198689878" lon="-75.504362471401691">
        <ele>2357.409999999999854</ele>
        <time>2019-02-17T15:49:57Z</time>
      </trkpt>
      <trkpt lat="4.706578860059381" lon="-75.50432626157999">
        <ele>2357.480000000000018</ele>
        <time>2019-02-17T15:50:00Z</time>
      </trkpt>
      <trkpt lat="4.706598222255707" lon="-75.50429105758667">
        <ele>2357.840000000000146</ele>
        <time>2019-02-17T15:50:04Z</time>
      </trkpt>
      <trkpt lat="4.706623870879412" lon="-75.504153426736593">
        <ele>2355.860000000000127</ele>
        <time>2019-02-17T15:50:18Z</time>
      </trkpt>
      <trkpt lat="4.706631246954203" lon="-75.504107410088181">
        <ele>2356.309999999999945</ele>
        <time>2019-02-17T15:50:22Z</time>
      </trkpt>
      <trkpt lat="4.706634012982249" lon="-75.50408486276865">
        <ele>2356.2800000000002</ele>
        <time>2019-02-17T15:50:24Z</time>
      </trkpt>
      <trkpt lat="4.706555977463722" lon="-75.504003558307886">
        <ele>2357.909999999999854</ele>
        <time>2019-02-17T15:50:36Z</time>
      </trkpt>
      <trkpt lat="4.706540387123823" lon="-75.50400422886014">
        <ele>2357.960000000000036</ele>
        <time>2019-02-17T15:50:48Z</time>
      </trkpt>
      <trkpt lat="4.706520941108465" lon="-75.503978915512562">
        <ele>2358</ele>
        <time>2019-02-17T15:50:51Z</time>
      </trkpt>
      <trkpt lat="4.706523790955544" lon="-75.50388696603477">
        <ele>2357.739999999999782</ele>
        <time>2019-02-17T15:51:00Z</time>
      </trkpt>
      <trkpt lat="4.706529742106795" lon="-75.503833573311567">
        <ele>2357.75</ele>
        <time>2019-02-17T15:51:05Z</time>
      </trkpt>
      <trkpt lat="4.706525132060051" lon="-75.503701893612742">
        <ele>2359.460000000000036</ele>
        <time>2019-02-17T15:51:17Z</time>
      </trkpt>
      <trkpt lat="4.706588163971901" lon="-75.503560239449143">
        <ele>2360.25</ele>
        <time>2019-02-17T15:51:33Z</time>
      </trkpt>
      <trkpt lat="4.706636527553201" lon="-75.503424452617764">
        <ele>2361.159999999999854</ele>
        <time>2019-02-17T15:51:47Z</time>
      </trkpt>
      <trkpt lat="4.706689165905118" lon="-75.503359492868185">
        <ele>2361.480000000000018</ele>
        <time>2019-02-17T15:51:56Z</time>
      </trkpt>
      <trkpt lat="4.706735014915466" lon="-75.503162601962686">
        <ele>2363.090000000000146</ele>
        <time>2019-02-17T15:52:15Z</time>
      </trkpt>
      <trkpt lat="4.706769548356533" lon="-75.502989264205098">
        <ele>2364.690000000000055</ele>
        <time>2019-02-17T15:52:31Z</time>
      </trkpt>
      <trkpt lat="4.706761501729488" lon="-75.50285498611629">
        <ele>2365.679999999999836</ele>
        <time>2019-02-17T15:52:46Z</time>
      </trkpt>
      <trkpt lat="4.706737780943513" lon="-75.502789774909616">
        <ele>2366.409999999999854</ele>
        <time>2019-02-17T15:52:53Z</time>
      </trkpt>
      <trkpt lat="4.706738451495767" lon="-75.502743925899267">
        <ele>2367.019999999999982</ele>
        <time>2019-02-17T15:52:57Z</time>
      </trkpt>
      <trkpt lat="4.706723280251026" lon="-75.502716936171055">
        <ele>2367.269999999999982</ele>
        <time>2019-02-17T15:53:00Z</time>
      </trkpt>
      <trkpt lat="4.706698637455702" lon="-75.502638230100274">
        <ele>2368.010000000000218</ele>
        <time>2019-02-17T15:53:07Z</time>
      </trkpt>
      <trkpt lat="4.706654716283083" lon="-75.502576204016805">
        <ele>2368.420000000000073</ele>
        <time>2019-02-17T15:53:13Z</time>
      </trkpt>
      <trkpt lat="4.706628480926156" lon="-75.502441506832838">
        <ele>2369.309999999999945</ele>
        <time>2019-02-17T15:53:25Z</time>
      </trkpt>
      <trkpt lat="4.706600485369563" lon="-75.502370847389102">
        <ele>2370.269999999999982</ele>
        <time>2019-02-17T15:53:33Z</time>
      </trkpt>
      <trkpt lat="4.706553211435676" lon="-75.502238161861897">
        <ele>2372.559999999999945</ele>
        <time>2019-02-17T15:53:46Z</time>
      </trkpt>
      <trkpt lat="4.706554049625993" lon="-75.502107823267579">
        <ele>2373.320000000000164</ele>
        <time>2019-02-17T15:53:59Z</time>
      </trkpt>
      <trkpt lat="4.706542817875743" lon="-75.501974048092961">
        <ele>2374.960000000000036</ele>
        <time>2019-02-17T15:54:12Z</time>
      </trkpt>
      <trkpt lat="4.706518175080419" lon="-75.501933814957738">
        <ele>2375.199999999999818</ele>
        <time>2019-02-17T15:54:17Z</time>
      </trkpt>
      <trkpt lat="4.706469476222992" lon="-75.501872543245554">
        <ele>2375.849999999999909</ele>
        <time>2019-02-17T15:54:26Z</time>
      </trkpt>
      <trkpt lat="4.706475427374244" lon="-75.501811439171433">
        <ele>2376.159999999999854</ele>
        <time>2019-02-17T15:54:32Z</time>
      </trkpt>
      <trkpt lat="4.706470565870404" lon="-75.501734660938382">
        <ele>2376.630000000000109</ele>
        <time>2019-02-17T15:54:39Z</time>
      </trkpt>
      <trkpt lat="4.706460926681757" lon="-75.501599879935384">
        <ele>2377.289999999999964</ele>
        <time>2019-02-17T15:54:51Z</time>
      </trkpt>
      <trkpt lat="4.706491269171238" lon="-75.501494351774454">
        <ele>2378.389999999999873</ele>
        <time>2019-02-17T15:55:02Z</time>
      </trkpt>
      <trkpt lat="4.706542566418648" lon="-75.501374239102006">
        <ele>2379.699999999999818</ele>
        <time>2019-02-17T15:55:15Z</time>
      </trkpt>
      <trkpt lat="4.706570478156209" lon="-75.501235937699676">
        <ele>2380.980000000000018</ele>
        <time>2019-02-17T15:55:29Z</time>
      </trkpt>
      <trkpt lat="4.706588918343186" lon="-75.501146921887994">
        <ele>2381.639999999999873</ele>
        <time>2019-02-17T15:55:39Z</time>
      </trkpt>
      <trkpt lat="4.706601155921817" lon="-75.501104928553104">
        <ele>2381.9699999999998</ele>
        <time>2019-02-17T15:55:43Z</time>
      </trkpt>
      <trkpt lat="4.706629905849695" lon="-75.500963693484664">
        <ele>2383.710000000000036</ele>
        <time>2019-02-17T15:55:59Z</time>
      </trkpt>
      <trkpt lat="4.706625379621983" lon="-75.50083888694644">
        <ele>2384.869999999999891</ele>
        <time>2019-02-17T15:56:14Z</time>
      </trkpt>
      <trkpt lat="4.706614064052701" lon="-75.500804772600532">
        <ele>2384.550000000000182</ele>
        <time>2019-02-17T15:56:17Z</time>
      </trkpt>
      <trkpt lat="4.706610040739179" lon="-75.500723216682673">
        <ele>2384.739999999999782</ele>
        <time>2019-02-17T15:56:24Z</time>
      </trkpt>
      <trkpt lat="4.706605011597276" lon="-75.500608384609222">
        <ele>2385.4699999999998</ele>
        <time>2019-02-17T15:56:34Z</time>
      </trkpt>
      <trkpt lat="4.706642227247357" lon="-75.500424820929766">
        <ele>2385.699999999999818</ele>
        <time>2019-02-17T15:56:49Z</time>
      </trkpt>
      <trkpt lat="4.706652956083417" lon="-75.500402441248298">
        <ele>2385.889999999999873</ele>
        <time>2019-02-17T15:56:51Z</time>
      </trkpt>
      <trkpt lat="4.706701403483748" lon="-75.500239161774516">
        <ele>2387.210000000000036</ele>
        <time>2019-02-17T15:57:07Z</time>
      </trkpt>
      <trkpt lat="4.706723196431994" lon="-75.500142686069012">
        <ele>2387.929999999999836</ele>
        <time>2019-02-17T15:57:17Z</time>
      </trkpt>
      <trkpt lat="4.706726465374231" lon="-75.500113600865006">
        <ele>2388.409999999999854</ele>
        <time>2019-02-17T15:57:20Z</time>
      </trkpt>
      <trkpt lat="4.706712802872062" lon="-75.500031793490052">
        <ele>2388.2800000000002</ele>
        <time>2019-02-17T15:57:28Z</time>
      </trkpt>
      <trkpt lat="4.706726213917136" lon="-75.499999858438969">
        <ele>2388.289999999999964</ele>
        <time>2019-02-17T15:57:31Z</time>
      </trkpt>
      <trkpt lat="4.706775080412626" lon="-75.499938754364848">
        <ele>2388.699999999999818</ele>
        <time>2019-02-17T15:57:38Z</time>
      </trkpt>
      <trkpt lat="4.706781366840005" lon="-75.499911345541477">
        <ele>2389.340000000000146</ele>
        <time>2019-02-17T15:57:41Z</time>
      </trkpt>
      <trkpt lat="4.706793520599604" lon="-75.499806487932801">
        <ele>2391.360000000000127</ele>
        <time>2019-02-17T15:57:55Z</time>
      </trkpt>
      <trkpt lat="4.706742642447352" lon="-75.499728703871369">
        <ele>2392.139999999999873</ele>
        <time>2019-02-17T15:58:06Z</time>
      </trkpt>
      <trkpt lat="4.706748174503446" lon="-75.499636922031641">
        <ele>2393.010000000000218</ele>
        <time>2019-02-17T15:58:19Z</time>
      </trkpt>
      <trkpt lat="4.70676351338625" lon="-75.499495435506105">
        <ele>2394.659999999999854</ele>
        <time>2019-02-17T15:58:38Z</time>
      </trkpt>
      <trkpt lat="4.706765273585916" lon="-75.499375406652689">
        <ele>2396.429999999999836</ele>
        <time>2019-02-17T15:58:54Z</time>
      </trkpt>
      <trkpt lat="4.70684171654284" lon="-75.499248756095767">
        <ele>2397.809999999999945</ele>
        <time>2019-02-17T15:59:13Z</time>
      </trkpt>
      <trkpt lat="4.706905754283071" lon="-75.499157896265388">
        <ele>2398.349999999999909</ele>
        <time>2019-02-17T15:59:27Z</time>
      </trkpt>
      <trkpt lat="4.706931654363871" lon="-75.499111041426659">
        <ele>2398.949999999999818</ele>
        <time>2019-02-17T15:59:32Z</time>
      </trkpt>
      <trkpt lat="4.706946909427643" lon="-75.499072903767228">
        <ele>2399.099999999999909</ele>
        <time>2019-02-17T15:59:36Z</time>
      </trkpt>
      <trkpt lat="4.706951435655355" lon="-75.499026468023658">
        <ele>2399.650000000000091</ele>
        <time>2019-02-17T15:59:41Z</time>
      </trkpt>
      <trkpt lat="4.706993093714118" lon="-75.498903170228004">
        <ele>2401.119999999999891</ele>
        <time>2019-02-17T15:59:51Z</time>
      </trkpt>
      <trkpt lat="4.707014299929142" lon="-75.498717678710818">
        <ele>2402.400000000000091</ele>
        <time>2019-02-17T16:00:07Z</time>
      </trkpt>
      <trkpt lat="4.707014132291079" lon="-75.498706614598632">
        <ele>2402.340000000000146</ele>
        <time>2019-02-17T16:00:08Z</time>
      </trkpt>
      <trkpt lat="4.7070303093642" lon="-75.498663866892457">
        <ele>2402.610000000000127</ele>
        <time>2019-02-17T16:00:12Z</time>
      </trkpt>
      <trkpt lat="4.707067273557186" lon="-75.498644756153226">
        <ele>2403.199999999999818</ele>
        <time>2019-02-17T16:00:16Z</time>
      </trkpt>
      <trkpt lat="4.707101806998253" lon="-75.498576611280441">
        <ele>2404.070000000000164</ele>
        <time>2019-02-17T16:00:27Z</time>
      </trkpt>
      <trkpt lat="4.707145728170872" lon="-75.498519111424685">
        <ele>2403.960000000000036</ele>
        <time>2019-02-17T16:00:43Z</time>
      </trkpt>
      <trkpt lat="4.707210017368197" lon="-75.498406877741218">
        <ele>2404.929999999999836</ele>
        <time>2019-02-17T16:01:04Z</time>
      </trkpt>
      <trkpt lat="4.707197779789567" lon="-75.498274024575949">
        <ele>2407.090000000000146</ele>
        <time>2019-02-17T16:01:21Z</time>
      </trkpt>
      <trkpt lat="4.707238348200917" lon="-75.498140249401331">
        <ele>2408.059999999999945</ele>
        <time>2019-02-17T16:01:38Z</time>
      </trkpt>
      <trkpt lat="4.707240695133805" lon="-75.498111918568611">
        <ele>2408.329999999999927</ele>
        <time>2019-02-17T16:01:41Z</time>
      </trkpt>
      <trkpt lat="4.70728293992579" lon="-75.497979903593659">
        <ele>2408.809999999999945</ele>
        <time>2019-02-17T16:01:50Z</time>
      </trkpt>
      <trkpt lat="4.707296770066023" lon="-75.497828526422381">
        <ele>2409</ele>
        <time>2019-02-17T16:02:00Z</time>
      </trkpt>
      <trkpt lat="4.707343792542815" lon="-75.497679077088833">
        <ele>2409.710000000000036</ele>
        <time>2019-02-17T16:02:11Z</time>
      </trkpt>
      <trkpt lat="4.707491230219603" lon="-75.497511439025402">
        <ele>2410.769999999999982</ele>
        <time>2019-02-17T16:02:30Z</time>
      </trkpt>
      <trkpt lat="4.707497349008918" lon="-75.49749861471355">
        <ele>2410.889999999999873</ele>
        <time>2019-02-17T16:02:31Z</time>
      </trkpt>
      <trkpt lat="4.707491230219603" lon="-75.497439606115222">
        <ele>2411.860000000000127</ele>
        <time>2019-02-17T16:02:50Z</time>
      </trkpt>
      <trkpt lat="4.707421492785215" lon="-75.497427452355623">
        <ele>2411.989999999999782</ele>
        <time>2019-02-17T16:03:16Z</time>
      </trkpt>
      <trkpt lat="4.707413529977202" lon="-75.497425021603703">
        <ele>2412.130000000000109</ele>
        <time>2019-02-17T16:03:17Z</time>
      </trkpt>
      <trkpt lat="4.707395508885384" lon="-75.497397780418396">
        <ele>2412.090000000000146</ele>
        <time>2019-02-17T16:03:20Z</time>
      </trkpt>
      <trkpt lat="4.707316551357508" lon="-75.497290156781673">
        <ele>2411.610000000000127</ele>
        <time>2019-02-17T16:03:33Z</time>
      </trkpt>
      <trkpt lat="4.707275228574872" lon="-75.497263669967651">
        <ele>2410.019999999999982</ele>
        <time>2019-02-17T16:03:45Z</time>
      </trkpt>
      <trkpt lat="4.707373296841979" lon="-75.497264927253127">
        <ele>2411.809999999999945</ele>
        <time>2019-02-17T16:04:04Z</time>
      </trkpt>
      <trkpt lat="4.707370530813932" lon="-75.497230729088187">
        <ele>2412</ele>
        <time>2019-02-17T16:04:51Z</time>
      </trkpt>
      <trkpt lat="4.707313533872366" lon="-75.497219748795033">
        <ele>2410.2800000000002</ele>
        <time>2019-02-17T16:05:09Z</time>
      </trkpt>
      <trkpt lat="4.707173388451338" lon="-75.497143724933267">
        <ele>2408.760000000000218</ele>
        <time>2019-02-17T16:05:27Z</time>
      </trkpt>
      <trkpt lat="4.707213789224625" lon="-75.497071808204055">
        <ele>2409.550000000000182</ele>
        <time>2019-02-17T16:05:39Z</time>
      </trkpt>
      <trkpt lat="4.707112116739154" lon="-75.497081615030766">
        <ele>2412.590000000000146</ele>
        <time>2019-02-17T16:05:55Z</time>
      </trkpt>
      <trkpt lat="4.707052269950509" lon="-75.49704615958035">
        <ele>2413.579999999999927</ele>
        <time>2019-02-17T16:06:03Z</time>
      </trkpt>
      <trkpt lat="4.706984963268042" lon="-75.497005088254809">
        <ele>2414.320000000000164</ele>
        <time>2019-02-17T16:06:09Z</time>
      </trkpt>
      <trkpt lat="4.706935174763203" lon="-75.496967034414411">
        <ele>2414.539999999999964</ele>
        <time>2019-02-17T16:06:15Z</time>
      </trkpt>
      <trkpt lat="4.706897707656026" lon="-75.496853375807405">
        <ele>2415.579999999999927</ele>
        <time>2019-02-17T16:06:29Z</time>
      </trkpt>
      <trkpt lat="4.706855211406946" lon="-75.49671683460474">
        <ele>2416.849999999999909</ele>
        <time>2019-02-17T16:06:48Z</time>
      </trkpt>
      <trkpt lat="4.706840291619301" lon="-75.496603511273861">
        <ele>2417.900000000000091</ele>
        <time>2019-02-17T16:07:07Z</time>
      </trkpt>
      <trkpt lat="4.706962583586574" lon="-75.496439728885889">
        <ele>2419.610000000000127</ele>
        <time>2019-02-17T16:07:29Z</time>
      </trkpt>
      <trkpt lat="4.706993428990245" lon="-75.496371751651168">
        <ele>2420.5300000000002</ele>
        <time>2019-02-17T16:07:36Z</time>
      </trkpt>
      <trkpt lat="4.707130305469036" lon="-75.496186343953013">
        <ele>2422.539999999999964</ele>
        <time>2019-02-17T16:07:56Z</time>
      </trkpt>
      <trkpt lat="4.707240862771869" lon="-75.496033793315291">
        <ele>2424.230000000000018</ele>
        <time>2019-02-17T16:08:14Z</time>
      </trkpt>
      <trkpt lat="4.707276318222284" lon="-75.495983166620135">
        <ele>2424.440000000000055</ele>
        <time>2019-02-17T16:08:20Z</time>
      </trkpt>
      <trkpt lat="4.70734010450542" lon="-75.495825251564384">
        <ele>2425.360000000000127</ele>
        <time>2019-02-17T16:08:39Z</time>
      </trkpt>
      <trkpt lat="4.707412607967854" lon="-75.495690973475575">
        <ele>2426.5300000000002</ele>
        <time>2019-02-17T16:08:55Z</time>
      </trkpt>
      <trkpt lat="4.707505898550153" lon="-75.495515121147037">
        <ele>2427.650000000000091</ele>
        <time>2019-02-17T16:09:15Z</time>
      </trkpt>
      <trkpt lat="4.707566499710083" lon="-75.495424093678594">
        <ele>2428.440000000000055</ele>
        <time>2019-02-17T16:09:26Z</time>
      </trkpt>
      <trkpt lat="4.707574211061001" lon="-75.495413700118661">
        <ele>2428.699999999999818</ele>
        <time>2019-02-17T16:09:27Z</time>
      </trkpt>
      <trkpt lat="4.707617294043303" lon="-75.495370365679264">
        <ele>2429.170000000000073</ele>
        <time>2019-02-17T16:09:32Z</time>
      </trkpt>
      <trkpt lat="4.707765486091375" lon="-75.495156710967422">
        <ele>2430.9699999999998</ele>
        <time>2019-02-17T16:09:50Z</time>
      </trkpt>
      <trkpt lat="4.707858106121421" lon="-75.495017739012837">
        <ele>2431.639999999999873</ele>
        <time>2019-02-17T16:10:03Z</time>
      </trkpt>
      <trkpt lat="4.707881407812238" lon="-75.494965687394142">
        <ele>2432.019999999999982</ele>
        <time>2019-02-17T16:10:08Z</time>
      </trkpt>
      <trkpt lat="4.707888532429934" lon="-75.494920089840889">
        <ele>2432.610000000000127</ele>
        <time>2019-02-17T16:10:15Z</time>
      </trkpt>
      <trkpt lat="4.7078488022089" lon="-75.494787488132715">
        <ele>2433.559999999999945</ele>
        <time>2019-02-17T16:10:29Z</time>
      </trkpt>
      <trkpt lat="4.707840755581856" lon="-75.494641223922372">
        <ele>2434.199999999999818</ele>
        <time>2019-02-17T16:10:48Z</time>
      </trkpt>
      <trkpt lat="4.707963718101382" lon="-75.494496384635568">
        <ele>2435.510000000000218</ele>
        <time>2019-02-17T16:11:08Z</time>
      </trkpt>
      <trkpt lat="4.708016691729426" lon="-75.494383983314037">
        <ele>2437</ele>
        <time>2019-02-17T16:11:23Z</time>
      </trkpt>
      <trkpt lat="4.708076454699039" lon="-75.494235455989838">
        <ele>2438.380000000000109</ele>
        <time>2019-02-17T16:11:39Z</time>
      </trkpt>
      <trkpt lat="4.708147281780839" lon="-75.494057675823569">
        <ele>2439.110000000000127</ele>
        <time>2019-02-17T16:12:02Z</time>
      </trkpt>
      <trkpt lat="4.70822649076581" lon="-75.493819294497371">
        <ele>2440.179999999999836</ele>
        <time>2019-02-17T16:12:24Z</time>
      </trkpt>
      <trkpt lat="4.708269238471985" lon="-75.493682250380516">
        <ele>2441.170000000000073</ele>
        <time>2019-02-17T16:12:40Z</time>
      </trkpt>
      <trkpt lat="4.70828072167933" lon="-75.493665989488363">
        <ele>2441.320000000000164</ele>
        <time>2019-02-17T16:12:42Z</time>
      </trkpt>
      <trkpt lat="4.708309303969145" lon="-75.493551325052977">
        <ele>2442.369999999999891</ele>
        <time>2019-02-17T16:12:56Z</time>
      </trkpt>
      <trkpt lat="4.708290360867977" lon="-75.493486532941461">
        <ele>2442.650000000000091</ele>
        <time>2019-02-17T16:13:16Z</time>
      </trkpt>
      <trkpt lat="4.708302011713386" lon="-75.493468595668674">
        <ele>2443.119999999999891</ele>
        <time>2019-02-17T16:13:45Z</time>
      </trkpt>
      <trkpt lat="4.708397062495351" lon="-75.493314368650317">
        <ele>2445.050000000000182</ele>
        <time>2019-02-17T16:14:03Z</time>
      </trkpt>
      <trkpt lat="4.708404019474983" lon="-75.493239182978868">
        <ele>2445.269999999999982</ele>
        <time>2019-02-17T16:14:10Z</time>
      </trkpt>
      <trkpt lat="4.708404103294015" lon="-75.493131140246987">
        <ele>2445.369999999999891</ele>
        <time>2019-02-17T16:14:26Z</time>
      </trkpt>
      <trkpt lat="4.708407036960125" lon="-75.493178581818938">
        <ele>2445.119999999999891</ele>
        <time>2019-02-17T16:14:52Z</time>
      </trkpt>
      <trkpt lat="4.708388932049274" lon="-75.493164416402578">
        <ele>2445.309999999999945</ele>
        <time>2019-02-17T16:14:57Z</time>
      </trkpt>
      <trkpt lat="4.708351548761129" lon="-75.493133822456002">
        <ele>2445.199999999999818</ele>
        <time>2019-02-17T16:15:01Z</time>
      </trkpt>
      <trkpt lat="4.70821475610137" lon="-75.49304916523397">
        <ele>2445.130000000000109</ele>
        <time>2019-02-17T16:15:18Z</time>
      </trkpt>
      <trkpt lat="4.708038065582514" lon="-75.492933243513107">
        <ele>2445.239999999999782</ele>
        <time>2019-02-17T16:15:36Z</time>
      </trkpt>
      <trkpt lat="4.708028342574835" lon="-75.492929136380553">
        <ele>2445.300000000000182</ele>
        <time>2019-02-17T16:15:37Z</time>
      </trkpt>
      <trkpt lat="4.707940751686692" lon="-75.49287180416286">
        <ele>2445.510000000000218</ele>
        <time>2019-02-17T16:15:47Z</time>
      </trkpt>
      <trkpt lat="4.707903452217579" lon="-75.492824530228972">
        <ele>2446.079999999999927</ele>
        <time>2019-02-17T16:15:59Z</time>
      </trkpt>
      <trkpt lat="4.70787419937551" lon="-75.492827882990241">
        <ele>2446.059999999999945</ele>
        <time>2019-02-17T16:16:18Z</time>
      </trkpt>
      <trkpt lat="4.707866068929434" lon="-75.492819249629974">
        <ele>2445.760000000000218</ele>
        <time>2019-02-17T16:16:48Z</time>
      </trkpt>
      <trkpt lat="4.707837905734777" lon="-75.492844227701426">
        <ele>2446.409999999999854</ele>
        <time>2019-02-17T16:17:17Z</time>
      </trkpt>
      <trkpt lat="4.707818543538451" lon="-75.492904745042324">
        <ele>2446.139999999999873</ele>
        <time>2019-02-17T16:17:47Z</time>
      </trkpt>
      <trkpt lat="4.707749644294381" lon="-75.492923771962523">
        <ele>2446.2800000000002</ele>
        <time>2019-02-17T16:18:22Z</time>
      </trkpt>
      <trkpt lat="4.70776573754847" lon="-75.492905331775546">
        <ele>2446.230000000000018</ele>
        <time>2019-02-17T16:18:37Z</time>
      </trkpt>
      <trkpt lat="4.707785015925765" lon="-75.492904828861356">
        <ele>2445.900000000000091</ele>
        <time>2019-02-17T16:19:05Z</time>
      </trkpt>
      <trkpt lat="4.707831367850304" lon="-75.492922095581889">
        <ele>2446.039999999999964</ele>
        <time>2019-02-17T16:19:59Z</time>
      </trkpt>
      <trkpt lat="4.707895237952471" lon="-75.493027959018946">
        <ele>2445.820000000000164</ele>
        <time>2019-02-17T16:21:45Z</time>
      </trkpt>
      <trkpt lat="4.707927089184523" lon="-75.492920335382223">
        <ele>2445.960000000000036</ele>
        <time>2019-02-17T16:25:35Z</time>
      </trkpt>
      <trkpt lat="4.707923652604222" lon="-75.492892172187567">
        <ele>2446.050000000000182</ele>
        <time>2019-02-17T16:25:38Z</time>
      </trkpt>
      <trkpt lat="4.707887107506394" lon="-75.492869038134813">
        <ele>2446.099999999999909</ele>
        <time>2019-02-17T16:25:45Z</time>
      </trkpt>
      <trkpt lat="4.707900770008564" lon="-75.492940451949835">
        <ele>2446.449999999999818</ele>
        <time>2019-02-17T16:26:19Z</time>
      </trkpt>
      <trkpt lat="4.707918036729097" lon="-75.492950510233641">
        <ele>2446.0300000000002</ele>
        <time>2019-02-17T16:26:45Z</time>
      </trkpt>
      <trkpt lat="4.707964640110731" lon="-75.492954198271036">
        <ele>2446.429999999999836</ele>
        <time>2019-02-17T16:26:50Z</time>
      </trkpt>
      <trkpt lat="4.707996575161815" lon="-75.492882365360856">
        <ele>2446.710000000000036</ele>
        <time>2019-02-17T16:26:55Z</time>
      </trkpt>
      <trkpt lat="4.708037143573165" lon="-75.492706764489412">
        <ele>2447.4699999999998</ele>
        <time>2019-02-17T16:27:11Z</time>
      </trkpt>
      <trkpt lat="4.708091877400875" lon="-75.492548933252692">
        <ele>2448.980000000000018</ele>
        <time>2019-02-17T16:27:27Z</time>
      </trkpt>
      <trkpt lat="4.708115514367819" lon="-75.49251020886004">
        <ele>2449.329999999999927</ele>
        <time>2019-02-17T16:27:31Z</time>
      </trkpt>
      <trkpt lat="4.708273345604539" lon="-75.492408787831664">
        <ele>2450.639999999999873</ele>
        <time>2019-02-17T16:27:47Z</time>
      </trkpt>
      <trkpt lat="4.708353644236922" lon="-75.492307534441352">
        <ele>2452.349999999999909</ele>
        <time>2019-02-17T16:28:05Z</time>
      </trkpt>
      <trkpt lat="4.708420028910041" lon="-75.492273671552539">
        <ele>2452.800000000000182</ele>
        <time>2019-02-17T16:28:23Z</time>
      </trkpt>
      <trkpt lat="4.708464033901691" lon="-75.49226931296289">
        <ele>2452.940000000000055</ele>
        <time>2019-02-17T16:28:47Z</time>
      </trkpt>
      <trkpt lat="4.708469398319721" lon="-75.49219555221498">
        <ele>2454.460000000000036</ele>
        <time>2019-02-17T16:29:05Z</time>
      </trkpt>
      <trkpt lat="4.708580709993839" lon="-75.492049288004637">
        <ele>2456.380000000000109</ele>
        <time>2019-02-17T16:29:25Z</time>
      </trkpt>
      <trkpt lat="4.708661092445254" lon="-75.49193806014955">
        <ele>2458.039999999999964</ele>
        <time>2019-02-17T16:29:41Z</time>
      </trkpt>
      <trkpt lat="4.708737451583147" lon="-75.491815516725183">
        <ele>2458.429999999999836</ele>
        <time>2019-02-17T16:29:59Z</time>
      </trkpt>
      <trkpt lat="4.708838118240237" lon="-75.491735553368926">
        <ele>2459.550000000000182</ele>
        <time>2019-02-17T16:30:18Z</time>
      </trkpt>
      <trkpt lat="4.708911376073956" lon="-75.491659613326192">
        <ele>2459.630000000000109</ele>
        <time>2019-02-17T16:30:40Z</time>
      </trkpt>
      <trkpt lat="4.708976084366441" lon="-75.491669587790966">
        <ele>2459.9699999999998</ele>
        <time>2019-02-17T16:31:01Z</time>
      </trkpt>
      <trkpt lat="4.708990668877959" lon="-75.491675958037376">
        <ele>2459.900000000000091</ele>
        <time>2019-02-17T16:31:20Z</time>
      </trkpt>
      <trkpt lat="4.70898580737412" lon="-75.491657434031367">
        <ele>2459.7199999999998</ele>
        <time>2019-02-17T16:31:27Z</time>
      </trkpt>
      <trkpt lat="4.708982622250915" lon="-75.491640167310834">
        <ele>2460.050000000000182</ele>
        <time>2019-02-17T16:31:29Z</time>
      </trkpt>
      <trkpt lat="4.70899117179215" lon="-75.491598006337881">
        <ele>2460.079999999999927</ele>
        <time>2019-02-17T16:31:34Z</time>
      </trkpt>
      <trkpt lat="4.709050683304667" lon="-75.491490885615349">
        <ele>2460.960000000000036</ele>
        <time>2019-02-17T16:31:48Z</time>
      </trkpt>
      <trkpt lat="4.709133077412844" lon="-75.491362893953919">
        <ele>2462.380000000000109</ele>
        <time>2019-02-17T16:32:03Z</time>
      </trkpt>
      <trkpt lat="4.709187308326364" lon="-75.491294581443071">
        <ele>2463.2800000000002</ele>
        <time>2019-02-17T16:32:12Z</time>
      </trkpt>
      <trkpt lat="4.709286298602819" lon="-75.491241188719869">
        <ele>2464.079999999999927</ele>
        <time>2019-02-17T16:32:32Z</time>
      </trkpt>
      <trkpt lat="4.709296189248562" lon="-75.49124076962471">
        <ele>2464.309999999999945</ele>
        <time>2019-02-17T16:32:35Z</time>
      </trkpt>
      <trkpt lat="4.70929954200983" lon="-75.491110011935234">
        <ele>2465.7199999999998</ele>
        <time>2019-02-17T16:32:51Z</time>
      </trkpt>
      <trkpt lat="4.709432646632195" lon="-75.490959892049432">
        <ele>2467.849999999999909</ele>
        <time>2019-02-17T16:33:12Z</time>
      </trkpt>
      <trkpt lat="4.709480255842209" lon="-75.490900045260787">
        <ele>2469.25</ele>
        <time>2019-02-17T16:33:24Z</time>
      </trkpt>
      <trkpt lat="4.709595926105976" lon="-75.490799797698855">
        <ele>2470.269999999999982</ele>
        <time>2019-02-17T16:33:39Z</time>
      </trkpt>
      <trkpt lat="4.709633393213153" lon="-75.49077607691288">
        <ele>2471.409999999999854</ele>
        <time>2019-02-17T16:33:45Z</time>
      </trkpt>
      <trkpt lat="4.709655353799462" lon="-75.490790577605367">
        <ele>2470.159999999999854</ele>
        <time>2019-02-17T16:34:05Z</time>
      </trkpt>
      <trkpt lat="4.709699274972081" lon="-75.490742968395352">
        <ele>2470.179999999999836</ele>
        <time>2019-02-17T16:34:25Z</time>
      </trkpt>
      <trkpt lat="4.709792733192444" lon="-75.490702567622066">
        <ele>2472.079999999999927</ele>
        <time>2019-02-17T16:34:49Z</time>
      </trkpt>
      <trkpt lat="4.709850400686264" lon="-75.490643307566643">
        <ele>2472</ele>
        <time>2019-02-17T16:35:06Z</time>
      </trkpt>
      <trkpt lat="4.70995232462883" lon="-75.490520847961307">
        <ele>2473.389999999999873</ele>
        <time>2019-02-17T16:35:24Z</time>
      </trkpt>
      <trkpt lat="4.71003346145153" lon="-75.490358239039779">
        <ele>2474.679999999999836</ele>
        <time>2019-02-17T16:35:43Z</time>
      </trkpt>
      <trkpt lat="4.710157681256533" lon="-75.490218177437782">
        <ele>2476.010000000000218</ele>
        <time>2019-02-17T16:35:59Z</time>
      </trkpt>
      <trkpt lat="4.710234124213457" lon="-75.490122707560658">
        <ele>2477.369999999999891</ele>
        <time>2019-02-17T16:36:14Z</time>
      </trkpt>
      <trkpt lat="4.710283745080233" lon="-75.489996140822768">
        <ele>2477.710000000000036</ele>
        <time>2019-02-17T16:36:28Z</time>
      </trkpt>
      <trkpt lat="4.71031391993165" lon="-75.489910561591387">
        <ele>2478.099999999999909</ele>
        <time>2019-02-17T16:36:36Z</time>
      </trkpt>
      <trkpt lat="4.710428332909942" lon="-75.489711491391063">
        <ele>2480</ele>
        <time>2019-02-17T16:36:59Z</time>
      </trkpt>
      <trkpt lat="4.71049471758306" lon="-75.489625325426459">
        <ele>2480.650000000000091</ele>
        <time>2019-02-17T16:37:14Z</time>
      </trkpt>
      <trkpt lat="4.710599994286895" lon="-75.489528514444828">
        <ele>2482.900000000000091</ele>
        <time>2019-02-17T16:37:28Z</time>
      </trkpt>
      <trkpt lat="4.710658919066191" lon="-75.489456513896585">
        <ele>2483.840000000000146</ele>
        <time>2019-02-17T16:37:38Z</time>
      </trkpt>
      <trkpt lat="4.710699571296573" lon="-75.489317709580064">
        <ele>2485.300000000000182</ele>
        <time>2019-02-17T16:37:59Z</time>
      </trkpt>
      <trkpt lat="4.710698733106256" lon="-75.48929893411696">
        <ele>2486</ele>
        <time>2019-02-17T16:38:01Z</time>
      </trkpt>
      <trkpt lat="4.710690770298243" lon="-75.489243781194091">
        <ele>2486.309999999999945</ele>
        <time>2019-02-17T16:38:06Z</time>
      </trkpt>
      <trkpt lat="4.710730249062181" lon="-75.489114783704281">
        <ele>2487.869999999999891</ele>
        <time>2019-02-17T16:38:19Z</time>
      </trkpt>
      <trkpt lat="4.710795963183045" lon="-75.488984948024154">
        <ele>2488.510000000000218</ele>
        <time>2019-02-17T16:38:30Z</time>
      </trkpt>
      <trkpt lat="4.710857234895229" lon="-75.488956281915307">
        <ele>2489.670000000000073</ele>
        <time>2019-02-17T16:38:36Z</time>
      </trkpt>
      <trkpt lat="4.710888247936964" lon="-75.48893004655838">
        <ele>2489.610000000000127</ele>
        <time>2019-02-17T16:38:41Z</time>
      </trkpt>
      <trkpt lat="4.710969803854823" lon="-75.488820159807801">
        <ele>2492.25</ele>
        <time>2019-02-17T16:39:00Z</time>
      </trkpt>
      <trkpt lat="4.711081031709909" lon="-75.48873407766223">
        <ele>2491.940000000000055</ele>
        <time>2019-02-17T16:39:09Z</time>
      </trkpt>
      <trkpt lat="4.711119085550308" lon="-75.488688480108976">
        <ele>2491.860000000000127</ele>
        <time>2019-02-17T16:39:14Z</time>
      </trkpt>
      <trkpt lat="4.711182871833444" lon="-75.488610109314322">
        <ele>2493.130000000000109</ele>
        <time>2019-02-17T16:39:28Z</time>
      </trkpt>
      <trkpt lat="4.711275324225426" lon="-75.48845948651433">
        <ele>2494.010000000000218</ele>
        <time>2019-02-17T16:39:43Z</time>
      </trkpt>
      <trkpt lat="4.71127649769187" lon="-75.488417744636536">
        <ele>2494</ele>
        <time>2019-02-17T16:39:46Z</time>
      </trkpt>
      <trkpt lat="4.711364256218076" lon="-75.488282795995474">
        <ele>2496.409999999999854</ele>
        <time>2019-02-17T16:40:09Z</time>
      </trkpt>
      <trkpt lat="4.711411027237773" lon="-75.488137286156416">
        <ele>2496.840000000000146</ele>
        <time>2019-02-17T16:40:33Z</time>
      </trkpt>
      <trkpt lat="4.711449081078172" lon="-75.488029327243567">
        <ele>2497.300000000000182</ele>
        <time>2019-02-17T16:40:46Z</time>
      </trkpt>
      <trkpt lat="4.711579252034426" lon="-75.487943580374122">
        <ele>2496.920000000000073</ele>
        <time>2019-02-17T16:40:56Z</time>
      </trkpt>
      <trkpt lat="4.711635326966643" lon="-75.487811900675297">
        <ele>2496.190000000000055</ele>
        <time>2019-02-17T16:41:09Z</time>
      </trkpt>
      <trkpt lat="4.711644379422069" lon="-75.487725650891662">
        <ele>2495.619999999999891</ele>
        <time>2019-02-17T16:41:22Z</time>
      </trkpt>
      <trkpt lat="4.711768431589007" lon="-75.48767133615911">
        <ele>2494.860000000000127</ele>
        <time>2019-02-17T16:41:40Z</time>
      </trkpt>
      <trkpt lat="4.711816376075149" lon="-75.487628253176808">
        <ele>2494.710000000000036</ele>
        <time>2019-02-17T16:41:50Z</time>
      </trkpt>
      <trkpt lat="4.711832720786333" lon="-75.487631186842918">
        <ele>2494.329999999999927</ele>
        <time>2019-02-17T16:41:52Z</time>
      </trkpt>
      <trkpt lat="4.711861470714211" lon="-75.487617775797844">
        <ele>2494.349999999999909</ele>
        <time>2019-02-17T16:41:59Z</time>
      </trkpt>
      <trkpt lat="4.71182375214994" lon="-75.487691704183817">
        <ele>2493.659999999999854</ele>
        <time>2019-02-17T16:42:54Z</time>
      </trkpt>
      <trkpt lat="4.711820483207703" lon="-75.487669156864285">
        <ele>2494.329999999999927</ele>
        <time>2019-02-17T16:42:59Z</time>
      </trkpt>
      <trkpt lat="4.711861219257116" lon="-75.487556671723723">
        <ele>2494.550000000000182</ele>
        <time>2019-02-17T16:43:31Z</time>
      </trkpt>
      <trkpt lat="4.71190438605845" lon="-75.487572513520718">
        <ele>2495.260000000000218</ele>
        <time>2019-02-17T16:43:54Z</time>
      </trkpt>
      <trkpt lat="4.711964400485158" lon="-75.487529262900352">
        <ele>2495.260000000000218</ele>
        <time>2019-02-17T16:44:05Z</time>
      </trkpt>
      <trkpt lat="4.712012512609363" lon="-75.487471679225564">
        <ele>2496.789999999999964</ele>
        <time>2019-02-17T16:44:17Z</time>
      </trkpt>
      <trkpt lat="4.712020726874471" lon="-75.487463548779488">
        <ele>2496.809999999999945</ele>
        <time>2019-02-17T16:44:19Z</time>
      </trkpt>
      <trkpt lat="4.712097002193332" lon="-75.487250564619899">
        <ele>2497.610000000000127</ele>
        <time>2019-02-17T16:45:02Z</time>
      </trkpt>
      <trkpt lat="4.712087865918875" lon="-75.487238997593522">
        <ele>2497.369999999999891</ele>
        <time>2019-02-17T16:45:04Z</time>
      </trkpt>
      <trkpt lat="4.712032712996006" lon="-75.487110922113061">
        <ele>2498.309999999999945</ele>
        <time>2019-02-17T16:45:23Z</time>
      </trkpt>
      <trkpt lat="4.712009998038411" lon="-75.486838258802891">
        <ele>2500.670000000000073</ele>
        <time>2019-02-17T16:45:46Z</time>
      </trkpt>
      <trkpt lat="4.711984349414706" lon="-75.486737340688705">
        <ele>2502.510000000000218</ele>
        <time>2019-02-17T16:45:56Z</time>
      </trkpt>
      <trkpt lat="4.71199382096529" lon="-75.486650336533785">
        <ele>2502.760000000000218</ele>
        <time>2019-02-17T16:46:05Z</time>
      </trkpt>
      <trkpt lat="4.712026175111532" lon="-75.486587220802903">
        <ele>2503.019999999999982</ele>
        <time>2019-02-17T16:46:13Z</time>
      </trkpt>
      <trkpt lat="4.712034976109862" lon="-75.486476747319102">
        <ele>2502.769999999999982</ele>
        <time>2019-02-17T16:46:21Z</time>
      </trkpt>
      <trkpt lat="4.712090883404016" lon="-75.486408518627286">
        <ele>2503.340000000000146</ele>
        <time>2019-02-17T16:46:46Z</time>
      </trkpt>
      <trkpt lat="4.712136397138238" lon="-75.486373901367188">
        <ele>2503.539999999999964</ele>
        <time>2019-02-17T16:47:09Z</time>
      </trkpt>
      <trkpt lat="4.712229436263442" lon="-75.486336601898074">
        <ele>2503.639999999999873</ele>
        <time>2019-02-17T16:47:27Z</time>
      </trkpt>
      <trkpt lat="4.71223471686244" lon="-75.486309695988894">
        <ele>2503.110000000000127</ele>
        <time>2019-02-17T16:47:30Z</time>
      </trkpt>
      <trkpt lat="4.712236896157265" lon="-75.486268540844321">
        <ele>2503.5300000000002</ele>
        <time>2019-02-17T16:47:33Z</time>
      </trkpt>
      <trkpt lat="4.712203033268452" lon="-75.486197294667363">
        <ele>2504.920000000000073</ele>
        <time>2019-02-17T16:47:43Z</time>
      </trkpt>
      <trkpt lat="4.712195741012692" lon="-75.48615169711411">
        <ele>2505.630000000000109</ele>
        <time>2019-02-17T16:47:48Z</time>
      </trkpt>
      <trkpt lat="4.712163638323545" lon="-75.485949106514454">
        <ele>2508.409999999999854</ele>
        <time>2019-02-17T16:48:06Z</time>
      </trkpt>
      <trkpt lat="4.712140588089824" lon="-75.485714245587587">
        <ele>2509.960000000000036</ele>
        <time>2019-02-17T16:48:24Z</time>
      </trkpt>
      <trkpt lat="4.712132206186652" lon="-75.485688345506787">
        <ele>2510.289999999999964</ele>
        <time>2019-02-17T16:48:27Z</time>
      </trkpt>
      <trkpt lat="4.712163470685482" lon="-75.485590612515807">
        <ele>2510.559999999999945</ele>
        <time>2019-02-17T16:48:36Z</time>
      </trkpt>
      <trkpt lat="4.712140168994665" lon="-75.485530095174909">
        <ele>2511.070000000000164</ele>
        <time>2019-02-17T16:48:44Z</time>
      </trkpt>
      <trkpt lat="4.712108820676804" lon="-75.485530849546194">
        <ele>2510.889999999999873</ele>
        <time>2019-02-17T16:48:47Z</time>
      </trkpt>
      <trkpt lat="4.712031623348594" lon="-75.485531855374575">
        <ele>2511.050000000000182</ele>
        <time>2019-02-17T16:48:54Z</time>
      </trkpt>
      <trkpt lat="4.7119415178895" lon="-75.485555492341518">
        <ele>2511.260000000000218</ele>
        <time>2019-02-17T16:49:09Z</time>
      </trkpt>
      <trkpt lat="4.711951157078147" lon="-75.485562868416309">
        <ele>2511.630000000000109</ele>
        <time>2019-02-17T16:49:29Z</time>
      </trkpt>
      <trkpt lat="4.711935902014375" lon="-75.485582314431667">
        <ele>2511.710000000000036</ele>
        <time>2019-02-17T16:49:53Z</time>
      </trkpt>
      <trkpt lat="4.711899608373642" lon="-75.48557611182332">
        <ele>2511.690000000000055</ele>
        <time>2019-02-17T16:49:57Z</time>
      </trkpt>
      <trkpt lat="4.711687546223402" lon="-75.485561611130834">
        <ele>2513.590000000000146</ele>
        <time>2019-02-17T16:50:19Z</time>
      </trkpt>
      <trkpt lat="4.711540192365646" lon="-75.485550044104457">
        <ele>2516.039999999999964</ele>
        <time>2019-02-17T16:50:34Z</time>
      </trkpt>
      <trkpt lat="4.711517142131925" lon="-75.485502434894443">
        <ele>2518.260000000000218</ele>
        <time>2019-02-17T16:50:54Z</time>
      </trkpt>
      <trkpt lat="4.711388479918242" lon="-75.485458765178919">
        <ele>2518.170000000000073</ele>
        <time>2019-02-17T16:51:09Z</time>
      </trkpt>
      <trkpt lat="4.71128580160439" lon="-75.485452059656382">
        <ele>2519.289999999999964</ele>
        <time>2019-02-17T16:51:20Z</time>
      </trkpt>
      <trkpt lat="4.711184799671173" lon="-75.48542414791882">
        <ele>2520.389999999999873</ele>
        <time>2019-02-17T16:51:31Z</time>
      </trkpt>
      <trkpt lat="4.711079858243465" lon="-75.485404198989272">
        <ele>2522.139999999999873</ele>
        <time>2019-02-17T16:51:43Z</time>
      </trkpt>
      <trkpt lat="4.7109848074615" lon="-75.485454322770238">
        <ele>2522.739999999999782</ele>
        <time>2019-02-17T16:51:56Z</time>
      </trkpt>
      <trkpt lat="4.710895791649818" lon="-75.48546614125371">
        <ele>2523.929999999999836</ele>
        <time>2019-02-17T16:52:10Z</time>
      </trkpt>
      <trkpt lat="4.710868550464511" lon="-75.485448371618986">
        <ele>2524.239999999999782</ele>
        <time>2019-02-17T16:52:14Z</time>
      </trkpt>
      <trkpt lat="4.710792442783713" lon="-75.4853889439255">
        <ele>2525.679999999999836</ele>
        <time>2019-02-17T16:52:26Z</time>
      </trkpt>
      <trkpt lat="4.710758663713932" lon="-75.485319290310144">
        <ele>2528.429999999999836</ele>
        <time>2019-02-17T16:52:38Z</time>
      </trkpt>
      <trkpt lat="4.710711976513267" lon="-75.485267993062735">
        <ele>2531.619999999999891</ele>
        <time>2019-02-17T16:52:52Z</time>
      </trkpt>
      <trkpt lat="4.71057241782546" lon="-75.485235471278429">
        <ele>2534.7199999999998</ele>
        <time>2019-02-17T16:53:10Z</time>
      </trkpt>
      <trkpt lat="4.710502093657851" lon="-75.485175205394626">
        <ele>2532.440000000000055</ele>
        <time>2019-02-17T16:53:25Z</time>
      </trkpt>
      <trkpt lat="4.710479630157351" lon="-75.485148299485445">
        <ele>2533.210000000000036</ele>
        <time>2019-02-17T16:53:33Z</time>
      </trkpt>
      <trkpt lat="4.710423052310944" lon="-75.485012512654066">
        <ele>2535.880000000000109</ele>
        <time>2019-02-17T16:53:48Z</time>
      </trkpt>
      <trkpt lat="4.710354069247842" lon="-75.484918467700481">
        <ele>2537.190000000000055</ele>
        <time>2019-02-17T16:53:59Z</time>
      </trkpt>
      <trkpt lat="4.710303861647844" lon="-75.484850155189633">
        <ele>2538.300000000000182</ele>
        <time>2019-02-17T16:54:06Z</time>
      </trkpt>
      <trkpt lat="4.710251642391086" lon="-75.484722834080458">
        <ele>2539.840000000000146</ele>
        <time>2019-02-17T16:54:21Z</time>
      </trkpt>
      <trkpt lat="4.71021668985486" lon="-75.484652174636722">
        <ele>2541.059999999999945</ele>
        <time>2019-02-17T16:54:32Z</time>
      </trkpt>
      <trkpt lat="4.710192969068885" lon="-75.484636081382632">
        <ele>2541.25</ele>
        <time>2019-02-17T16:54:35Z</time>
      </trkpt>
      <trkpt lat="4.710096661001444" lon="-75.484614036977291">
        <ele>2541.079999999999927</ele>
        <time>2019-02-17T16:54:50Z</time>
      </trkpt>
      <trkpt lat="4.710076041519642" lon="-75.484588639810681">
        <ele>2542.420000000000073</ele>
        <time>2019-02-17T16:54:56Z</time>
      </trkpt>
      <trkpt lat="4.710036059841514" lon="-75.484612444415689">
        <ele>2542.460000000000036</ele>
        <time>2019-02-17T16:55:03Z</time>
      </trkpt>
      <trkpt lat="4.709988618269563" lon="-75.484678158536553">
        <ele>2542.230000000000018</ele>
        <time>2019-02-17T16:55:26Z</time>
      </trkpt>
      <trkpt lat="4.709991216659546" lon="-75.484645050019026">
        <ele>2542.139999999999873</ele>
        <time>2019-02-17T16:55:38Z</time>
      </trkpt>
      <trkpt lat="4.70991569571197" lon="-75.48457833006978">
        <ele>2541.980000000000018</ele>
        <time>2019-02-17T16:56:01Z</time>
      </trkpt>
      <trkpt lat="4.709860207512975" lon="-75.484530134126544">
        <ele>2542.559999999999945</ele>
        <time>2019-02-17T16:56:06Z</time>
      </trkpt>
      <trkpt lat="4.709828356280923" lon="-75.484499959275126">
        <ele>2542.519999999999982</ele>
        <time>2019-02-17T16:56:09Z</time>
      </trkpt>
      <trkpt lat="4.709790050983429" lon="-75.484396107494831">
        <ele>2543.380000000000109</ele>
        <time>2019-02-17T16:56:22Z</time>
      </trkpt>
      <trkpt lat="4.709801869466901" lon="-75.484370794147253">
        <ele>2543.739999999999782</ele>
        <time>2019-02-17T16:56:26Z</time>
      </trkpt>
      <trkpt lat="4.709790553897619" lon="-75.48431396484375">
        <ele>2544.769999999999982</ele>
        <time>2019-02-17T16:56:31Z</time>
      </trkpt>
      <trkpt lat="4.70979256555438" lon="-75.484218746423721">
        <ele>2546.7800000000002</ele>
        <time>2019-02-17T16:56:43Z</time>
      </trkpt>
      <trkpt lat="4.709793655201793" lon="-75.484191002324224">
        <ele>2547.099999999999909</ele>
        <time>2019-02-17T16:56:49Z</time>
      </trkpt>
      <trkpt lat="4.709756271913648" lon="-75.484141549095511">
        <ele>2547.019999999999982</ele>
        <time>2019-02-17T16:56:53Z</time>
      </trkpt>
      <trkpt lat="4.709723331034184" lon="-75.484060244634748">
        <ele>2547.039999999999964</ele>
        <time>2019-02-17T16:57:11Z</time>
      </trkpt>
      <trkpt lat="4.70968502573669" lon="-75.483946837484837">
        <ele>2547.7800000000002</ele>
        <time>2019-02-17T16:57:28Z</time>
      </trkpt>
      <trkpt lat="4.709685277193785" lon="-75.48392747528851">
        <ele>2548.019999999999982</ele>
        <time>2019-02-17T16:57:30Z</time>
      </trkpt>
      <trkpt lat="4.709691982716322" lon="-75.483917584642768">
        <ele>2548.320000000000164</ele>
        <time>2019-02-17T16:57:34Z</time>
      </trkpt>
      <trkpt lat="4.70969776622951" lon="-75.483937030658126">
        <ele>2548.159999999999854</ele>
        <time>2019-02-17T16:57:37Z</time>
      </trkpt>
      <trkpt lat="4.709693742915988" lon="-75.48384876921773">
        <ele>2547.769999999999982</ele>
        <time>2019-02-17T16:57:59Z</time>
      </trkpt>
      <trkpt lat="4.709659796208143" lon="-75.483742486685514">
        <ele>2547.980000000000018</ele>
        <time>2019-02-17T16:58:21Z</time>
      </trkpt>
      <trkpt lat="4.709785608574748" lon="-75.483777858316898">
        <ele>2547.309999999999945</ele>
        <time>2019-02-17T16:58:49Z</time>
      </trkpt>
      <trkpt lat="4.709773119539022" lon="-75.483774673193693">
        <ele>2547.409999999999854</ele>
        <time>2019-02-17T16:58:51Z</time>
      </trkpt>
      <trkpt lat="4.709648145362735" lon="-75.48381457105279">
        <ele>2547.989999999999782</ele>
        <time>2019-02-17T16:59:45Z</time>
      </trkpt>
      <trkpt lat="4.709602212533355" lon="-75.483803674578667">
        <ele>2548.420000000000073</ele>
        <time>2019-02-17T17:00:12Z</time>
      </trkpt>
      <trkpt lat="4.70960833132267" lon="-75.48384876921773">
        <ele>2549.2199999999998</ele>
        <time>2019-02-17T17:00:45Z</time>
      </trkpt>
      <trkpt lat="4.709631381556392" lon="-75.483825970441103">
        <ele>2551.349999999999909</ele>
        <time>2019-02-17T17:00:54Z</time>
      </trkpt>
      <trkpt lat="4.709573881700635" lon="-75.483753718435764">
        <ele>2552.940000000000055</ele>
        <time>2019-02-17T17:01:09Z</time>
      </trkpt>
      <trkpt lat="4.709546724334359" lon="-75.483652548864484">
        <ele>2553.920000000000073</ele>
        <time>2019-02-17T17:01:42Z</time>
      </trkpt>
      <trkpt lat="4.70954186283052" lon="-75.483588594943285">
        <ele>2553.9699999999998</ele>
        <time>2019-02-17T17:01:48Z</time>
      </trkpt>
      <trkpt lat="4.709491822868586" lon="-75.483624637126923">
        <ele>2553.679999999999836</ele>
        <time>2019-02-17T17:02:21Z</time>
      </trkpt>
      <trkpt lat="4.709468856453896" lon="-75.483656404539943">
        <ele>2554.150000000000091</ele>
        <time>2019-02-17T17:02:31Z</time>
      </trkpt>
      <trkpt lat="4.709451925009489" lon="-75.483641820028424">
        <ele>2554.690000000000055</ele>
        <time>2019-02-17T17:02:34Z</time>
      </trkpt>
      <trkpt lat="4.709400208666921" lon="-75.483594043180346">
        <ele>2554.510000000000218</ele>
        <time>2019-02-17T17:02:40Z</time>
      </trkpt>
      <trkpt lat="4.709353605285287" lon="-75.483495220541954">
        <ele>2556.7800000000002</ele>
        <time>2019-02-17T17:03:02Z</time>
      </trkpt>
      <trkpt lat="4.709505820646882" lon="-75.483338059857488">
        <ele>2556.739999999999782</ele>
        <time>2019-02-17T17:03:25Z</time>
      </trkpt>
      <trkpt lat="4.709503976628184" lon="-75.483385836705565">
        <ele>2557.269999999999982</ele>
        <time>2019-02-17T17:05:30Z</time>
      </trkpt>
      <trkpt lat="4.709518142044544" lon="-75.483441827818751">
        <ele>2555.670000000000073</ele>
        <time>2019-02-17T17:05:44Z</time>
      </trkpt>
      <trkpt lat="4.7095618955791" lon="-75.483432691544294">
        <ele>2558.920000000000073</ele>
        <time>2019-02-17T17:06:01Z</time>
      </trkpt>
      <trkpt lat="4.709686702117324" lon="-75.483494717627764">
        <ele>2557.119999999999891</ele>
        <time>2019-02-17T17:06:20Z</time>
      </trkpt>
      <trkpt lat="4.709686702117324" lon="-75.483494717627764">
        <ele>2557.119999999999891</ele>
        <time>2019-02-17T17:06:20Z</time>
      </trkpt>
      <trkpt lat="4.7095618955791" lon="-75.483432691544294">
        <ele>2558.920000000000073</ele>
        <time>2019-02-17T17:06:01Z</time>
      </trkpt>
      <trkpt lat="4.709518142044544" lon="-75.483441827818751">
        <ele>2555.670000000000073</ele>
        <time>2019-02-17T17:05:44Z</time>
      </trkpt>
      <trkpt lat="4.709503976628184" lon="-75.483385836705565">
        <ele>2557.269999999999982</ele>
        <time>2019-02-17T17:05:30Z</time>
      </trkpt>
      <trkpt lat="4.709505820646882" lon="-75.483338059857488">
        <ele>2556.739999999999782</ele>
        <time>2019-02-17T17:03:25Z</time>
      </trkpt>
      <trkpt lat="4.709353605285287" lon="-75.483495220541954">
        <ele>2556.7800000000002</ele>
        <time>2019-02-17T17:03:02Z</time>
      </trkpt>
      <trkpt lat="4.709400208666921" lon="-75.483594043180346">
        <ele>2554.510000000000218</ele>
        <time>2019-02-17T17:02:40Z</time>
      </trkpt>
      <trkpt lat="4.709451925009489" lon="-75.483641820028424">
        <ele>2554.690000000000055</ele>
        <time>2019-02-17T17:02:34Z</time>
      </trkpt>
      <trkpt lat="4.709468856453896" lon="-75.483656404539943">
        <ele>2554.150000000000091</ele>
        <time>2019-02-17T17:02:31Z</time>
      </trkpt>
      <trkpt lat="4.709491822868586" lon="-75.483624637126923">
        <ele>2553.679999999999836</ele>
        <time>2019-02-17T17:02:21Z</time>
      </trkpt>
      <trkpt lat="4.70954186283052" lon="-75.483588594943285">
        <ele>2553.9699999999998</ele>
        <time>2019-02-17T17:01:48Z</time>
      </trkpt>
      <trkpt lat="4.709546724334359" lon="-75.483652548864484">
        <ele>2553.920000000000073</ele>
        <time>2019-02-17T17:01:42Z</time>
      </trkpt>
      <trkpt lat="4.709573881700635" lon="-75.483753718435764">
        <ele>2552.940000000000055</ele>
        <time>2019-02-17T17:01:09Z</time>
      </trkpt>
      <trkpt lat="4.709631381556392" lon="-75.483825970441103">
        <ele>2551.349999999999909</ele>
        <time>2019-02-17T17:00:54Z</time>
      </trkpt>
      <trkpt lat="4.70960833132267" lon="-75.48384876921773">
        <ele>2549.2199999999998</ele>
        <time>2019-02-17T17:00:45Z</time>
      </trkpt>
      <trkpt lat="4.709602212533355" lon="-75.483803674578667">
        <ele>2548.420000000000073</ele>
        <time>2019-02-17T17:00:12Z</time>
      </trkpt>
      <trkpt lat="4.709648145362735" lon="-75.48381457105279">
        <ele>2547.989999999999782</ele>
        <time>2019-02-17T16:59:45Z</time>
      </trkpt>
      <trkpt lat="4.709773119539022" lon="-75.483774673193693">
        <ele>2547.409999999999854</ele>
        <time>2019-02-17T16:58:51Z</time>
      </trkpt>
      <trkpt lat="4.709785608574748" lon="-75.483777858316898">
        <ele>2547.309999999999945</ele>
        <time>2019-02-17T16:58:49Z</time>
      </trkpt>
      <trkpt lat="4.709659796208143" lon="-75.483742486685514">
        <ele>2547.980000000000018</ele>
        <time>2019-02-17T16:58:21Z</time>
      </trkpt>
      <trkpt lat="4.709693742915988" lon="-75.48384876921773">
        <ele>2547.769999999999982</ele>
        <time>2019-02-17T16:57:59Z</time>
      </trkpt>
      <trkpt lat="4.70969776622951" lon="-75.483937030658126">
        <ele>2548.159999999999854</ele>
        <time>2019-02-17T16:57:37Z</time>
      </trkpt>
      <trkpt lat="4.709691982716322" lon="-75.483917584642768">
        <ele>2548.320000000000164</ele>
        <time>2019-02-17T16:57:34Z</time>
      </trkpt>
      <trkpt lat="4.709685277193785" lon="-75.48392747528851">
        <ele>2548.019999999999982</ele>
        <time>2019-02-17T16:57:30Z</time>
      </trkpt>
      <trkpt lat="4.70968502573669" lon="-75.483946837484837">
        <ele>2547.7800000000002</ele>
        <time>2019-02-17T16:57:28Z</time>
      </trkpt>
      <trkpt lat="4.709723331034184" lon="-75.484060244634748">
        <ele>2547.039999999999964</ele>
        <time>2019-02-17T16:57:11Z</time>
      </trkpt>
      <trkpt lat="4.709756271913648" lon="-75.484141549095511">
        <ele>2547.019999999999982</ele>
        <time>2019-02-17T16:56:53Z</time>
      </trkpt>
      <trkpt lat="4.709793655201793" lon="-75.484191002324224">
        <ele>2547.099999999999909</ele>
        <time>2019-02-17T16:56:49Z</time>
      </trkpt>
      <trkpt lat="4.70979256555438" lon="-75.484218746423721">
        <ele>2546.7800000000002</ele>
        <time>2019-02-17T16:56:43Z</time>
      </trkpt>
      <trkpt lat="4.709790553897619" lon="-75.48431396484375">
        <ele>2544.769999999999982</ele>
        <time>2019-02-17T16:56:31Z</time>
      </trkpt>
      <trkpt lat="4.709801869466901" lon="-75.484370794147253">
        <ele>2543.739999999999782</ele>
        <time>2019-02-17T16:56:26Z</time>
      </trkpt>
      <trkpt lat="4.709790050983429" lon="-75.484396107494831">
        <ele>2543.380000000000109</ele>
        <time>2019-02-17T16:56:22Z</time>
      </trkpt>
      <trkpt lat="4.709828356280923" lon="-75.484499959275126">
        <ele>2542.519999999999982</ele>
        <time>2019-02-17T16:56:09Z</time>
      </trkpt>
      <trkpt lat="4.709860207512975" lon="-75.484530134126544">
        <ele>2542.559999999999945</ele>
        <time>2019-02-17T16:56:06Z</time>
      </trkpt>
      <trkpt lat="4.70991569571197" lon="-75.48457833006978">
        <ele>2541.980000000000018</ele>
        <time>2019-02-17T16:56:01Z</time>
      </trkpt>
      <trkpt lat="4.709991216659546" lon="-75.484645050019026">
        <ele>2542.139999999999873</ele>
        <time>2019-02-17T16:55:38Z</time>
      </trkpt>
      <trkpt lat="4.709988618269563" lon="-75.484678158536553">
        <ele>2542.230000000000018</ele>
        <time>2019-02-17T16:55:26Z</time>
      </trkpt>
      <trkpt lat="4.710036059841514" lon="-75.484612444415689">
        <ele>2542.460000000000036</ele>
        <time>2019-02-17T16:55:03Z</time>
      </trkpt>
      <trkpt lat="4.710076041519642" lon="-75.484588639810681">
        <ele>2542.420000000000073</ele>
        <time>2019-02-17T16:54:56Z</time>
      </trkpt>
      <trkpt lat="4.710096661001444" lon="-75.484614036977291">
        <ele>2541.079999999999927</ele>
        <time>2019-02-17T16:54:50Z</time>
      </trkpt>
      <trkpt lat="4.710192969068885" lon="-75.484636081382632">
        <ele>2541.25</ele>
        <time>2019-02-17T16:54:35Z</time>
      </trkpt>
      <trkpt lat="4.71021668985486" lon="-75.484652174636722">
        <ele>2541.059999999999945</ele>
        <time>2019-02-17T16:54:32Z</time>
      </trkpt>
      <trkpt lat="4.710251642391086" lon="-75.484722834080458">
        <ele>2539.840000000000146</ele>
        <time>2019-02-17T16:54:21Z</time>
      </trkpt>
      <trkpt lat="4.710303861647844" lon="-75.484850155189633">
        <ele>2538.300000000000182</ele>
        <time>2019-02-17T16:54:06Z</time>
      </trkpt>
      <trkpt lat="4.710354069247842" lon="-75.484918467700481">
        <ele>2537.190000000000055</ele>
        <time>2019-02-17T16:53:59Z</time>
      </trkpt>
      <trkpt lat="4.710423052310944" lon="-75.485012512654066">
        <ele>2535.880000000000109</ele>
        <time>2019-02-17T16:53:48Z</time>
      </trkpt>
      <trkpt lat="4.710479630157351" lon="-75.485148299485445">
        <ele>2533.210000000000036</ele>
        <time>2019-02-17T16:53:33Z</time>
      </trkpt>
      <trkpt lat="4.710502093657851" lon="-75.485175205394626">
        <ele>2532.440000000000055</ele>
        <time>2019-02-17T16:53:25Z</time>
      </trkpt>
      <trkpt lat="4.71057241782546" lon="-75.485235471278429">
        <ele>2534.7199999999998</ele>
        <time>2019-02-17T16:53:10Z</time>
      </trkpt>
      <trkpt lat="4.710711976513267" lon="-75.485267993062735">
        <ele>2531.619999999999891</ele>
        <time>2019-02-17T16:52:52Z</time>
      </trkpt>
      <trkpt lat="4.710758663713932" lon="-75.485319290310144">
        <ele>2528.429999999999836</ele>
        <time>2019-02-17T16:52:38Z</time>
      </trkpt>
      <trkpt lat="4.710792442783713" lon="-75.4853889439255">
        <ele>2525.679999999999836</ele>
        <time>2019-02-17T16:52:26Z</time>
      </trkpt>
      <trkpt lat="4.710868550464511" lon="-75.485448371618986">
        <ele>2524.239999999999782</ele>
        <time>2019-02-17T16:52:14Z</time>
      </trkpt>
      <trkpt lat="4.710895791649818" lon="-75.48546614125371">
        <ele>2523.929999999999836</ele>
        <time>2019-02-17T16:52:10Z</time>
      </trkpt>
      <trkpt lat="4.7109848074615" lon="-75.485454322770238">
        <ele>2522.739999999999782</ele>
        <time>2019-02-17T16:51:56Z</time>
      </trkpt>
      <trkpt lat="4.711079858243465" lon="-75.485404198989272">
        <ele>2522.139999999999873</ele>
        <time>2019-02-17T16:51:43Z</time>
      </trkpt>
      <trkpt lat="4.711184799671173" lon="-75.48542414791882">
        <ele>2520.389999999999873</ele>
        <time>2019-02-17T16:51:31Z</time>
      </trkpt>
      <trkpt lat="4.71128580160439" lon="-75.485452059656382">
        <ele>2519.289999999999964</ele>
        <time>2019-02-17T16:51:20Z</time>
      </trkpt>
      <trkpt lat="4.711388479918242" lon="-75.485458765178919">
        <ele>2518.170000000000073</ele>
        <time>2019-02-17T16:51:09Z</time>
      </trkpt>
      <trkpt lat="4.711517142131925" lon="-75.485502434894443">
        <ele>2518.260000000000218</ele>
        <time>2019-02-17T16:50:54Z</time>
      </trkpt>
      <trkpt lat="4.711540192365646" lon="-75.485550044104457">
        <ele>2516.039999999999964</ele>
        <time>2019-02-17T16:50:34Z</time>
      </trkpt>
      <trkpt lat="4.711687546223402" lon="-75.485561611130834">
        <ele>2513.590000000000146</ele>
        <time>2019-02-17T16:50:19Z</time>
      </trkpt>
      <trkpt lat="4.711899608373642" lon="-75.48557611182332">
        <ele>2511.690000000000055</ele>
        <time>2019-02-17T16:49:57Z</time>
      </trkpt>
      <trkpt lat="4.711935902014375" lon="-75.485582314431667">
        <ele>2511.710000000000036</ele>
        <time>2019-02-17T16:49:53Z</time>
      </trkpt>
      <trkpt lat="4.711951157078147" lon="-75.485562868416309">
        <ele>2511.630000000000109</ele>
        <time>2019-02-17T16:49:29Z</time>
      </trkpt>
      <trkpt lat="4.7119415178895" lon="-75.485555492341518">
        <ele>2511.260000000000218</ele>
        <time>2019-02-17T16:49:09Z</time>
      </trkpt>
      <trkpt lat="4.712031623348594" lon="-75.485531855374575">
        <ele>2511.050000000000182</ele>
        <time>2019-02-17T16:48:54Z</time>
      </trkpt>
      <trkpt lat="4.712108820676804" lon="-75.485530849546194">
        <ele>2510.889999999999873</ele>
        <time>2019-02-17T16:48:47Z</time>
      </trkpt>
      <trkpt lat="4.712140168994665" lon="-75.485530095174909">
        <ele>2511.070000000000164</ele>
        <time>2019-02-17T16:48:44Z</time>
      </trkpt>
      <trkpt lat="4.712163470685482" lon="-75.485590612515807">
        <ele>2510.559999999999945</ele>
        <time>2019-02-17T16:48:36Z</time>
      </trkpt>
      <trkpt lat="4.712132206186652" lon="-75.485688345506787">
        <ele>2510.289999999999964</ele>
        <time>2019-02-17T16:48:27Z</time>
      </trkpt>
      <trkpt lat="4.712140588089824" lon="-75.485714245587587">
        <ele>2509.960000000000036</ele>
        <time>2019-02-17T16:48:24Z</time>
      </trkpt>
      <trkpt lat="4.712163638323545" lon="-75.485949106514454">
        <ele>2508.409999999999854</ele>
        <time>2019-02-17T16:48:06Z</time>
      </trkpt>
      <trkpt lat="4.712195741012692" lon="-75.48615169711411">
        <ele>2505.630000000000109</ele>
        <time>2019-02-17T16:47:48Z</time>
      </trkpt>
      <trkpt lat="4.712203033268452" lon="-75.486197294667363">
        <ele>2504.920000000000073</ele>
        <time>2019-02-17T16:47:43Z</time>
      </trkpt>
      <trkpt lat="4.712236896157265" lon="-75.486268540844321">
        <ele>2503.5300000000002</ele>
        <time>2019-02-17T16:47:33Z</time>
      </trkpt>
      <trkpt lat="4.71223471686244" lon="-75.486309695988894">
        <ele>2503.110000000000127</ele>
        <time>2019-02-17T16:47:30Z</time>
      </trkpt>
      <trkpt lat="4.712229436263442" lon="-75.486336601898074">
        <ele>2503.639999999999873</ele>
        <time>2019-02-17T16:47:27Z</time>
      </trkpt>
      <trkpt lat="4.712136397138238" lon="-75.486373901367188">
        <ele>2503.539999999999964</ele>
        <time>2019-02-17T16:47:09Z</time>
      </trkpt>
      <trkpt lat="4.712090883404016" lon="-75.486408518627286">
        <ele>2503.340000000000146</ele>
        <time>2019-02-17T16:46:46Z</time>
      </trkpt>
      <trkpt lat="4.712034976109862" lon="-75.486476747319102">
        <ele>2502.769999999999982</ele>
        <time>2019-02-17T16:46:21Z</time>
      </trkpt>
      <trkpt lat="4.712026175111532" lon="-75.486587220802903">
        <ele>2503.019999999999982</ele>
        <time>2019-02-17T16:46:13Z</time>
      </trkpt>
      <trkpt lat="4.71199382096529" lon="-75.486650336533785">
        <ele>2502.760000000000218</ele>
        <time>2019-02-17T16:46:05Z</time>
      </trkpt>
      <trkpt lat="4.711984349414706" lon="-75.486737340688705">
        <ele>2502.510000000000218</ele>
        <time>2019-02-17T16:45:56Z</time>
      </trkpt>
      <trkpt lat="4.712009998038411" lon="-75.486838258802891">
        <ele>2500.670000000000073</ele>
        <time>2019-02-17T16:45:46Z</time>
      </trkpt>
      <trkpt lat="4.712032712996006" lon="-75.487110922113061">
        <ele>2498.309999999999945</ele>
        <time>2019-02-17T16:45:23Z</time>
      </trkpt>
      <trkpt lat="4.712087865918875" lon="-75.487238997593522">
        <ele>2497.369999999999891</ele>
        <time>2019-02-17T16:45:04Z</time>
      </trkpt>
      <trkpt lat="4.712097002193332" lon="-75.487250564619899">
        <ele>2497.610000000000127</ele>
        <time>2019-02-17T16:45:02Z</time>
      </trkpt>
      <trkpt lat="4.712020726874471" lon="-75.487463548779488">
        <ele>2496.809999999999945</ele>
        <time>2019-02-17T16:44:19Z</time>
      </trkpt>
      <trkpt lat="4.712012512609363" lon="-75.487471679225564">
        <ele>2496.789999999999964</ele>
        <time>2019-02-17T16:44:17Z</time>
      </trkpt>
      <trkpt lat="4.711964400485158" lon="-75.487529262900352">
        <ele>2495.260000000000218</ele>
        <time>2019-02-17T16:44:05Z</time>
      </trkpt>
      <trkpt lat="4.71190438605845" lon="-75.487572513520718">
        <ele>2495.260000000000218</ele>
        <time>2019-02-17T16:43:54Z</time>
      </trkpt>
      <trkpt lat="4.711861219257116" lon="-75.487556671723723">
        <ele>2494.550000000000182</ele>
        <time>2019-02-17T16:43:31Z</time>
      </trkpt>
      <trkpt lat="4.711820483207703" lon="-75.487669156864285">
        <ele>2494.329999999999927</ele>
        <time>2019-02-17T16:42:59Z</time>
      </trkpt>
      <trkpt lat="4.71182375214994" lon="-75.487691704183817">
        <ele>2493.659999999999854</ele>
        <time>2019-02-17T16:42:54Z</time>
      </trkpt>
      <trkpt lat="4.711861470714211" lon="-75.487617775797844">
        <ele>2494.349999999999909</ele>
        <time>2019-02-17T16:41:59Z</time>
      </trkpt>
      <trkpt lat="4.711832720786333" lon="-75.487631186842918">
        <ele>2494.329999999999927</ele>
        <time>2019-02-17T16:41:52Z</time>
      </trkpt>
      <trkpt lat="4.711816376075149" lon="-75.487628253176808">
        <ele>2494.710000000000036</ele>
        <time>2019-02-17T16:41:50Z</time>
      </trkpt>
      <trkpt lat="4.711768431589007" lon="-75.48767133615911">
        <ele>2494.860000000000127</ele>
        <time>2019-02-17T16:41:40Z</time>
      </trkpt>
      <trkpt lat="4.711644379422069" lon="-75.487725650891662">
        <ele>2495.619999999999891</ele>
        <time>2019-02-17T16:41:22Z</time>
      </trkpt>
      <trkpt lat="4.711635326966643" lon="-75.487811900675297">
        <ele>2496.190000000000055</ele>
        <time>2019-02-17T16:41:09Z</time>
      </trkpt>
      <trkpt lat="4.711579252034426" lon="-75.487943580374122">
        <ele>2496.920000000000073</ele>
        <time>2019-02-17T16:40:56Z</time>
      </trkpt>
      <trkpt lat="4.711449081078172" lon="-75.488029327243567">
        <ele>2497.300000000000182</ele>
        <time>2019-02-17T16:40:46Z</time>
      </trkpt>
      <trkpt lat="4.711411027237773" lon="-75.488137286156416">
        <ele>2496.840000000000146</ele>
        <time>2019-02-17T16:40:33Z</time>
      </trkpt>
      <trkpt lat="4.711364256218076" lon="-75.488282795995474">
        <ele>2496.409999999999854</ele>
        <time>2019-02-17T16:40:09Z</time>
      </trkpt>
      <trkpt lat="4.71127649769187" lon="-75.488417744636536">
        <ele>2494</ele>
        <time>2019-02-17T16:39:46Z</time>
      </trkpt>
      <trkpt lat="4.711275324225426" lon="-75.48845948651433">
        <ele>2494.010000000000218</ele>
        <time>2019-02-17T16:39:43Z</time>
      </trkpt>
      <trkpt lat="4.711182871833444" lon="-75.488610109314322">
        <ele>2493.130000000000109</ele>
        <time>2019-02-17T16:39:28Z</time>
      </trkpt>
      <trkpt lat="4.711119085550308" lon="-75.488688480108976">
        <ele>2491.860000000000127</ele>
        <time>2019-02-17T16:39:14Z</time>
      </trkpt>
      <trkpt lat="4.711081031709909" lon="-75.48873407766223">
        <ele>2491.940000000000055</ele>
        <time>2019-02-17T16:39:09Z</time>
      </trkpt>
      <trkpt lat="4.710969803854823" lon="-75.488820159807801">
        <ele>2492.25</ele>
        <time>2019-02-17T16:39:00Z</time>
      </trkpt>
      <trkpt lat="4.710888247936964" lon="-75.48893004655838">
        <ele>2489.610000000000127</ele>
        <time>2019-02-17T16:38:41Z</time>
      </trkpt>
      <trkpt lat="4.710857234895229" lon="-75.488956281915307">
        <ele>2489.670000000000073</ele>
        <time>2019-02-17T16:38:36Z</time>
      </trkpt>
      <trkpt lat="4.710795963183045" lon="-75.488984948024154">
        <ele>2488.510000000000218</ele>
        <time>2019-02-17T16:38:30Z</time>
      </trkpt>
      <trkpt lat="4.710730249062181" lon="-75.489114783704281">
        <ele>2487.869999999999891</ele>
        <time>2019-02-17T16:38:19Z</time>
      </trkpt>
      <trkpt lat="4.710690770298243" lon="-75.489243781194091">
        <ele>2486.309999999999945</ele>
        <time>2019-02-17T16:38:06Z</time>
      </trkpt>
      <trkpt lat="4.710698733106256" lon="-75.48929893411696">
        <ele>2486</ele>
        <time>2019-02-17T16:38:01Z</time>
      </trkpt>
      <trkpt lat="4.710699571296573" lon="-75.489317709580064">
        <ele>2485.300000000000182</ele>
        <time>2019-02-17T16:37:59Z</time>
      </trkpt>
      <trkpt lat="4.710658919066191" lon="-75.489456513896585">
        <ele>2483.840000000000146</ele>
        <time>2019-02-17T16:37:38Z</time>
      </trkpt>
      <trkpt lat="4.710599994286895" lon="-75.489528514444828">
        <ele>2482.900000000000091</ele>
        <time>2019-02-17T16:37:28Z</time>
      </trkpt>
      <trkpt lat="4.71049471758306" lon="-75.489625325426459">
        <ele>2480.650000000000091</ele>
        <time>2019-02-17T16:37:14Z</time>
      </trkpt>
      <trkpt lat="4.710428332909942" lon="-75.489711491391063">
        <ele>2480</ele>
        <time>2019-02-17T16:36:59Z</time>
      </trkpt>
      <trkpt lat="4.71031391993165" lon="-75.489910561591387">
        <ele>2478.099999999999909</ele>
        <time>2019-02-17T16:36:36Z</time>
      </trkpt>
      <trkpt lat="4.710283745080233" lon="-75.489996140822768">
        <ele>2477.710000000000036</ele>
        <time>2019-02-17T16:36:28Z</time>
      </trkpt>
      <trkpt lat="4.710234124213457" lon="-75.490122707560658">
        <ele>2477.369999999999891</ele>
        <time>2019-02-17T16:36:14Z</time>
      </trkpt>
      <trkpt lat="4.710157681256533" lon="-75.490218177437782">
        <ele>2476.010000000000218</ele>
        <time>2019-02-17T16:35:59Z</time>
      </trkpt>
      <trkpt lat="4.71003346145153" lon="-75.490358239039779">
        <ele>2474.679999999999836</ele>
        <time>2019-02-17T16:35:43Z</time>
      </trkpt>
      <trkpt lat="4.70995232462883" lon="-75.490520847961307">
        <ele>2473.389999999999873</ele>
        <time>2019-02-17T16:35:24Z</time>
      </trkpt>
      <trkpt lat="4.709850400686264" lon="-75.490643307566643">
        <ele>2472</ele>
        <time>2019-02-17T16:35:06Z</time>
      </trkpt>
      <trkpt lat="4.709792733192444" lon="-75.490702567622066">
        <ele>2472.079999999999927</ele>
        <time>2019-02-17T16:34:49Z</time>
      </trkpt>
      <trkpt lat="4.709699274972081" lon="-75.490742968395352">
        <ele>2470.179999999999836</ele>
        <time>2019-02-17T16:34:25Z</time>
      </trkpt>
      <trkpt lat="4.709655353799462" lon="-75.490790577605367">
        <ele>2470.159999999999854</ele>
        <time>2019-02-17T16:34:05Z</time>
      </trkpt>
      <trkpt lat="4.709633393213153" lon="-75.49077607691288">
        <ele>2471.409999999999854</ele>
        <time>2019-02-17T16:33:45Z</time>
      </trkpt>
      <trkpt lat="4.709595926105976" lon="-75.490799797698855">
        <ele>2470.269999999999982</ele>
        <time>2019-02-17T16:33:39Z</time>
      </trkpt>
      <trkpt lat="4.709480255842209" lon="-75.490900045260787">
        <ele>2469.25</ele>
        <time>2019-02-17T16:33:24Z</time>
      </trkpt>
      <trkpt lat="4.709432646632195" lon="-75.490959892049432">
        <ele>2467.849999999999909</ele>
        <time>2019-02-17T16:33:12Z</time>
      </trkpt>
      <trkpt lat="4.70929954200983" lon="-75.491110011935234">
        <ele>2465.7199999999998</ele>
        <time>2019-02-17T16:32:51Z</time>
      </trkpt>
      <trkpt lat="4.709296189248562" lon="-75.49124076962471">
        <ele>2464.309999999999945</ele>
        <time>2019-02-17T16:32:35Z</time>
      </trkpt>
      <trkpt lat="4.709286298602819" lon="-75.491241188719869">
        <ele>2464.079999999999927</ele>
        <time>2019-02-17T16:32:32Z</time>
      </trkpt>
      <trkpt lat="4.709187308326364" lon="-75.491294581443071">
        <ele>2463.2800000000002</ele>
        <time>2019-02-17T16:32:12Z</time>
      </trkpt>
      <trkpt lat="4.709133077412844" lon="-75.491362893953919">
        <ele>2462.380000000000109</ele>
        <time>2019-02-17T16:32:03Z</time>
      </trkpt>
      <trkpt lat="4.709050683304667" lon="-75.491490885615349">
        <ele>2460.960000000000036</ele>
        <time>2019-02-17T16:31:48Z</time>
      </trkpt>
      <trkpt lat="4.70899117179215" lon="-75.491598006337881">
        <ele>2460.079999999999927</ele>
        <time>2019-02-17T16:31:34Z</time>
      </trkpt>
      <trkpt lat="4.708982622250915" lon="-75.491640167310834">
        <ele>2460.050000000000182</ele>
        <time>2019-02-17T16:31:29Z</time>
      </trkpt>
      <trkpt lat="4.70898580737412" lon="-75.491657434031367">
        <ele>2459.7199999999998</ele>
        <time>2019-02-17T16:31:27Z</time>
      </trkpt>
      <trkpt lat="4.708990668877959" lon="-75.491675958037376">
        <ele>2459.900000000000091</ele>
        <time>2019-02-17T16:31:20Z</time>
      </trkpt>
      <trkpt lat="4.708976084366441" lon="-75.491669587790966">
        <ele>2459.9699999999998</ele>
        <time>2019-02-17T16:31:01Z</time>
      </trkpt>
      <trkpt lat="4.708911376073956" lon="-75.491659613326192">
        <ele>2459.630000000000109</ele>
        <time>2019-02-17T16:30:40Z</time>
      </trkpt>
      <trkpt lat="4.708838118240237" lon="-75.491735553368926">
        <ele>2459.550000000000182</ele>
        <time>2019-02-17T16:30:18Z</time>
      </trkpt>
      <trkpt lat="4.708737451583147" lon="-75.491815516725183">
        <ele>2458.429999999999836</ele>
        <time>2019-02-17T16:29:59Z</time>
      </trkpt>
      <trkpt lat="4.708661092445254" lon="-75.49193806014955">
        <ele>2458.039999999999964</ele>
        <time>2019-02-17T16:29:41Z</time>
      </trkpt>
      <trkpt lat="4.708580709993839" lon="-75.492049288004637">
        <ele>2456.380000000000109</ele>
        <time>2019-02-17T16:29:25Z</time>
      </trkpt>
      <trkpt lat="4.708469398319721" lon="-75.49219555221498">
        <ele>2454.460000000000036</ele>
        <time>2019-02-17T16:29:05Z</time>
      </trkpt>
      <trkpt lat="4.708464033901691" lon="-75.49226931296289">
        <ele>2452.940000000000055</ele>
        <time>2019-02-17T16:28:47Z</time>
      </trkpt>
      <trkpt lat="4.708420028910041" lon="-75.492273671552539">
        <ele>2452.800000000000182</ele>
        <time>2019-02-17T16:28:23Z</time>
      </trkpt>
      <trkpt lat="4.708353644236922" lon="-75.492307534441352">
        <ele>2452.349999999999909</ele>
        <time>2019-02-17T16:28:05Z</time>
      </trkpt>
      <trkpt lat="4.708273345604539" lon="-75.492408787831664">
        <ele>2450.639999999999873</ele>
        <time>2019-02-17T16:27:47Z</time>
      </trkpt>
      <trkpt lat="4.708115514367819" lon="-75.49251020886004">
        <ele>2449.329999999999927</ele>
        <time>2019-02-17T16:27:31Z</time>
      </trkpt>
      <trkpt lat="4.708091877400875" lon="-75.492548933252692">
        <ele>2448.980000000000018</ele>
        <time>2019-02-17T16:27:27Z</time>
      </trkpt>
      <trkpt lat="4.708037143573165" lon="-75.492706764489412">
        <ele>2447.4699999999998</ele>
        <time>2019-02-17T16:27:11Z</time>
      </trkpt>
      <trkpt lat="4.707996575161815" lon="-75.492882365360856">
        <ele>2446.710000000000036</ele>
        <time>2019-02-17T16:26:55Z</time>
      </trkpt>
      <trkpt lat="4.707964640110731" lon="-75.492954198271036">
        <ele>2446.429999999999836</ele>
        <time>2019-02-17T16:26:50Z</time>
      </trkpt>
      <trkpt lat="4.707918036729097" lon="-75.492950510233641">
        <ele>2446.0300000000002</ele>
        <time>2019-02-17T16:26:45Z</time>
      </trkpt>
      <trkpt lat="4.707900770008564" lon="-75.492940451949835">
        <ele>2446.449999999999818</ele>
        <time>2019-02-17T16:26:19Z</time>
      </trkpt>
      <trkpt lat="4.707887107506394" lon="-75.492869038134813">
        <ele>2446.099999999999909</ele>
        <time>2019-02-17T16:25:45Z</time>
      </trkpt>
      <trkpt lat="4.707923652604222" lon="-75.492892172187567">
        <ele>2446.050000000000182</ele>
        <time>2019-02-17T16:25:38Z</time>
      </trkpt>
      <trkpt lat="4.707927089184523" lon="-75.492920335382223">
        <ele>2445.960000000000036</ele>
        <time>2019-02-17T16:25:35Z</time>
      </trkpt>
      <trkpt lat="4.707895237952471" lon="-75.493027959018946">
        <ele>2445.820000000000164</ele>
        <time>2019-02-17T16:21:45Z</time>
      </trkpt>
      <trkpt lat="4.707831367850304" lon="-75.492922095581889">
        <ele>2446.039999999999964</ele>
        <time>2019-02-17T16:19:59Z</time>
      </trkpt>
      <trkpt lat="4.707785015925765" lon="-75.492904828861356">
        <ele>2445.900000000000091</ele>
        <time>2019-02-17T16:19:05Z</time>
      </trkpt>
      <trkpt lat="4.70776573754847" lon="-75.492905331775546">
        <ele>2446.230000000000018</ele>
        <time>2019-02-17T16:18:37Z</time>
      </trkpt>
      <trkpt lat="4.707749644294381" lon="-75.492923771962523">
        <ele>2446.2800000000002</ele>
        <time>2019-02-17T16:18:22Z</time>
      </trkpt>
      <trkpt lat="4.707818543538451" lon="-75.492904745042324">
        <ele>2446.139999999999873</ele>
        <time>2019-02-17T16:17:47Z</time>
      </trkpt>
      <trkpt lat="4.707837905734777" lon="-75.492844227701426">
        <ele>2446.409999999999854</ele>
        <time>2019-02-17T16:17:17Z</time>
      </trkpt>
      <trkpt lat="4.707866068929434" lon="-75.492819249629974">
        <ele>2445.760000000000218</ele>
        <time>2019-02-17T16:16:48Z</time>
      </trkpt>
      <trkpt lat="4.70787419937551" lon="-75.492827882990241">
        <ele>2446.059999999999945</ele>
        <time>2019-02-17T16:16:18Z</time>
      </trkpt>
      <trkpt lat="4.707903452217579" lon="-75.492824530228972">
        <ele>2446.079999999999927</ele>
        <time>2019-02-17T16:15:59Z</time>
      </trkpt>
      <trkpt lat="4.707940751686692" lon="-75.49287180416286">
        <ele>2445.510000000000218</ele>
        <time>2019-02-17T16:15:47Z</time>
      </trkpt>
      <trkpt lat="4.708028342574835" lon="-75.492929136380553">
        <ele>2445.300000000000182</ele>
        <time>2019-02-17T16:15:37Z</time>
      </trkpt>
      <trkpt lat="4.708038065582514" lon="-75.492933243513107">
        <ele>2445.239999999999782</ele>
        <time>2019-02-17T16:15:36Z</time>
      </trkpt>
      <trkpt lat="4.70821475610137" lon="-75.49304916523397">
        <ele>2445.130000000000109</ele>
        <time>2019-02-17T16:15:18Z</time>
      </trkpt>
      <trkpt lat="4.708351548761129" lon="-75.493133822456002">
        <ele>2445.199999999999818</ele>
        <time>2019-02-17T16:15:01Z</time>
      </trkpt>
      <trkpt lat="4.708388932049274" lon="-75.493164416402578">
        <ele>2445.309999999999945</ele>
        <time>2019-02-17T16:14:57Z</time>
      </trkpt>
      <trkpt lat="4.708407036960125" lon="-75.493178581818938">
        <ele>2445.119999999999891</ele>
        <time>2019-02-17T16:14:52Z</time>
      </trkpt>
      <trkpt lat="4.708404103294015" lon="-75.493131140246987">
        <ele>2445.369999999999891</ele>
        <time>2019-02-17T16:14:26Z</time>
      </trkpt>
      <trkpt lat="4.708404019474983" lon="-75.493239182978868">
        <ele>2445.269999999999982</ele>
        <time>2019-02-17T16:14:10Z</time>
      </trkpt>
      <trkpt lat="4.708397062495351" lon="-75.493314368650317">
        <ele>2445.050000000000182</ele>
        <time>2019-02-17T16:14:03Z</time>
      </trkpt>
      <trkpt lat="4.708302011713386" lon="-75.493468595668674">
        <ele>2443.119999999999891</ele>
        <time>2019-02-17T16:13:45Z</time>
      </trkpt>
      <trkpt lat="4.708290360867977" lon="-75.493486532941461">
        <ele>2442.650000000000091</ele>
        <time>2019-02-17T16:13:16Z</time>
      </trkpt>
      <trkpt lat="4.708309303969145" lon="-75.493551325052977">
        <ele>2442.369999999999891</ele>
        <time>2019-02-17T16:12:56Z</time>
      </trkpt>
      <trkpt lat="4.70828072167933" lon="-75.493665989488363">
        <ele>2441.320000000000164</ele>
        <time>2019-02-17T16:12:42Z</time>
      </trkpt>
      <trkpt lat="4.708269238471985" lon="-75.493682250380516">
        <ele>2441.170000000000073</ele>
        <time>2019-02-17T16:12:40Z</time>
      </trkpt>
      <trkpt lat="4.70822649076581" lon="-75.493819294497371">
        <ele>2440.179999999999836</ele>
        <time>2019-02-17T16:12:24Z</time>
      </trkpt>
      <trkpt lat="4.708147281780839" lon="-75.494057675823569">
        <ele>2439.110000000000127</ele>
        <time>2019-02-17T16:12:02Z</time>
      </trkpt>
      <trkpt lat="4.708076454699039" lon="-75.494235455989838">
        <ele>2438.380000000000109</ele>
        <time>2019-02-17T16:11:39Z</time>
      </trkpt>
      <trkpt lat="4.708016691729426" lon="-75.494383983314037">
        <ele>2437</ele>
        <time>2019-02-17T16:11:23Z</time>
      </trkpt>
      <trkpt lat="4.707963718101382" lon="-75.494496384635568">
        <ele>2435.510000000000218</ele>
        <time>2019-02-17T16:11:08Z</time>
      </trkpt>
      <trkpt lat="4.707840755581856" lon="-75.494641223922372">
        <ele>2434.199999999999818</ele>
        <time>2019-02-17T16:10:48Z</time>
      </trkpt>
      <trkpt lat="4.7078488022089" lon="-75.494787488132715">
        <ele>2433.559999999999945</ele>
        <time>2019-02-17T16:10:29Z</time>
      </trkpt>
      <trkpt lat="4.707888532429934" lon="-75.494920089840889">
        <ele>2432.610000000000127</ele>
        <time>2019-02-17T16:10:15Z</time>
      </trkpt>
      <trkpt lat="4.707881407812238" lon="-75.494965687394142">
        <ele>2432.019999999999982</ele>
        <time>2019-02-17T16:10:08Z</time>
      </trkpt>
      <trkpt lat="4.707858106121421" lon="-75.495017739012837">
        <ele>2431.639999999999873</ele>
        <time>2019-02-17T16:10:03Z</time>
      </trkpt>
      <trkpt lat="4.707765486091375" lon="-75.495156710967422">
        <ele>2430.9699999999998</ele>
        <time>2019-02-17T16:09:50Z</time>
      </trkpt>
      <trkpt lat="4.707617294043303" lon="-75.495370365679264">
        <ele>2429.170000000000073</ele>
        <time>2019-02-17T16:09:32Z</time>
      </trkpt>
      <trkpt lat="4.707574211061001" lon="-75.495413700118661">
        <ele>2428.699999999999818</ele>
        <time>2019-02-17T16:09:27Z</time>
      </trkpt>
      <trkpt lat="4.707566499710083" lon="-75.495424093678594">
        <ele>2428.440000000000055</ele>
        <time>2019-02-17T16:09:26Z</time>
      </trkpt>
      <trkpt lat="4.707505898550153" lon="-75.495515121147037">
        <ele>2427.650000000000091</ele>
        <time>2019-02-17T16:09:15Z</time>
      </trkpt>
      <trkpt lat="4.707412607967854" lon="-75.495690973475575">
        <ele>2426.5300000000002</ele>
        <time>2019-02-17T16:08:55Z</time>
      </trkpt>
      <trkpt lat="4.70734010450542" lon="-75.495825251564384">
        <ele>2425.360000000000127</ele>
        <time>2019-02-17T16:08:39Z</time>
      </trkpt>
      <trkpt lat="4.707276318222284" lon="-75.495983166620135">
        <ele>2424.440000000000055</ele>
        <time>2019-02-17T16:08:20Z</time>
      </trkpt>
      <trkpt lat="4.707240862771869" lon="-75.496033793315291">
        <ele>2424.230000000000018</ele>
        <time>2019-02-17T16:08:14Z</time>
      </trkpt>
      <trkpt lat="4.707130305469036" lon="-75.496186343953013">
        <ele>2422.539999999999964</ele>
        <time>2019-02-17T16:07:56Z</time>
      </trkpt>
      <trkpt lat="4.706993428990245" lon="-75.496371751651168">
        <ele>2420.5300000000002</ele>
        <time>2019-02-17T16:07:36Z</time>
      </trkpt>
      <trkpt lat="4.706962583586574" lon="-75.496439728885889">
        <ele>2419.610000000000127</ele>
        <time>2019-02-17T16:07:29Z</time>
      </trkpt>
      <trkpt lat="4.706840291619301" lon="-75.496603511273861">
        <ele>2417.900000000000091</ele>
        <time>2019-02-17T16:07:07Z</time>
      </trkpt>
      <trkpt lat="4.706855211406946" lon="-75.49671683460474">
        <ele>2416.849999999999909</ele>
        <time>2019-02-17T16:06:48Z</time>
      </trkpt>
      <trkpt lat="4.706897707656026" lon="-75.496853375807405">
        <ele>2415.579999999999927</ele>
        <time>2019-02-17T16:06:29Z</time>
      </trkpt>
      <trkpt lat="4.706935174763203" lon="-75.496967034414411">
        <ele>2414.539999999999964</ele>
        <time>2019-02-17T16:06:15Z</time>
      </trkpt>
      <trkpt lat="4.706984963268042" lon="-75.497005088254809">
        <ele>2414.320000000000164</ele>
        <time>2019-02-17T16:06:09Z</time>
      </trkpt>
      <trkpt lat="4.707052269950509" lon="-75.49704615958035">
        <ele>2413.579999999999927</ele>
        <time>2019-02-17T16:06:03Z</time>
      </trkpt>
      <trkpt lat="4.707112116739154" lon="-75.497081615030766">
        <ele>2412.590000000000146</ele>
        <time>2019-02-17T16:05:55Z</time>
      </trkpt>
      <trkpt lat="4.707213789224625" lon="-75.497071808204055">
        <ele>2409.550000000000182</ele>
        <time>2019-02-17T16:05:39Z</time>
      </trkpt>
      <trkpt lat="4.707173388451338" lon="-75.497143724933267">
        <ele>2408.760000000000218</ele>
        <time>2019-02-17T16:05:27Z</time>
      </trkpt>
      <trkpt lat="4.707313533872366" lon="-75.497219748795033">
        <ele>2410.2800000000002</ele>
        <time>2019-02-17T16:05:09Z</time>
      </trkpt>
      <trkpt lat="4.707370530813932" lon="-75.497230729088187">
        <ele>2412</ele>
        <time>2019-02-17T16:04:51Z</time>
      </trkpt>
      <trkpt lat="4.707373296841979" lon="-75.497264927253127">
        <ele>2411.809999999999945</ele>
        <time>2019-02-17T16:04:04Z</time>
      </trkpt>
      <trkpt lat="4.707275228574872" lon="-75.497263669967651">
        <ele>2410.019999999999982</ele>
        <time>2019-02-17T16:03:45Z</time>
      </trkpt>
      <trkpt lat="4.707316551357508" lon="-75.497290156781673">
        <ele>2411.610000000000127</ele>
        <time>2019-02-17T16:03:33Z</time>
      </trkpt>
      <trkpt lat="4.707395508885384" lon="-75.497397780418396">
        <ele>2412.090000000000146</ele>
        <time>2019-02-17T16:03:20Z</time>
      </trkpt>
      <trkpt lat="4.707413529977202" lon="-75.497425021603703">
        <ele>2412.130000000000109</ele>
        <time>2019-02-17T16:03:17Z</time>
      </trkpt>
      <trkpt lat="4.707421492785215" lon="-75.497427452355623">
        <ele>2411.989999999999782</ele>
        <time>2019-02-17T16:03:16Z</time>
      </trkpt>
      <trkpt lat="4.707491230219603" lon="-75.497439606115222">
        <ele>2411.860000000000127</ele>
        <time>2019-02-17T16:02:50Z</time>
      </trkpt>
      <trkpt lat="4.707497349008918" lon="-75.49749861471355">
        <ele>2410.889999999999873</ele>
        <time>2019-02-17T16:02:31Z</time>
      </trkpt>
      <trkpt lat="4.707491230219603" lon="-75.497511439025402">
        <ele>2410.769999999999982</ele>
        <time>2019-02-17T16:02:30Z</time>
      </trkpt>
      <trkpt lat="4.707343792542815" lon="-75.497679077088833">
        <ele>2409.710000000000036</ele>
        <time>2019-02-17T16:02:11Z</time>
      </trkpt>
      <trkpt lat="4.707296770066023" lon="-75.497828526422381">
        <ele>2409</ele>
        <time>2019-02-17T16:02:00Z</time>
      </trkpt>
      <trkpt lat="4.70728293992579" lon="-75.497979903593659">
        <ele>2408.809999999999945</ele>
        <time>2019-02-17T16:01:50Z</time>
      </trkpt>
      <trkpt lat="4.707240695133805" lon="-75.498111918568611">
        <ele>2408.329999999999927</ele>
        <time>2019-02-17T16:01:41Z</time>
      </trkpt>
      <trkpt lat="4.707238348200917" lon="-75.498140249401331">
        <ele>2408.059999999999945</ele>
        <time>2019-02-17T16:01:38Z</time>
      </trkpt>
      <trkpt lat="4.707197779789567" lon="-75.498274024575949">
        <ele>2407.090000000000146</ele>
        <time>2019-02-17T16:01:21Z</time>
      </trkpt>
      <trkpt lat="4.707210017368197" lon="-75.498406877741218">
        <ele>2404.929999999999836</ele>
        <time>2019-02-17T16:01:04Z</time>
      </trkpt>
      <trkpt lat="4.707145728170872" lon="-75.498519111424685">
        <ele>2403.960000000000036</ele>
        <time>2019-02-17T16:00:43Z</time>
      </trkpt>
      <trkpt lat="4.707101806998253" lon="-75.498576611280441">
        <ele>2404.070000000000164</ele>
        <time>2019-02-17T16:00:27Z</time>
      </trkpt>
      <trkpt lat="4.707067273557186" lon="-75.498644756153226">
        <ele>2403.199999999999818</ele>
        <time>2019-02-17T16:00:16Z</time>
      </trkpt>
      <trkpt lat="4.7070303093642" lon="-75.498663866892457">
        <ele>2402.610000000000127</ele>
        <time>2019-02-17T16:00:12Z</time>
      </trkpt>
      <trkpt lat="4.707014132291079" lon="-75.498706614598632">
        <ele>2402.340000000000146</ele>
        <time>2019-02-17T16:00:08Z</time>
      </trkpt>
      <trkpt lat="4.707014299929142" lon="-75.498717678710818">
        <ele>2402.400000000000091</ele>
        <time>2019-02-17T16:00:07Z</time>
      </trkpt>
      <trkpt lat="4.706993093714118" lon="-75.498903170228004">
        <ele>2401.119999999999891</ele>
        <time>2019-02-17T15:59:51Z</time>
      </trkpt>
      <trkpt lat="4.706951435655355" lon="-75.499026468023658">
        <ele>2399.650000000000091</ele>
        <time>2019-02-17T15:59:41Z</time>
      </trkpt>
      <trkpt lat="4.706946909427643" lon="-75.499072903767228">
        <ele>2399.099999999999909</ele>
        <time>2019-02-17T15:59:36Z</time>
      </trkpt>
      <trkpt lat="4.706931654363871" lon="-75.499111041426659">
        <ele>2398.949999999999818</ele>
        <time>2019-02-17T15:59:32Z</time>
      </trkpt>
      <trkpt lat="4.706905754283071" lon="-75.499157896265388">
        <ele>2398.349999999999909</ele>
        <time>2019-02-17T15:59:27Z</time>
      </trkpt>
      <trkpt lat="4.70684171654284" lon="-75.499248756095767">
        <ele>2397.809999999999945</ele>
        <time>2019-02-17T15:59:13Z</time>
      </trkpt>
      <trkpt lat="4.706765273585916" lon="-75.499375406652689">
        <ele>2396.429999999999836</ele>
        <time>2019-02-17T15:58:54Z</time>
      </trkpt>
      <trkpt lat="4.70676351338625" lon="-75.499495435506105">
        <ele>2394.659999999999854</ele>
        <time>2019-02-17T15:58:38Z</time>
      </trkpt>
      <trkpt lat="4.706748174503446" lon="-75.499636922031641">
        <ele>2393.010000000000218</ele>
        <time>2019-02-17T15:58:19Z</time>
      </trkpt>
      <trkpt lat="4.706742642447352" lon="-75.499728703871369">
        <ele>2392.139999999999873</ele>
        <time>2019-02-17T15:58:06Z</time>
      </trkpt>
      <trkpt lat="4.706793520599604" lon="-75.499806487932801">
        <ele>2391.360000000000127</ele>
        <time>2019-02-17T15:57:55Z</time>
      </trkpt>
      <trkpt lat="4.706781366840005" lon="-75.499911345541477">
        <ele>2389.340000000000146</ele>
        <time>2019-02-17T15:57:41Z</time>
      </trkpt>
      <trkpt lat="4.706775080412626" lon="-75.499938754364848">
        <ele>2388.699999999999818</ele>
        <time>2019-02-17T15:57:38Z</time>
      </trkpt>
      <trkpt lat="4.706726213917136" lon="-75.499999858438969">
        <ele>2388.289999999999964</ele>
        <time>2019-02-17T15:57:31Z</time>
      </trkpt>
      <trkpt lat="4.706712802872062" lon="-75.500031793490052">
        <ele>2388.2800000000002</ele>
        <time>2019-02-17T15:57:28Z</time>
      </trkpt>
      <trkpt lat="4.706726465374231" lon="-75.500113600865006">
        <ele>2388.409999999999854</ele>
        <time>2019-02-17T15:57:20Z</time>
      </trkpt>
      <trkpt lat="4.706723196431994" lon="-75.500142686069012">
        <ele>2387.929999999999836</ele>
        <time>2019-02-17T15:57:17Z</time>
      </trkpt>
      <trkpt lat="4.706701403483748" lon="-75.500239161774516">
        <ele>2387.210000000000036</ele>
        <time>2019-02-17T15:57:07Z</time>
      </trkpt>
      <trkpt lat="4.706652956083417" lon="-75.500402441248298">
        <ele>2385.889999999999873</ele>
        <time>2019-02-17T15:56:51Z</time>
      </trkpt>
      <trkpt lat="4.706642227247357" lon="-75.500424820929766">
        <ele>2385.699999999999818</ele>
        <time>2019-02-17T15:56:49Z</time>
      </trkpt>
      <trkpt lat="4.706605011597276" lon="-75.500608384609222">
        <ele>2385.4699999999998</ele>
        <time>2019-02-17T15:56:34Z</time>
      </trkpt>
      <trkpt lat="4.706610040739179" lon="-75.500723216682673">
        <ele>2384.739999999999782</ele>
        <time>2019-02-17T15:56:24Z</time>
      </trkpt>
      <trkpt lat="4.706614064052701" lon="-75.500804772600532">
        <ele>2384.550000000000182</ele>
        <time>2019-02-17T15:56:17Z</time>
      </trkpt>
      <trkpt lat="4.706625379621983" lon="-75.50083888694644">
        <ele>2384.869999999999891</ele>
        <time>2019-02-17T15:56:14Z</time>
      </trkpt>
      <trkpt lat="4.706629905849695" lon="-75.500963693484664">
        <ele>2383.710000000000036</ele>
        <time>2019-02-17T15:55:59Z</time>
      </trkpt>
      <trkpt lat="4.706601155921817" lon="-75.501104928553104">
        <ele>2381.9699999999998</ele>
        <time>2019-02-17T15:55:43Z</time>
      </trkpt>
      <trkpt lat="4.706588918343186" lon="-75.501146921887994">
        <ele>2381.639999999999873</ele>
        <time>2019-02-17T15:55:39Z</time>
      </trkpt>
      <trkpt lat="4.706570478156209" lon="-75.501235937699676">
        <ele>2380.980000000000018</ele>
        <time>2019-02-17T15:55:29Z</time>
      </trkpt>
      <trkpt lat="4.706542566418648" lon="-75.501374239102006">
        <ele>2379.699999999999818</ele>
        <time>2019-02-17T15:55:15Z</time>
      </trkpt>
      <trkpt lat="4.706491269171238" lon="-75.501494351774454">
        <ele>2378.389999999999873</ele>
        <time>2019-02-17T15:55:02Z</time>
      </trkpt>
      <trkpt lat="4.706460926681757" lon="-75.501599879935384">
        <ele>2377.289999999999964</ele>
        <time>2019-02-17T15:54:51Z</time>
      </trkpt>
      <trkpt lat="4.706470565870404" lon="-75.501734660938382">
        <ele>2376.630000000000109</ele>
        <time>2019-02-17T15:54:39Z</time>
      </trkpt>
      <trkpt lat="4.706475427374244" lon="-75.501811439171433">
        <ele>2376.159999999999854</ele>
        <time>2019-02-17T15:54:32Z</time>
      </trkpt>
      <trkpt lat="4.706469476222992" lon="-75.501872543245554">
        <ele>2375.849999999999909</ele>
        <time>2019-02-17T15:54:26Z</time>
      </trkpt>
      <trkpt lat="4.706518175080419" lon="-75.501933814957738">
        <ele>2375.199999999999818</ele>
        <time>2019-02-17T15:54:17Z</time>
      </trkpt>
      <trkpt lat="4.706542817875743" lon="-75.501974048092961">
        <ele>2374.960000000000036</ele>
        <time>2019-02-17T15:54:12Z</time>
      </trkpt>
      <trkpt lat="4.706554049625993" lon="-75.502107823267579">
        <ele>2373.320000000000164</ele>
        <time>2019-02-17T15:53:59Z</time>
      </trkpt>
      <trkpt lat="4.706553211435676" lon="-75.502238161861897">
        <ele>2372.559999999999945</ele>
        <time>2019-02-17T15:53:46Z</time>
      </trkpt>
      <trkpt lat="4.706600485369563" lon="-75.502370847389102">
        <ele>2370.269999999999982</ele>
        <time>2019-02-17T15:53:33Z</time>
      </trkpt>
      <trkpt lat="4.706628480926156" lon="-75.502441506832838">
        <ele>2369.309999999999945</ele>
        <time>2019-02-17T15:53:25Z</time>
      </trkpt>
      <trkpt lat="4.706654716283083" lon="-75.502576204016805">
        <ele>2368.420000000000073</ele>
        <time>2019-02-17T15:53:13Z</time>
      </trkpt>
      <trkpt lat="4.706698637455702" lon="-75.502638230100274">
        <ele>2368.010000000000218</ele>
        <time>2019-02-17T15:53:07Z</time>
      </trkpt>
      <trkpt lat="4.706723280251026" lon="-75.502716936171055">
        <ele>2367.269999999999982</ele>
        <time>2019-02-17T15:53:00Z</time>
      </trkpt>
      <trkpt lat="4.706738451495767" lon="-75.502743925899267">
        <ele>2367.019999999999982</ele>
        <time>2019-02-17T15:52:57Z</time>
      </trkpt>
      <trkpt lat="4.706737780943513" lon="-75.502789774909616">
        <ele>2366.409999999999854</ele>
        <time>2019-02-17T15:52:53Z</time>
      </trkpt>
      <trkpt lat="4.706761501729488" lon="-75.50285498611629">
        <ele>2365.679999999999836</ele>
        <time>2019-02-17T15:52:46Z</time>
      </trkpt>
      <trkpt lat="4.706769548356533" lon="-75.502989264205098">
        <ele>2364.690000000000055</ele>
        <time>2019-02-17T15:52:31Z</time>
      </trkpt>
      <trkpt lat="4.706735014915466" lon="-75.503162601962686">
        <ele>2363.090000000000146</ele>
        <time>2019-02-17T15:52:15Z</time>
      </trkpt>
      <trkpt lat="4.706689165905118" lon="-75.503359492868185">
        <ele>2361.480000000000018</ele>
        <time>2019-02-17T15:51:56Z</time>
      </trkpt>
      <trkpt lat="4.706636527553201" lon="-75.503424452617764">
        <ele>2361.159999999999854</ele>
        <time>2019-02-17T15:51:47Z</time>
      </trkpt>
      <trkpt lat="4.706588163971901" lon="-75.503560239449143">
        <ele>2360.25</ele>
        <time>2019-02-17T15:51:33Z</time>
      </trkpt>
      <trkpt lat="4.706525132060051" lon="-75.503701893612742">
        <ele>2359.460000000000036</ele>
        <time>2019-02-17T15:51:17Z</time>
      </trkpt>
      <trkpt lat="4.706529742106795" lon="-75.503833573311567">
        <ele>2357.75</ele>
        <time>2019-02-17T15:51:05Z</time>
      </trkpt>
      <trkpt lat="4.706523790955544" lon="-75.50388696603477">
        <ele>2357.739999999999782</ele>
        <time>2019-02-17T15:51:00Z</time>
      </trkpt>
      <trkpt lat="4.706520941108465" lon="-75.503978915512562">
        <ele>2358</ele>
        <time>2019-02-17T15:50:51Z</time>
      </trkpt>
      <trkpt lat="4.706540387123823" lon="-75.50400422886014">
        <ele>2357.960000000000036</ele>
        <time>2019-02-17T15:50:48Z</time>
      </trkpt>
      <trkpt lat="4.706555977463722" lon="-75.504003558307886">
        <ele>2357.909999999999854</ele>
        <time>2019-02-17T15:50:36Z</time>
      </trkpt>
      <trkpt lat="4.706634012982249" lon="-75.50408486276865">
        <ele>2356.2800000000002</ele>
        <time>2019-02-17T15:50:24Z</time>
      </trkpt>
      <trkpt lat="4.706631246954203" lon="-75.504107410088181">
        <ele>2356.309999999999945</ele>
        <time>2019-02-17T15:50:22Z</time>
      </trkpt>
      <trkpt lat="4.706623870879412" lon="-75.504153426736593">
        <ele>2355.860000000000127</ele>
        <time>2019-02-17T15:50:18Z</time>
      </trkpt>
      <trkpt lat="4.706598222255707" lon="-75.50429105758667">
        <ele>2357.840000000000146</ele>
        <time>2019-02-17T15:50:04Z</time>
      </trkpt>
      <trkpt lat="4.706578860059381" lon="-75.50432626157999">
        <ele>2357.480000000000018</ele>
        <time>2019-02-17T15:50:00Z</time>
      </trkpt>
      <trkpt lat="4.70657198689878" lon="-75.504362471401691">
        <ele>2357.409999999999854</ele>
        <time>2019-02-17T15:49:57Z</time>
      </trkpt>
      <trkpt lat="4.70661548897624" lon="-75.504487026482821">
        <ele>2356.699999999999818</ele>
        <time>2019-02-17T15:49:45Z</time>
      </trkpt>
      <trkpt lat="4.70660132355988" lon="-75.504633542150259">
        <ele>2356.760000000000218</ele>
        <time>2019-02-17T15:49:34Z</time>
      </trkpt>
      <trkpt lat="4.706593779847026" lon="-75.504685426130891">
        <ele>2356.659999999999854</ele>
        <time>2019-02-17T15:49:29Z</time>
      </trkpt>
      <trkpt lat="4.706586236134171" lon="-75.504717528820038">
        <ele>2356.550000000000182</ele>
        <time>2019-02-17T15:49:26Z</time>
      </trkpt>
      <trkpt lat="4.706578105688095" lon="-75.504948031157255">
        <ele>2356.929999999999836</ele>
        <time>2019-02-17T15:49:08Z</time>
      </trkpt>
      <trkpt lat="4.706585649400949" lon="-75.504972171038389">
        <ele>2357.039999999999964</ele>
        <time>2019-02-17T15:49:06Z</time>
      </trkpt>
      <trkpt lat="4.706644574180245" lon="-75.505155315622687">
        <ele>2357.510000000000218</ele>
        <time>2019-02-17T15:48:51Z</time>
      </trkpt>
      <trkpt lat="4.706668043509126" lon="-75.505244331434369">
        <ele>2357.239999999999782</ele>
        <time>2019-02-17T15:48:39Z</time>
      </trkpt>
      <trkpt lat="4.706687238067389" lon="-75.505297724157572">
        <ele>2357.130000000000109</ele>
        <time>2019-02-17T15:48:24Z</time>
      </trkpt>
      <trkpt lat="4.706688830628991" lon="-75.505305351689458">
        <ele>2357.440000000000055</ele>
        <time>2019-02-17T15:48:15Z</time>
      </trkpt>
      <trkpt lat="4.706691177561879" lon="-75.505339885130525">
        <ele>2357.010000000000218</ele>
        <time>2019-02-17T15:47:57Z</time>
      </trkpt>
      <trkpt lat="4.706721939146519" lon="-75.505440216511488">
        <ele>2356.699999999999818</ele>
        <time>2019-02-17T15:47:45Z</time>
      </trkpt>
      <trkpt lat="4.706748006865382" lon="-75.505530154332519">
        <ele>2356.429999999999836</ele>
        <time>2019-02-17T15:47:35Z</time>
      </trkpt>
      <trkpt lat="4.706750186160207" lon="-75.505580278113484">
        <ele>2356.820000000000164</ele>
        <time>2019-02-17T15:47:30Z</time>
      </trkpt>
      <trkpt lat="4.706754796206951" lon="-75.505651272833347">
        <ele>2356.699999999999818</ele>
        <time>2019-02-17T15:47:08Z</time>
      </trkpt>
      <trkpt lat="4.706768961623311" lon="-75.505680693313479">
        <ele>2357.5300000000002</ele>
        <time>2019-02-17T15:46:52Z</time>
      </trkpt>
      <trkpt lat="4.706775415688753" lon="-75.505736684426665">
        <ele>2357.2199999999998</ele>
        <time>2019-02-17T15:46:46Z</time>
      </trkpt>
      <trkpt lat="4.70679285004735" lon="-75.505842715501785">
        <ele>2355.679999999999836</ele>
        <time>2019-02-17T15:46:33Z</time>
      </trkpt>
      <trkpt lat="4.706821097061038" lon="-75.505968863144517">
        <ele>2353.949999999999818</ele>
        <time>2019-02-17T15:46:21Z</time>
      </trkpt>
      <trkpt lat="4.706821935251355" lon="-75.506013538688421">
        <ele>2353.769999999999982</ele>
        <time>2019-02-17T15:46:06Z</time>
      </trkpt>
      <trkpt lat="4.706838196143508" lon="-75.506069110706449">
        <ele>2352.880000000000109</ele>
        <time>2019-02-17T15:45:49Z</time>
      </trkpt>
      <trkpt lat="4.70685831271112" lon="-75.506096435710788">
        <ele>2352.2800000000002</ele>
        <time>2019-02-17T15:45:28Z</time>
      </trkpt>
      <trkpt lat="4.706920254975557" lon="-75.506191737949848">
        <ele>2351.860000000000127</ele>
        <time>2019-02-17T15:45:13Z</time>
      </trkpt>
      <trkpt lat="4.706933666020632" lon="-75.506263906136155">
        <ele>2351.650000000000091</ele>
        <time>2019-02-17T15:45:06Z</time>
      </trkpt>
      <trkpt lat="4.706961493939161" lon="-75.506297433748841">
        <ele>2351.559999999999945</ele>
        <time>2019-02-17T15:45:02Z</time>
      </trkpt>
      <trkpt lat="4.707001559436321" lon="-75.506403967738152">
        <ele>2351.5300000000002</ele>
        <time>2019-02-17T15:44:52Z</time>
      </trkpt>
      <trkpt lat="4.70701077952981" lon="-75.506427939981222">
        <ele>2351.550000000000182</ele>
        <time>2019-02-17T15:44:50Z</time>
      </trkpt>
      <trkpt lat="4.707032991573215" lon="-75.50646984949708">
        <ele>2351.309999999999945</ele>
        <time>2019-02-17T15:44:46Z</time>
      </trkpt>
      <trkpt lat="4.707044893875718" lon="-75.506505472585559">
        <ele>2351.159999999999854</ele>
        <time>2019-02-17T15:44:42Z</time>
      </trkpt>
      <trkpt lat="4.70708604902029" lon="-75.506653999909759">
        <ele>2350.809999999999945</ele>
        <time>2019-02-17T15:44:28Z</time>
      </trkpt>
      <trkpt lat="4.707112619653344" lon="-75.506750224158168">
        <ele>2350.239999999999782</ele>
        <time>2019-02-17T15:44:18Z</time>
      </trkpt>
      <trkpt lat="4.707127204164863" lon="-75.506784589961171">
        <ele>2350.130000000000109</ele>
        <time>2019-02-17T15:44:14Z</time>
      </trkpt>
      <trkpt lat="4.70714908093214" lon="-75.506909396499395">
        <ele>2349.869999999999891</ele>
        <time>2019-02-17T15:43:57Z</time>
      </trkpt>
      <trkpt lat="4.707203228026628" lon="-75.507030431181192">
        <ele>2348.539999999999964</ele>
        <time>2019-02-17T15:43:43Z</time>
      </trkpt>
      <trkpt lat="4.707229882478714" lon="-75.50711827352643">
        <ele>2347.610000000000127</ele>
        <time>2019-02-17T15:43:36Z</time>
      </trkpt>
      <trkpt lat="4.707252681255341" lon="-75.507155992090702">
        <ele>2347.380000000000109</ele>
        <time>2019-02-17T15:43:32Z</time>
      </trkpt>
      <trkpt lat="4.707262990996242" lon="-75.507289348170161">
        <ele>2346.690000000000055</ele>
        <time>2019-02-17T15:43:17Z</time>
      </trkpt>
      <trkpt lat="4.707341194152832" lon="-75.507418848574162">
        <ele>2345.010000000000218</ele>
        <time>2019-02-17T15:43:01Z</time>
      </trkpt>
      <trkpt lat="4.707356449216604" lon="-75.507483137771487">
        <ele>2343.940000000000055</ele>
        <time>2019-02-17T15:42:48Z</time>
      </trkpt>
      <trkpt lat="4.707362316548824" lon="-75.507509876042604">
        <ele>2344.170000000000073</ele>
        <time>2019-02-17T15:42:33Z</time>
      </trkpt>
      <trkpt lat="4.707404980435967" lon="-75.507589587941766">
        <ele>2343.0300000000002</ele>
        <time>2019-02-17T15:42:22Z</time>
      </trkpt>
      <trkpt lat="4.707495756447315" lon="-75.50780382938683">
        <ele>2340.460000000000036</ele>
        <time>2019-02-17T15:41:58Z</time>
      </trkpt>
      <trkpt lat="4.707510424777865" lon="-75.507845319807529">
        <ele>2340</ele>
        <time>2019-02-17T15:41:54Z</time>
      </trkpt>
      <trkpt lat="4.707551412284374" lon="-75.507977334782481">
        <ele>2337.889999999999873</ele>
        <time>2019-02-17T15:41:39Z</time>
      </trkpt>
      <trkpt lat="4.707567421719432" lon="-75.50799778662622">
        <ele>2337.809999999999945</ele>
        <time>2019-02-17T15:41:37Z</time>
      </trkpt>
      <trkpt lat="4.707562979310751" lon="-75.508064506575465">
        <ele>2337.269999999999982</ele>
        <time>2019-02-17T15:41:17Z</time>
      </trkpt>
      <trkpt lat="4.707557363435626" lon="-75.508083198219538">
        <ele>2337.389999999999873</ele>
        <time>2019-02-17T15:40:52Z</time>
      </trkpt>
      <trkpt lat="4.707573540508747" lon="-75.508065680041909">
        <ele>2337.860000000000127</ele>
        <time>2019-02-17T15:40:30Z</time>
      </trkpt>
      <trkpt lat="4.707570355385542" lon="-75.508064590394497">
        <ele>2337.190000000000055</ele>
        <time>2019-02-17T15:39:56Z</time>
      </trkpt>
      <trkpt lat="4.707579575479031" lon="-75.508069451898336">
        <ele>2337.269999999999982</ele>
        <time>2019-02-17T15:39:43Z</time>
      </trkpt>
      <trkpt lat="4.707590639591217" lon="-75.508105745539069">
        <ele>2336.889999999999873</ele>
        <time>2019-02-17T15:39:40Z</time>
      </trkpt>
      <trkpt lat="4.707596339285374" lon="-75.508127622306347">
        <ele>2336.690000000000055</ele>
        <time>2019-02-17T15:39:20Z</time>
      </trkpt>
      <trkpt lat="4.707562308758497" lon="-75.508114630356431">
        <ele>2337.099999999999909</ele>
        <time>2019-02-17T15:38:59Z</time>
      </trkpt>
      <trkpt lat="4.707585358992219" lon="-75.508107002824545">
        <ele>2336.869999999999891</ele>
        <time>2019-02-17T15:38:38Z</time>
      </trkpt>
      <trkpt lat="4.70760203897953" lon="-75.508152013644576">
        <ele>2336.940000000000055</ele>
        <time>2019-02-17T15:38:23Z</time>
      </trkpt>
      <trkpt lat="4.707604385912418" lon="-75.508171040564775">
        <ele>2336.909999999999854</ele>
        <time>2019-02-17T15:38:21Z</time>
      </trkpt>
      <trkpt lat="4.707628861069679" lon="-75.508250081911683">
        <ele>2336.820000000000164</ele>
        <time>2019-02-17T15:38:11Z</time>
      </trkpt>
      <trkpt lat="4.707677979022264" lon="-75.508339768275619">
        <ele>2335.800000000000182</ele>
        <time>2019-02-17T15:37:58Z</time>
      </trkpt>
      <trkpt lat="4.707744782790542" lon="-75.50843657925725">
        <ele>2335.170000000000073</ele>
        <time>2019-02-17T15:37:47Z</time>
      </trkpt>
      <trkpt lat="4.707774957641959" lon="-75.508507573977113">
        <ele>2335.179999999999836</ele>
        <time>2019-02-17T15:37:40Z</time>
      </trkpt>
      <trkpt lat="4.707881491631269" lon="-75.508647300302982">
        <ele>2334.289999999999964</ele>
        <time>2019-02-17T15:37:24Z</time>
      </trkpt>
      <trkpt lat="4.70789473503828" lon="-75.508672362193465">
        <ele>2334.369999999999891</ele>
        <time>2019-02-17T15:37:21Z</time>
      </trkpt>
      <trkpt lat="4.707954665645957" lon="-75.508827092126012">
        <ele>2332.860000000000127</ele>
        <time>2019-02-17T15:37:04Z</time>
      </trkpt>
      <trkpt lat="4.70796849578619" lon="-75.508863134309649">
        <ele>2332.7199999999998</ele>
        <time>2019-02-17T15:37:00Z</time>
      </trkpt>
      <trkpt lat="4.707994228228927" lon="-75.508910240605474">
        <ele>2332.679999999999836</ele>
        <time>2019-02-17T15:36:54Z</time>
      </trkpt>
      <trkpt lat="4.708066061139107" lon="-75.509045859798789">
        <ele>2331.190000000000055</ele>
        <time>2019-02-17T15:36:39Z</time>
      </trkpt>
      <trkpt lat="4.708120124414563" lon="-75.509188352152705">
        <ele>2328.769999999999982</ele>
        <time>2019-02-17T15:36:19Z</time>
      </trkpt>
      <trkpt lat="4.708142001181841" lon="-75.509223137050867">
        <ele>2328.599999999999909</ele>
        <time>2019-02-17T15:36:16Z</time>
      </trkpt>
      <trkpt lat="4.708156837150455" lon="-75.509287593886256">
        <ele>2327.980000000000018</ele>
        <time>2019-02-17T15:36:06Z</time>
      </trkpt>
      <trkpt lat="4.708264460787177" lon="-75.509399911388755">
        <ele>2326.309999999999945</ele>
        <time>2019-02-17T15:35:45Z</time>
      </trkpt>
      <trkpt lat="4.708315841853619" lon="-75.509603256359696">
        <ele>2324.760000000000218</ele>
        <time>2019-02-17T15:35:23Z</time>
      </trkpt>
      <trkpt lat="4.708383232355118" lon="-75.509753543883562">
        <ele>2323.690000000000055</ele>
        <time>2019-02-17T15:35:05Z</time>
      </trkpt>
      <trkpt lat="4.708435870707035" lon="-75.509849432855844">
        <ele>2322.630000000000109</ele>
        <time>2019-02-17T15:34:53Z</time>
      </trkpt>
      <trkpt lat="4.708485659211874" lon="-75.509948339313269">
        <ele>2322.0300000000002</ele>
        <time>2019-02-17T15:34:39Z</time>
      </trkpt>
      <trkpt lat="4.708511224016547" lon="-75.51005051471293">
        <ele>2321.289999999999964</ele>
        <time>2019-02-17T15:34:28Z</time>
      </trkpt>
      <trkpt lat="4.708532262593508" lon="-75.510133411735296">
        <ele>2320.820000000000164</ele>
        <time>2019-02-17T15:34:20Z</time>
      </trkpt>
      <trkpt lat="4.708538968116045" lon="-75.510241119191051">
        <ele>2319.679999999999836</ele>
        <time>2019-02-17T15:34:07Z</time>
      </trkpt>
      <trkpt lat="4.708554139360785" lon="-75.51030607894063">
        <ele>2319.199999999999818</ele>
        <time>2019-02-17T15:34:01Z</time>
      </trkpt>
      <trkpt lat="4.708569813519716" lon="-75.510440692305565">
        <ele>2318.230000000000018</ele>
        <time>2019-02-17T15:33:47Z</time>
      </trkpt>
      <trkpt lat="4.708603257313371" lon="-75.510541442781687">
        <ele>2317.539999999999964</ele>
        <time>2019-02-17T15:33:38Z</time>
      </trkpt>
      <trkpt lat="4.708611890673637" lon="-75.510682091116905">
        <ele>2315.800000000000182</ele>
        <time>2019-02-17T15:33:23Z</time>
      </trkpt>
      <trkpt lat="4.708629241213202" lon="-75.510727604851127">
        <ele>2315.150000000000091</ele>
        <time>2019-02-17T15:33:18Z</time>
      </trkpt>
      <trkpt lat="4.708626391366124" lon="-75.510749649256468">
        <ele>2314.909999999999854</ele>
        <time>2019-02-17T15:33:16Z</time>
      </trkpt>
      <trkpt lat="4.708619602024555" lon="-75.510792480781674">
        <ele>2314.380000000000109</ele>
        <time>2019-02-17T15:33:12Z</time>
      </trkpt>
      <trkpt lat="4.708610130473971" lon="-75.510854590684175">
        <ele>2313.2199999999998</ele>
        <time>2019-02-17T15:33:03Z</time>
      </trkpt>
      <trkpt lat="4.708633683621883" lon="-75.511019714176655">
        <ele>2310.860000000000127</ele>
        <time>2019-02-17T15:32:46Z</time>
      </trkpt>
      <trkpt lat="4.708615494892001" lon="-75.511082746088505">
        <ele>2310.320000000000164</ele>
        <time>2019-02-17T15:32:39Z</time>
      </trkpt>
      <trkpt lat="4.708605101332068" lon="-75.511191878467798">
        <ele>2309.260000000000218</ele>
        <time>2019-02-17T15:32:27Z</time>
      </trkpt>
      <trkpt lat="4.708689423277974" lon="-75.5113092251122">
        <ele>2306.5</ele>
        <time>2019-02-17T15:32:09Z</time>
      </trkpt>
      <trkpt lat="4.708735523745418" lon="-75.511375609785318">
        <ele>2305.519999999999982</ele>
        <time>2019-02-17T15:32:00Z</time>
      </trkpt>
      <trkpt lat="4.708734266459942" lon="-75.511441910639405">
        <ele>2304.550000000000182</ele>
        <time>2019-02-17T15:31:51Z</time>
      </trkpt>
      <trkpt lat="4.708733009174466" lon="-75.511504020541906">
        <ele>2304.159999999999854</ele>
        <time>2019-02-17T15:31:45Z</time>
      </trkpt>
      <trkpt lat="4.708751700818539" lon="-75.511588007211685">
        <ele>2303.590000000000146</ele>
        <time>2019-02-17T15:31:34Z</time>
      </trkpt>
      <trkpt lat="4.708824204280972" lon="-75.511723207309842">
        <ele>2303.110000000000127</ele>
        <time>2019-02-17T15:31:16Z</time>
      </trkpt>
      <trkpt lat="4.708878016099334" lon="-75.511776516214013">
        <ele>2303.210000000000036</ele>
        <time>2019-02-17T15:31:07Z</time>
      </trkpt>
      <trkpt lat="4.708951357752085" lon="-75.511918924748898">
        <ele>2302.349999999999909</ele>
        <time>2019-02-17T15:30:52Z</time>
      </trkpt>
      <trkpt lat="4.708941299468279" lon="-75.512111289426684">
        <ele>2300.949999999999818</ele>
        <time>2019-02-17T15:30:34Z</time>
      </trkpt>
      <trkpt lat="4.708950771018863" lon="-75.512159736827016">
        <ele>2300.809999999999945</ele>
        <time>2019-02-17T15:30:29Z</time>
      </trkpt>
      <trkpt lat="4.708950938656926" lon="-75.512357633560896">
        <ele>2300.510000000000218</ele>
        <time>2019-02-17T15:30:08Z</time>
      </trkpt>
      <trkpt lat="4.708954123780131" lon="-75.512432483956218">
        <ele>2299.809999999999945</ele>
        <time>2019-02-17T15:29:59Z</time>
      </trkpt>
      <trkpt lat="4.708914896473289" lon="-75.51247120834887">
        <ele>2298.9699999999998</ele>
        <time>2019-02-17T15:29:50Z</time>
      </trkpt>
      <trkpt lat="4.708929229527712" lon="-75.512445475906134">
        <ele>2298.849999999999909</ele>
        <time>2019-02-17T15:29:23Z</time>
      </trkpt>
      <trkpt lat="4.708938784897327" lon="-75.512500880286098">
        <ele>2298.360000000000127</ele>
        <time>2019-02-17T15:29:10Z</time>
      </trkpt>
      <trkpt lat="4.708919506520033" lon="-75.512577658519149">
        <ele>2297.5300000000002</ele>
        <time>2019-02-17T15:29:02Z</time>
      </trkpt>
      <trkpt lat="4.708940209820867" lon="-75.512680336833">
        <ele>2296.159999999999854</ele>
        <time>2019-02-17T15:28:50Z</time>
      </trkpt>
      <trkpt lat="4.70892864279449" lon="-75.512710344046354">
        <ele>2295.590000000000146</ele>
        <time>2019-02-17T15:28:46Z</time>
      </trkpt>
      <trkpt lat="4.70890031196177" lon="-75.512795923277736">
        <ele>2294.570000000000164</ele>
        <time>2019-02-17T15:28:30Z</time>
      </trkpt>
      <trkpt lat="4.708930822089314" lon="-75.512850489467382">
        <ele>2294.099999999999909</ele>
        <time>2019-02-17T15:28:21Z</time>
      </trkpt>
      <trkpt lat="4.70890324562788" lon="-75.513003543019295">
        <ele>2295.699999999999818</ele>
        <time>2019-02-17T15:28:03Z</time>
      </trkpt>
      <trkpt lat="4.708895869553089" lon="-75.513026928529143">
        <ele>2296.599999999999909</ele>
        <time>2019-02-17T15:28:00Z</time>
      </trkpt>
      <trkpt lat="4.708870556205511" lon="-75.513131115585566">
        <ele>2297.0300000000002</ele>
        <time>2019-02-17T15:27:43Z</time>
      </trkpt>
      <trkpt lat="4.708839878439903" lon="-75.513181490823627">
        <ele>2296.460000000000036</ele>
        <time>2019-02-17T15:27:31Z</time>
      </trkpt>
      <trkpt lat="4.708891846239567" lon="-75.513228680938482">
        <ele>2296.389999999999873</ele>
        <time>2019-02-17T15:27:14Z</time>
      </trkpt>
      <trkpt lat="4.708869382739067" lon="-75.51317679695785">
        <ele>2296.25</ele>
        <time>2019-02-17T15:26:57Z</time>
      </trkpt>
      <trkpt lat="4.708829065784812" lon="-75.513231530785561">
        <ele>2295.699999999999818</ele>
        <time>2019-02-17T15:26:47Z</time>
      </trkpt>
      <trkpt lat="4.708786401897669" lon="-75.51324519328773">
        <ele>2295.710000000000036</ele>
        <time>2019-02-17T15:26:39Z</time>
      </trkpt>
      <trkpt lat="4.708776343613863" lon="-75.513247372582555">
        <ele>2295.730000000000018</ele>
        <time>2019-02-17T15:26:35Z</time>
      </trkpt>
      <trkpt lat="4.708800567314029" lon="-75.513254078105092">
        <ele>2295.960000000000036</ele>
        <time>2019-02-17T15:26:11Z</time>
      </trkpt>
      <trkpt lat="4.708800483494997" lon="-75.513272769749165">
        <ele>2295.579999999999927</ele>
        <time>2019-02-17T15:26:07Z</time>
      </trkpt>
      <trkpt lat="4.708807859569788" lon="-75.513340411707759">
        <ele>2295.320000000000164</ele>
        <time>2019-02-17T15:26:02Z</time>
      </trkpt>
      <trkpt lat="4.70880794338882" lon="-75.513392798602581">
        <ele>2294.639999999999873</ele>
        <time>2019-02-17T15:25:58Z</time>
      </trkpt>
      <trkpt lat="4.708836944773793" lon="-75.513480054214597">
        <ele>2294.179999999999836</ele>
        <time>2019-02-17T15:25:52Z</time>
      </trkpt>
      <trkpt lat="4.708833424374461" lon="-75.513569824397564">
        <ele>2294.400000000000091</ele>
        <time>2019-02-17T15:25:46Z</time>
      </trkpt>
      <trkpt lat="4.708836441859603" lon="-75.513596897944808">
        <ele>2294.320000000000164</ele>
        <time>2019-02-17T15:25:44Z</time>
      </trkpt>
      <trkpt lat="4.708833508193493" lon="-75.513650542125106">
        <ele>2293.9699999999998</ele>
        <time>2019-02-17T15:25:40Z</time>
      </trkpt>
      <trkpt lat="4.708829568699002" lon="-75.513696223497391">
        <ele>2292.400000000000091</ele>
        <time>2019-02-17T15:25:37Z</time>
      </trkpt>
      <trkpt lat="4.708767374977469" lon="-75.51380611024797">
        <ele>2290.320000000000164</ele>
        <time>2019-02-17T15:25:28Z</time>
      </trkpt>
      <trkpt lat="4.708742899820209" lon="-75.513844331726432">
        <ele>2290.239999999999782</ele>
        <time>2019-02-17T15:25:25Z</time>
      </trkpt>
      <trkpt lat="4.708701996132731" lon="-75.513913063332438">
        <ele>2290.130000000000109</ele>
        <time>2019-02-17T15:25:20Z</time>
      </trkpt>
      <trkpt lat="4.708696883171797" lon="-75.513922702521086">
        <ele>2290.269999999999982</ele>
        <time>2019-02-17T15:25:19Z</time>
      </trkpt>
      <trkpt lat="4.708677269518375" lon="-75.513992607593536">
        <ele>2290.150000000000091</ele>
        <time>2019-02-17T15:25:07Z</time>
      </trkpt>
      <trkpt lat="4.708626559004188" lon="-75.514091849327087">
        <ele>2290.239999999999782</ele>
        <time>2019-02-17T15:24:56Z</time>
      </trkpt>
      <trkpt lat="4.708608286455274" lon="-75.514115486294031">
        <ele>2290.230000000000018</ele>
        <time>2019-02-17T15:24:53Z</time>
      </trkpt>
      <trkpt lat="4.708594707772136" lon="-75.514134177938104">
        <ele>2289.730000000000018</ele>
        <time>2019-02-17T15:24:50Z</time>
      </trkpt>
      <trkpt lat="4.708487335592508" lon="-75.514253284782171">
        <ele>2286.519999999999982</ele>
        <time>2019-02-17T15:24:34Z</time>
      </trkpt>
      <trkpt lat="4.708466464653611" lon="-75.514289746060967">
        <ele>2286.150000000000091</ele>
        <time>2019-02-17T15:24:31Z</time>
      </trkpt>
      <trkpt lat="4.708449114114046" lon="-75.514324950054288">
        <ele>2285.260000000000218</ele>
        <time>2019-02-17T15:24:27Z</time>
      </trkpt>
      <trkpt lat="4.708434864878654" lon="-75.514359315857291">
        <ele>2285.150000000000091</ele>
        <time>2019-02-17T15:24:24Z</time>
      </trkpt>
      <trkpt lat="4.708430841565132" lon="-75.51440566778183">
        <ele>2284.7199999999998</ele>
        <time>2019-02-17T15:24:19Z</time>
      </trkpt>
      <trkpt lat="4.708378287032247" lon="-75.514514213427901">
        <ele>2284.480000000000018</ele>
        <time>2019-02-17T15:24:08Z</time>
      </trkpt>
      <trkpt lat="4.708392284810543" lon="-75.514636756852269">
        <ele>2284.360000000000127</ele>
        <time>2019-02-17T15:23:52Z</time>
      </trkpt>
      <trkpt lat="4.708375269547105" lon="-75.514851082116365">
        <ele>2286.079999999999927</ele>
        <time>2019-02-17T15:23:38Z</time>
      </trkpt>
      <trkpt lat="4.708354733884335" lon="-75.514917466789484">
        <ele>2284.639999999999873</ele>
        <time>2019-02-17T15:23:31Z</time>
      </trkpt>
      <trkpt lat="4.708300586789846" lon="-75.514999525621533">
        <ele>2282.809999999999945</ele>
        <time>2019-02-17T15:23:21Z</time>
      </trkpt>
      <trkpt lat="4.708271250128746" lon="-75.515051912516356">
        <ele>2282.409999999999854</ele>
        <time>2019-02-17T15:23:16Z</time>
      </trkpt>
      <trkpt lat="4.708159016445279" lon="-75.515127182006836">
        <ele>2281.429999999999836</ele>
        <time>2019-02-17T15:23:05Z</time>
      </trkpt>
      <trkpt lat="4.708134206011891" lon="-75.515165319666266">
        <ele>2280.5</ele>
        <time>2019-02-17T15:23:01Z</time>
      </trkpt>
      <trkpt lat="4.708144683390856" lon="-75.515239667147398">
        <ele>2278.75</ele>
        <time>2019-02-17T15:22:50Z</time>
      </trkpt>
      <trkpt lat="4.708097744733095" lon="-75.515299597755075">
        <ele>2277.230000000000018</ele>
        <time>2019-02-17T15:22:40Z</time>
      </trkpt>
      <trkpt lat="4.708047537133098" lon="-75.515446783974767">
        <ele>2276.210000000000036</ele>
        <time>2019-02-17T15:22:26Z</time>
      </trkpt>
      <trkpt lat="4.708003280684352" lon="-75.515521299093962">
        <ele>2275.619999999999891</ele>
        <time>2019-02-17T15:22:09Z</time>
      </trkpt>
      <trkpt lat="4.707926670089364" lon="-75.515627916902304">
        <ele>2274.599999999999909</ele>
        <time>2019-02-17T15:21:57Z</time>
      </trkpt>
      <trkpt lat="4.70783706754446" lon="-75.515670077875257">
        <ele>2274.809999999999945</ele>
        <time>2019-02-17T15:21:38Z</time>
      </trkpt>
      <trkpt lat="4.707782166078687" lon="-75.515737133100629">
        <ele>2274.170000000000073</ele>
        <time>2019-02-17T15:21:24Z</time>
      </trkpt>
      <trkpt lat="4.707745788618922" lon="-75.51575968042016">
        <ele>2273.320000000000164</ele>
        <time>2019-02-17T15:21:19Z</time>
      </trkpt>
      <trkpt lat="4.70771829597652" lon="-75.515896640717983">
        <ele>2273.0300000000002</ele>
        <time>2019-02-17T15:21:01Z</time>
      </trkpt>
      <trkpt lat="4.707694239914417" lon="-75.516015412285924">
        <ele>2272.570000000000164</ele>
        <time>2019-02-17T15:20:49Z</time>
      </trkpt>
      <trkpt lat="4.707627100870013" lon="-75.516196209937334">
        <ele>2271.199999999999818</ele>
        <time>2019-02-17T15:20:30Z</time>
      </trkpt>
      <trkpt lat="4.707504473626614" lon="-75.516245746985078">
        <ele>2269.559999999999945</ele>
        <time>2019-02-17T15:20:18Z</time>
      </trkpt>
      <trkpt lat="4.707493828609586" lon="-75.516250105574727">
        <ele>2269.349999999999909</ele>
        <time>2019-02-17T15:20:17Z</time>
      </trkpt>
      <trkpt lat="4.70737237483263" lon="-75.516292434185743">
        <ele>2269.150000000000091</ele>
        <time>2019-02-17T15:20:02Z</time>
      </trkpt>
      <trkpt lat="4.707252513617277" lon="-75.516220768913627">
        <ele>2269.690000000000055</ele>
        <time>2019-02-17T15:19:50Z</time>
      </trkpt>
      <trkpt lat="4.707107003778219" lon="-75.516236694529653">
        <ele>2270.059999999999945</ele>
        <time>2019-02-17T15:19:39Z</time>
      </trkpt>
      <trkpt lat="4.707050425931811" lon="-75.516303917393088">
        <ele>2269.9699999999998</ele>
        <time>2019-02-17T15:19:31Z</time>
      </trkpt>
      <trkpt lat="4.707012204453349" lon="-75.516378181055188">
        <ele>2269.380000000000109</ele>
        <time>2019-02-17T15:19:23Z</time>
      </trkpt>
      <trkpt lat="4.706938276067376" lon="-75.516426796093583">
        <ele>2268.610000000000127</ele>
        <time>2019-02-17T15:19:09Z</time>
      </trkpt>
      <trkpt lat="4.706808272749186" lon="-75.516557218506932">
        <ele>2267.159999999999854</ele>
        <time>2019-02-17T15:18:52Z</time>
      </trkpt>
      <trkpt lat="4.706642227247357" lon="-75.516708176583052">
        <ele>2264.429999999999836</ele>
        <time>2019-02-17T15:18:31Z</time>
      </trkpt>
      <trkpt lat="4.706573160365224" lon="-75.516783278435469">
        <ele>2263.369999999999891</ele>
        <time>2019-02-17T15:18:21Z</time>
      </trkpt>
      <trkpt lat="4.706444162875414" lon="-75.516965752467513">
        <ele>2261.800000000000182</ele>
        <time>2019-02-17T15:18:01Z</time>
      </trkpt>
      <trkpt lat="4.706394709646702" lon="-75.517091481015086">
        <ele>2260.449999999999818</ele>
        <time>2019-02-17T15:17:46Z</time>
      </trkpt>
      <trkpt lat="4.706320865079761" lon="-75.517145544290543">
        <ele>2259.449999999999818</ele>
        <time>2019-02-17T15:17:32Z</time>
      </trkpt>
      <trkpt lat="4.706269316375256" lon="-75.517166666686535">
        <ele>2258.440000000000055</ele>
        <time>2019-02-17T15:17:08Z</time>
      </trkpt>
      <trkpt lat="4.706255905330181" lon="-75.517218299210072">
        <ele>2258.099999999999909</ele>
        <time>2019-02-17T15:16:44Z</time>
      </trkpt>
      <trkpt lat="4.706162698566914" lon="-75.517317876219749">
        <ele>2257.329999999999927</ele>
        <time>2019-02-17T15:16:31Z</time>
      </trkpt>
      <trkpt lat="4.706046944484115" lon="-75.517478389665484">
        <ele>2256.300000000000182</ele>
        <time>2019-02-17T15:16:13Z</time>
      </trkpt>
      <trkpt lat="4.705998077988625" lon="-75.517533710226417">
        <ele>2255.269999999999982</ele>
        <time>2019-02-17T15:16:06Z</time>
      </trkpt>
      <trkpt lat="4.705970250070095" lon="-75.517566818743944">
        <ele>2255.099999999999909</ele>
        <time>2019-02-17T15:16:01Z</time>
      </trkpt>
      <trkpt lat="4.705926412716508" lon="-75.517639154568315">
        <ele>2254.519999999999982</ele>
        <time>2019-02-17T15:15:51Z</time>
      </trkpt>
      <trkpt lat="4.705875031650066" lon="-75.517693217843771">
        <ele>2253.079999999999927</ele>
        <time>2019-02-17T15:15:40Z</time>
      </trkpt>
      <trkpt lat="4.705807892605662" lon="-75.517764128744602">
        <ele>2251.510000000000218</ele>
        <time>2019-02-17T15:15:28Z</time>
      </trkpt>
      <trkpt lat="4.705714266747236" lon="-75.517803775146604">
        <ele>2250.550000000000182</ele>
        <time>2019-02-17T15:15:16Z</time>
      </trkpt>
      <trkpt lat="4.705653497949243" lon="-75.517857754603028">
        <ele>2250.0300000000002</ele>
        <time>2019-02-17T15:15:09Z</time>
      </trkpt>
      <trkpt lat="4.705574121326208" lon="-75.517922546714544">
        <ele>2249.309999999999945</ele>
        <time>2019-02-17T15:14:59Z</time>
      </trkpt>
      <trkpt lat="4.705469431355596" lon="-75.517992787063122">
        <ele>2247.869999999999891</ele>
        <time>2019-02-17T15:14:46Z</time>
      </trkpt>
      <trkpt lat="4.70537974499166" lon="-75.51805866882205">
        <ele>2247.050000000000182</ele>
        <time>2019-02-17T15:14:33Z</time>
      </trkpt>
      <trkpt lat="4.705297937616706" lon="-75.518108876422048">
        <ele>2245.929999999999836</ele>
        <time>2019-02-17T15:14:21Z</time>
      </trkpt>
      <trkpt lat="4.70509584993124" lon="-75.518225133419037">
        <ele>2244.510000000000218</ele>
        <time>2019-02-17T15:14:05Z</time>
      </trkpt>
      <trkpt lat="4.705010103061795" lon="-75.518223289400339">
        <ele>2243.730000000000018</ele>
        <time>2019-02-17T15:13:55Z</time>
      </trkpt>
      <trkpt lat="4.704963834956288" lon="-75.51825019530952">
        <ele>2242.769999999999982</ele>
        <time>2019-02-17T15:13:48Z</time>
      </trkpt>
      <trkpt lat="4.704930977895856" lon="-75.518285483121872">
        <ele>2242.710000000000036</ele>
        <time>2019-02-17T15:13:45Z</time>
      </trkpt>
      <trkpt lat="4.704834250733256" lon="-75.518329739570618">
        <ele>2242.579999999999927</ele>
        <time>2019-02-17T15:13:35Z</time>
      </trkpt>
      <trkpt lat="4.704760825261474" lon="-75.518397968262434">
        <ele>2241.070000000000164</ele>
        <time>2019-02-17T15:13:24Z</time>
      </trkpt>
      <trkpt lat="4.704692093655467" lon="-75.518464688211679">
        <ele>2240.400000000000091</ele>
        <time>2019-02-17T15:13:12Z</time>
      </trkpt>
      <trkpt lat="4.704563934355974" lon="-75.518537862226367">
        <ele>2239.289999999999964</ele>
        <time>2019-02-17T15:12:57Z</time>
      </trkpt>
      <trkpt lat="4.704403504729271" lon="-75.518660992383957">
        <ele>2238.110000000000127</ele>
        <time>2019-02-17T15:12:41Z</time>
      </trkpt>
      <trkpt lat="4.704285990446806" lon="-75.518699130043387">
        <ele>2238.260000000000218</ele>
        <time>2019-02-17T15:12:31Z</time>
      </trkpt>
      <trkpt lat="4.70415229909122" lon="-75.518749840557575">
        <ele>2237.75</ele>
        <time>2019-02-17T15:12:18Z</time>
      </trkpt>
      <trkpt lat="4.704011734575033" lon="-75.518723018467426">
        <ele>2236.360000000000127</ele>
        <time>2019-02-17T15:12:05Z</time>
      </trkpt>
      <trkpt lat="4.703959263861179" lon="-75.518727209419012">
        <ele>2236.230000000000018</ele>
        <time>2019-02-17T15:12:00Z</time>
      </trkpt>
      <trkpt lat="4.70393386669457" lon="-75.518737686797976">
        <ele>2235.389999999999873</ele>
        <time>2019-02-17T15:11:56Z</time>
      </trkpt>
      <trkpt lat="4.703825153410435" lon="-75.518718659877777">
        <ele>2234.670000000000073</ele>
        <time>2019-02-17T15:11:43Z</time>
      </trkpt>
      <trkpt lat="4.703819034621119" lon="-75.518715977668762">
        <ele>2234.4699999999998</ele>
        <time>2019-02-17T15:11:42Z</time>
      </trkpt>
      <trkpt lat="4.70372867770493" lon="-75.518727544695139">
        <ele>2233.699999999999818</ele>
        <time>2019-02-17T15:11:31Z</time>
      </trkpt>
      <trkpt lat="4.703718787059188" lon="-75.518731316551566">
        <ele>2233.599999999999909</ele>
        <time>2019-02-17T15:11:30Z</time>
      </trkpt>
      <trkpt lat="4.703552993014455" lon="-75.518784373998642">
        <ele>2232.570000000000164</ele>
        <time>2019-02-17T15:11:16Z</time>
      </trkpt>
      <trkpt lat="4.703388959169388" lon="-75.518851010128856">
        <ele>2230.860000000000127</ele>
        <time>2019-02-17T15:10:58Z</time>
      </trkpt>
      <trkpt lat="4.70328058116138" lon="-75.518922256305814">
        <ele>2229.849999999999909</ele>
        <time>2019-02-17T15:10:45Z</time>
      </trkpt>
      <trkpt lat="4.703097604215145" lon="-75.519035831093788">
        <ele>2228.269999999999982</ele>
        <time>2019-02-17T15:10:25Z</time>
      </trkpt>
      <trkpt lat="4.702951004728675" lon="-75.519168181344867">
        <ele>2226.110000000000127</ele>
        <time>2019-02-17T15:10:06Z</time>
      </trkpt>
      <trkpt lat="4.702864252030849" lon="-75.519251665100455">
        <ele>2225.349999999999909</ele>
        <time>2019-02-17T15:09:54Z</time>
      </trkpt>
      <trkpt lat="4.702786300331354" lon="-75.519370939582586">
        <ele>2224.110000000000127</ele>
        <time>2019-02-17T15:09:38Z</time>
      </trkpt>
      <trkpt lat="4.702728213742375" lon="-75.519430283457041">
        <ele>2223.5</ele>
        <time>2019-02-17T15:09:28Z</time>
      </trkpt>
      <trkpt lat="4.702655207365751" lon="-75.519485855475068">
        <ele>2222.849999999999909</ele>
        <time>2019-02-17T15:09:08Z</time>
      </trkpt>
      <trkpt lat="4.702598880976439" lon="-75.519629186019301">
        <ele>2221.579999999999927</ele>
        <time>2019-02-17T15:08:54Z</time>
      </trkpt>
      <trkpt lat="4.702576501294971" lon="-75.51968433894217">
        <ele>2221.289999999999964</ele>
        <time>2019-02-17T15:08:49Z</time>
      </trkpt>
      <trkpt lat="4.702535346150398" lon="-75.519744353368878">
        <ele>2219.070000000000164</ele>
        <time>2019-02-17T15:08:36Z</time>
      </trkpt>
      <trkpt lat="4.702480360865593" lon="-75.519780395552516">
        <ele>2219.230000000000018</ele>
        <time>2019-02-17T15:08:25Z</time>
      </trkpt>
      <trkpt lat="4.702418921515346" lon="-75.5198123306036">
        <ele>2219.900000000000091</ele>
        <time>2019-02-17T15:08:18Z</time>
      </trkpt>
      <trkpt lat="4.702413808554411" lon="-75.519821466878057">
        <ele>2219.7800000000002</ele>
        <time>2019-02-17T15:08:17Z</time>
      </trkpt>
      <trkpt lat="4.702374329790473" lon="-75.519849294796586">
        <ele>2219.880000000000109</ele>
        <time>2019-02-17T15:08:12Z</time>
      </trkpt>
      <trkpt lat="4.702365947887301" lon="-75.519854826852679">
        <ele>2219.730000000000018</ele>
        <time>2019-02-17T15:08:11Z</time>
      </trkpt>
      <trkpt lat="4.702338958159089" lon="-75.519857676699758">
        <ele>2219.210000000000036</ele>
        <time>2019-02-17T15:08:09Z</time>
      </trkpt>
      <trkpt lat="4.702330660074949" lon="-75.519866896793246">
        <ele>2219.139999999999873</ele>
        <time>2019-02-17T15:08:08Z</time>
      </trkpt>
      <trkpt lat="4.70232387073338" lon="-75.519877038896084">
        <ele>2219.300000000000182</ele>
        <time>2019-02-17T15:08:07Z</time>
      </trkpt>
      <trkpt lat="4.702309789136052" lon="-75.519894640892744">
        <ele>2219.289999999999964</ele>
        <time>2019-02-17T15:08:05Z</time>
      </trkpt>
      <trkpt lat="4.702180959284306" lon="-75.520097399130464">
        <ele>2218.139999999999873</ele>
        <time>2019-02-17T15:07:45Z</time>
      </trkpt>
      <trkpt lat="4.702063193544745" lon="-75.520199742168188">
        <ele>2216.570000000000164</ele>
        <time>2019-02-17T15:07:30Z</time>
      </trkpt>
      <trkpt lat="4.702037209644914" lon="-75.520253386348486">
        <ele>2215.75</ele>
        <time>2019-02-17T15:07:24Z</time>
      </trkpt>
      <trkpt lat="4.701985828578472" lon="-75.520296301692724">
        <ele>2215.150000000000091</ele>
        <time>2019-02-17T15:07:17Z</time>
      </trkpt>
      <trkpt lat="4.701971914619207" lon="-75.520306108519435">
        <ele>2214.960000000000036</ele>
        <time>2019-02-17T15:07:16Z</time>
      </trkpt>
      <trkpt lat="4.701959593221545" lon="-75.520340977236629">
        <ele>2215.059999999999945</ele>
        <time>2019-02-17T15:07:13Z</time>
      </trkpt>
      <trkpt lat="4.701925395056605" lon="-75.520455641672015">
        <ele>2214.159999999999854</ele>
        <time>2019-02-17T15:07:01Z</time>
      </trkpt>
      <trkpt lat="4.701924053952098" lon="-75.52046762779355">
        <ele>2214.190000000000055</ele>
        <time>2019-02-17T15:07:00Z</time>
      </trkpt>
      <trkpt lat="4.701911145821214" lon="-75.520498557016253">
        <ele>2213.849999999999909</ele>
        <time>2019-02-17T15:06:57Z</time>
      </trkpt>
      <trkpt lat="4.701829254627228" lon="-75.520600145682693">
        <ele>2213.110000000000127</ele>
        <time>2019-02-17T15:06:45Z</time>
      </trkpt>
      <trkpt lat="4.701797151938081" lon="-75.520657477900386">
        <ele>2213.159999999999854</ele>
        <time>2019-02-17T15:06:33Z</time>
      </trkpt>
      <trkpt lat="4.701784662902355" lon="-75.520682204514742">
        <ele>2213.329999999999927</ele>
        <time>2019-02-17T15:06:27Z</time>
      </trkpt>
      <trkpt lat="4.701759601011872" lon="-75.520711122080684">
        <ele>2213.070000000000164</ele>
        <time>2019-02-17T15:06:24Z</time>
      </trkpt>
      <trkpt lat="4.701751135289669" lon="-75.520722102373838">
        <ele>2213.110000000000127</ele>
        <time>2019-02-17T15:06:23Z</time>
      </trkpt>
      <trkpt lat="4.701733617112041" lon="-75.520740626379848">
        <ele>2212.960000000000036</ele>
        <time>2019-02-17T15:06:21Z</time>
      </trkpt>
      <trkpt lat="4.701716853305697" lon="-75.520744817331433">
        <ele>2212.639999999999873</ele>
        <time>2019-02-17T15:06:20Z</time>
      </trkpt>
      <trkpt lat="4.701694892719388" lon="-75.520751271396875">
        <ele>2212.210000000000036</ele>
        <time>2019-02-17T15:06:19Z</time>
      </trkpt>
      <trkpt lat="4.701686091721058" lon="-75.520757390186191">
        <ele>2211.829999999999927</ele>
        <time>2019-02-17T15:06:18Z</time>
      </trkpt>
      <trkpt lat="4.701663879677653" lon="-75.520765436813235">
        <ele>2211.429999999999836</ele>
        <time>2019-02-17T15:06:17Z</time>
      </trkpt>
      <trkpt lat="4.701636973768473" lon="-75.520766694098711">
        <ele>2211.079999999999927</ele>
        <time>2019-02-17T15:06:16Z</time>
      </trkpt>
      <trkpt lat="4.701620293781161" lon="-75.520775578916073">
        <ele>2210.7199999999998</ele>
        <time>2019-02-17T15:06:15Z</time>
      </trkpt>
      <trkpt lat="4.701584922149777" lon="-75.520788403227925">
        <ele>2210.480000000000018</ele>
        <time>2019-02-17T15:06:12Z</time>
      </trkpt>
      <trkpt lat="4.701510407030582" lon="-75.520823523402214">
        <ele>2209.789999999999964</ele>
        <time>2019-02-17T15:06:05Z</time>
      </trkpt>
      <trkpt lat="4.701484590768814" lon="-75.520836766809225">
        <ele>2209.429999999999836</ele>
        <time>2019-02-17T15:06:03Z</time>
      </trkpt>
      <trkpt lat="4.701473107561469" lon="-75.520840873941779">
        <ele>2209.579999999999927</ele>
        <time>2019-02-17T15:06:02Z</time>
      </trkpt>
      <trkpt lat="4.701451230794191" lon="-75.520835760980844">
        <ele>2209.539999999999964</ele>
        <time>2019-02-17T15:06:01Z</time>
      </trkpt>
      <trkpt lat="4.70130211673677" lon="-75.520879849791527">
        <ele>2209.320000000000164</ele>
        <time>2019-02-17T15:05:49Z</time>
      </trkpt>
      <trkpt lat="4.701288538053632" lon="-75.520888986065984">
        <ele>2209.199999999999818</ele>
        <time>2019-02-17T15:05:48Z</time>
      </trkpt>
      <trkpt lat="4.701241683214903" lon="-75.520972218364477">
        <ele>2208.659999999999854</ele>
        <time>2019-02-17T15:05:40Z</time>
      </trkpt>
      <trkpt lat="4.701235396787524" lon="-75.520983869209886">
        <ele>2208.659999999999854</ele>
        <time>2019-02-17T15:05:39Z</time>
      </trkpt>
      <trkpt lat="4.701211508363485" lon="-75.521006667986512">
        <ele>2208.650000000000091</ele>
        <time>2019-02-17T15:05:36Z</time>
      </trkpt>
      <trkpt lat="4.701209748163819" lon="-75.521018486469984">
        <ele>2208.5</ele>
        <time>2019-02-17T15:05:35Z</time>
      </trkpt>
      <trkpt lat="4.7012073174119" lon="-75.521031646057963">
        <ele>2208.360000000000127</ele>
        <time>2019-02-17T15:05:34Z</time>
      </trkpt>
      <trkpt lat="4.701201030984521" lon="-75.52104564383626">
        <ele>2208.519999999999982</ele>
        <time>2019-02-17T15:05:33Z</time>
      </trkpt>
      <trkpt lat="4.701103130355477" lon="-75.521223675459623">
        <ele>2208.7800000000002</ele>
        <time>2019-02-17T15:05:22Z</time>
      </trkpt>
      <trkpt lat="4.701092652976513" lon="-75.521240942180157">
        <ele>2208.909999999999854</ele>
        <time>2019-02-17T15:05:21Z</time>
      </trkpt>
      <trkpt lat="4.701071446761489" lon="-75.521263489499688">
        <ele>2208.889999999999873</ele>
        <time>2019-02-17T15:05:19Z</time>
      </trkpt>
      <trkpt lat="4.700950495898724" lon="-75.521286455914378">
        <ele>2207.639999999999873</ele>
        <time>2019-02-17T15:05:05Z</time>
      </trkpt>
      <trkpt lat="4.700882015749812" lon="-75.521313780918717">
        <ele>2207.519999999999982</ele>
        <time>2019-02-17T15:04:58Z</time>
      </trkpt>
      <trkpt lat="4.700810015201569" lon="-75.521349404007196">
        <ele>2207.199999999999818</ele>
        <time>2019-02-17T15:04:50Z</time>
      </trkpt>
      <trkpt lat="4.700784031301737" lon="-75.521367760375142">
        <ele>2207</ele>
        <time>2019-02-17T15:04:49Z</time>
      </trkpt>
      <trkpt lat="4.700755029916763" lon="-75.521393492817879">
        <ele>2206.679999999999836</ele>
        <time>2019-02-17T15:04:48Z</time>
      </trkpt>
      <trkpt lat="4.70073482953012" lon="-75.52142090164125">
        <ele>2206.440000000000055</ele>
        <time>2019-02-17T15:04:47Z</time>
      </trkpt>
      <trkpt lat="4.700660146772861" lon="-75.521497176960111">
        <ele>2205.820000000000164</ele>
        <time>2019-02-17T15:04:41Z</time>
      </trkpt>
      <trkpt lat="4.700572723522782" lon="-75.521547384560108">
        <ele>2204.949999999999818</ele>
        <time>2019-02-17T15:04:34Z</time>
      </trkpt>
      <trkpt lat="4.700488653033972" lon="-75.521575463935733">
        <ele>2204.2199999999998</ele>
        <time>2019-02-17T15:04:29Z</time>
      </trkpt>
      <trkpt lat="4.700476666912436" lon="-75.521579487249255">
        <ele>2204.210000000000036</ele>
        <time>2019-02-17T15:04:28Z</time>
      </trkpt>
      <trkpt lat="4.700360326096416" lon="-75.521632293239236">
        <ele>2203.789999999999964</ele>
        <time>2019-02-17T15:04:18Z</time>
      </trkpt>
      <trkpt lat="4.700313387438655" lon="-75.521668922156096">
        <ele>2203.400000000000091</ele>
        <time>2019-02-17T15:04:14Z</time>
      </trkpt>
      <trkpt lat="4.700260916724801" lon="-75.521760368719697">
        <ele>2202.090000000000146</ele>
        <time>2019-02-17T15:04:04Z</time>
      </trkpt>
      <trkpt lat="4.700211128219962" lon="-75.521878888830543">
        <ele>2200.800000000000182</ele>
        <time>2019-02-17T15:03:53Z</time>
      </trkpt>
      <trkpt lat="4.700212636962533" lon="-75.521980812773108">
        <ele>2199.0300000000002</ele>
        <time>2019-02-17T15:03:42Z</time>
      </trkpt>
      <trkpt lat="4.700177013874054" lon="-75.522097321227193">
        <ele>2198.380000000000109</ele>
        <time>2019-02-17T15:03:30Z</time>
      </trkpt>
      <trkpt lat="4.70016653649509" lon="-75.522119030356407">
        <ele>2198.019999999999982</ele>
        <time>2019-02-17T15:03:24Z</time>
      </trkpt>
      <trkpt lat="4.700093613937497" lon="-75.522210393100977">
        <ele>2196.099999999999909</ele>
        <time>2019-02-17T15:03:10Z</time>
      </trkpt>
      <trkpt lat="4.700064696371555" lon="-75.522322626784444">
        <ele>2194.980000000000018</ele>
        <time>2019-02-17T15:02:59Z</time>
      </trkpt>
      <trkpt lat="4.700041059404612" lon="-75.522353807464242">
        <ele>2194.7800000000002</ele>
        <time>2019-02-17T15:02:56Z</time>
      </trkpt>
      <trkpt lat="4.699985319748521" lon="-75.522430501878262">
        <ele>2194.369999999999891</ele>
        <time>2019-02-17T15:02:49Z</time>
      </trkpt>
      <trkpt lat="4.699949948117137" lon="-75.522503089159727">
        <ele>2193.159999999999854</ele>
        <time>2019-02-17T15:02:39Z</time>
      </trkpt>
      <trkpt lat="4.699900830164552" lon="-75.522575341165066">
        <ele>2192.329999999999927</ele>
        <time>2019-02-17T15:02:30Z</time>
      </trkpt>
      <trkpt lat="4.699887419119477" lon="-75.522627728059888">
        <ele>2192.690000000000055</ele>
        <time>2019-02-17T15:02:23Z</time>
      </trkpt>
      <trkpt lat="4.699845341965556" lon="-75.522673577070236">
        <ele>2191.409999999999854</ele>
        <time>2019-02-17T15:02:14Z</time>
      </trkpt>
      <trkpt lat="4.69982941634953" lon="-75.522695034742355">
        <ele>2191.179999999999836</ele>
        <time>2019-02-17T15:02:12Z</time>
      </trkpt>
      <trkpt lat="4.699757751077414" lon="-75.522723365575075">
        <ele>2190.739999999999782</ele>
        <time>2019-02-17T15:02:07Z</time>
      </trkpt>
      <trkpt lat="4.699693880975246" lon="-75.52279494702816">
        <ele>2190.380000000000109</ele>
        <time>2019-02-17T15:02:01Z</time>
      </trkpt>
      <trkpt lat="4.699626239016652" lon="-75.522873569279909">
        <ele>2189.570000000000164</ele>
        <time>2019-02-17T15:01:49Z</time>
      </trkpt>
      <trkpt lat="4.699617605656385" lon="-75.522888153791428">
        <ele>2189.579999999999927</ele>
        <time>2019-02-17T15:01:45Z</time>
      </trkpt>
      <trkpt lat="4.699583658948541" lon="-75.522995023056865">
        <ele>2188.7199999999998</ele>
        <time>2019-02-17T15:01:35Z</time>
      </trkpt>
      <trkpt lat="4.699576534330845" lon="-75.523015139624476">
        <ele>2188.550000000000182</ele>
        <time>2019-02-17T15:01:32Z</time>
      </trkpt>
      <trkpt lat="4.699561782181263" lon="-75.523051852360368">
        <ele>2188.230000000000018</ele>
        <time>2019-02-17T15:01:29Z</time>
      </trkpt>
      <trkpt lat="4.699486764147878" lon="-75.523116644471884">
        <ele>2188.130000000000109</ele>
        <time>2019-02-17T15:01:18Z</time>
      </trkpt>
      <trkpt lat="4.699408393353224" lon="-75.523135419934988">
        <ele>2188.199999999999818</ele>
        <time>2019-02-17T15:01:02Z</time>
      </trkpt>
      <trkpt lat="4.699409818276763" lon="-75.523155787959695">
        <ele>2188</ele>
        <time>2019-02-17T15:01:00Z</time>
      </trkpt>
      <trkpt lat="4.699375117197633" lon="-75.523217478767037">
        <ele>2186.980000000000018</ele>
        <time>2019-02-17T15:00:48Z</time>
      </trkpt>
      <trkpt lat="4.699339829385281" lon="-75.523302052170038">
        <ele>2186.150000000000091</ele>
        <time>2019-02-17T15:00:37Z</time>
      </trkpt>
      <trkpt lat="4.699325915426016" lon="-75.523354522883892">
        <ele>2185.849999999999909</ele>
        <time>2019-02-17T15:00:32Z</time>
      </trkpt>
      <trkpt lat="4.699297165498137" lon="-75.52347656339407">
        <ele>2184.980000000000018</ele>
        <time>2019-02-17T15:00:20Z</time>
      </trkpt>
      <trkpt lat="4.699276881292462" lon="-75.52363146096468">
        <ele>2184.25</ele>
        <time>2019-02-17T15:00:06Z</time>
      </trkpt>
      <trkpt lat="4.699257183820009" lon="-75.523762470111251">
        <ele>2183.880000000000109</ele>
        <time>2019-02-17T14:59:53Z</time>
      </trkpt>
      <trkpt lat="4.699290795251727" lon="-75.523853749036789">
        <ele>2184.059999999999945</ele>
        <time>2019-02-17T14:59:43Z</time>
      </trkpt>
      <trkpt lat="4.699308648705482" lon="-75.523949889466166">
        <ele>2183.440000000000055</ele>
        <time>2019-02-17T14:59:35Z</time>
      </trkpt>
      <trkpt lat="4.699289705604315" lon="-75.524056004360318">
        <ele>2182.920000000000073</ele>
        <time>2019-02-17T14:59:25Z</time>
      </trkpt>
      <trkpt lat="4.699217537418008" lon="-75.524189528077841">
        <ele>2182.329999999999927</ele>
        <time>2019-02-17T14:59:11Z</time>
      </trkpt>
      <trkpt lat="4.699194990098476" lon="-75.524276699870825">
        <ele>2181.650000000000091</ele>
        <time>2019-02-17T14:59:02Z</time>
      </trkpt>
      <trkpt lat="4.699124498292804" lon="-75.524377785623074">
        <ele>2179.670000000000073</ele>
        <time>2019-02-17T14:58:48Z</time>
      </trkpt>
      <trkpt lat="4.699094239622355" lon="-75.524400249123573">
        <ele>2179.25</ele>
        <time>2019-02-17T14:58:45Z</time>
      </trkpt>
      <trkpt lat="4.699022993445396" lon="-75.524471160024405">
        <ele>2178.9699999999998</ele>
        <time>2019-02-17T14:58:39Z</time>
      </trkpt>
      <trkpt lat="4.698971109464765" lon="-75.524539221078157">
        <ele>2178.400000000000091</ele>
        <time>2019-02-17T14:58:26Z</time>
      </trkpt>
      <trkpt lat="4.698910508304834" lon="-75.524594038724899">
        <ele>2177.820000000000164</ele>
        <time>2019-02-17T14:58:15Z</time>
      </trkpt>
      <trkpt lat="4.698941269889474" lon="-75.524682970717549">
        <ele>2176.690000000000055</ele>
        <time>2019-02-17T14:58:05Z</time>
      </trkpt>
      <trkpt lat="4.699021819978952" lon="-75.524809202179313">
        <ele>2176.329999999999927</ele>
        <time>2019-02-17T14:57:53Z</time>
      </trkpt>
      <trkpt lat="4.698981000110507" lon="-75.524912215769291">
        <ele>2176.110000000000127</ele>
        <time>2019-02-17T14:57:45Z</time>
      </trkpt>
      <trkpt lat="4.698967002332211" lon="-75.524954125285149">
        <ele>2175.369999999999891</ele>
        <time>2019-02-17T14:57:41Z</time>
      </trkpt>
      <trkpt lat="4.698936156928539" lon="-75.525038447231054">
        <ele>2175.019999999999982</ele>
        <time>2019-02-17T14:57:33Z</time>
      </trkpt>
      <trkpt lat="4.698911933228374" lon="-75.525061581283808">
        <ele>2175.25</ele>
        <time>2019-02-17T14:57:32Z</time>
      </trkpt>
      <trkpt lat="4.698917297646403" lon="-75.525205498561263">
        <ele>2174.389999999999873</ele>
        <time>2019-02-17T14:57:15Z</time>
      </trkpt>
      <trkpt lat="4.698914783075452" lon="-75.525317648425698">
        <ele>2172.869999999999891</ele>
        <time>2019-02-17T14:57:00Z</time>
      </trkpt>
      <trkpt lat="4.698970187455416" lon="-75.525423595681787">
        <ele>2172.130000000000109</ele>
        <time>2019-02-17T14:56:50Z</time>
      </trkpt>
      <trkpt lat="4.698895085602999" lon="-75.525509426370263">
        <ele>2157.860000000000127</ele>
        <time>2019-02-17T14:45:18Z</time>
      </trkpt>
      <trkpt lat="4.69882526434958" lon="-75.525588551536202">
        <ele>2157.599999999999909</ele>
        <time>2019-02-17T14:45:01Z</time>
      </trkpt>
      <trkpt lat="4.698776481673121" lon="-75.525689469650388">
        <ele>2157.010000000000218</ele>
        <time>2019-02-17T14:44:47Z</time>
      </trkpt>
      <trkpt lat="4.698754772543907" lon="-75.525740347802639">
        <ele>2155.619999999999891</ele>
        <time>2019-02-17T14:44:37Z</time>
      </trkpt>
      <trkpt lat="4.698711941018701" lon="-75.525921816006303">
        <ele>2154.75</ele>
        <time>2019-02-17T14:44:25Z</time>
      </trkpt>
      <trkpt lat="4.698740188032389" lon="-75.526149133220315">
        <ele>2153.159999999999854</ele>
        <time>2019-02-17T14:44:06Z</time>
      </trkpt>
      <trkpt lat="4.698788719251752" lon="-75.526259103789926">
        <ele>2152.5</ele>
        <time>2019-02-17T14:43:53Z</time>
      </trkpt>
      <trkpt lat="4.698717724531889" lon="-75.526414001360536">
        <ele>2150.690000000000055</ele>
        <time>2019-02-17T14:43:33Z</time>
      </trkpt>
      <trkpt lat="4.698764244094491" lon="-75.526462700217962">
        <ele>2150.090000000000146</ele>
        <time>2019-02-17T14:43:26Z</time>
      </trkpt>
      <trkpt lat="4.698782516643405" lon="-75.526511901989579">
        <ele>2149.570000000000164</ele>
        <time>2019-02-17T14:43:20Z</time>
      </trkpt>
      <trkpt lat="4.698781510815024" lon="-75.526539394631982">
        <ele>2148.7800000000002</ele>
        <time>2019-02-17T14:43:15Z</time>
      </trkpt>
      <trkpt lat="4.698790227994323" lon="-75.526624722406268">
        <ele>2147.690000000000055</ele>
        <time>2019-02-17T14:43:04Z</time>
      </trkpt>
      <trkpt lat="4.698746055364609" lon="-75.526706194505095">
        <ele>2147.849999999999909</ele>
        <time>2019-02-17T14:42:54Z</time>
      </trkpt>
      <trkpt lat="4.698816128075123" lon="-75.526832928881049">
        <ele>2145.920000000000073</ele>
        <time>2019-02-17T14:42:38Z</time>
      </trkpt>
      <trkpt lat="4.698829036206007" lon="-75.526876095682383">
        <ele>2145.679999999999836</ele>
        <time>2019-02-17T14:42:33Z</time>
      </trkpt>
      <trkpt lat="4.698896007612348" lon="-75.527042895555496">
        <ele>2145</ele>
        <time>2019-02-17T14:42:22Z</time>
      </trkpt>
      <trkpt lat="4.698898438364267" lon="-75.527098886668682">
        <ele>2144.800000000000182</ele>
        <time>2019-02-17T14:42:18Z</time>
      </trkpt>
      <trkpt lat="4.698897013440728" lon="-75.527110872790217">
        <ele>2144.690000000000055</ele>
        <time>2019-02-17T14:42:16Z</time>
      </trkpt>
      <trkpt lat="4.69888829626143" lon="-75.527221597731113">
        <ele>2143.960000000000036</ele>
        <time>2019-02-17T14:42:05Z</time>
      </trkpt>
      <trkpt lat="4.69887220300734" lon="-75.527256885543466">
        <ele>2143.510000000000218</ele>
        <time>2019-02-17T14:42:01Z</time>
      </trkpt>
      <trkpt lat="4.6990124322474" lon="-75.527415387332439">
        <ele>2142.420000000000073</ele>
        <time>2019-02-17T14:41:43Z</time>
      </trkpt>
      <trkpt lat="4.699068507179618" lon="-75.52751169539988">
        <ele>2141.559999999999945</ele>
        <time>2019-02-17T14:41:29Z</time>
      </trkpt>
      <trkpt lat="4.699075883254409" lon="-75.527584198862314">
        <ele>2140.2800000000002</ele>
        <time>2019-02-17T14:41:17Z</time>
      </trkpt>
      <trkpt lat="4.699145704507828" lon="-75.527673549950123">
        <ele>2138.309999999999945</ele>
        <time>2019-02-17T14:41:01Z</time>
      </trkpt>
      <trkpt lat="4.699148386716843" lon="-75.52777212113142">
        <ele>2136.929999999999836</ele>
        <time>2019-02-17T14:40:50Z</time>
      </trkpt>
      <trkpt lat="4.69917026348412" lon="-75.527791064232588">
        <ele>2136.809999999999945</ele>
        <time>2019-02-17T14:40:45Z</time>
      </trkpt>
      <trkpt lat="4.699227344244719" lon="-75.527864657342434">
        <ele>2135.989999999999782</ele>
        <time>2019-02-17T14:40:35Z</time>
      </trkpt>
      <trkpt lat="4.699271349236369" lon="-75.527873625978827">
        <ele>2134.7199999999998</ele>
        <time>2019-02-17T14:40:07Z</time>
      </trkpt>
      <trkpt lat="4.699326921254396" lon="-75.527933808043599">
        <ele>2134.440000000000055</ele>
        <time>2019-02-17T14:39:51Z</time>
      </trkpt>
      <trkpt lat="4.699402777478099" lon="-75.52799834869802">
        <ele>2133.599999999999909</ele>
        <time>2019-02-17T14:39:39Z</time>
      </trkpt>
      <trkpt lat="4.699444686993957" lon="-75.528026092797518">
        <ele>2133.090000000000146</ele>
        <time>2019-02-17T14:39:33Z</time>
      </trkpt>
      <trkpt lat="4.699345445260406" lon="-75.528053501620889">
        <ele>2131.760000000000218</ele>
        <time>2019-02-17T14:39:04Z</time>
      </trkpt>
      <trkpt lat="4.699350222945213" lon="-75.528078898787498">
        <ele>2131.409999999999854</ele>
        <time>2019-02-17T14:38:50Z</time>
      </trkpt>
      <trkpt lat="4.699431778863072" lon="-75.528109408915043">
        <ele>2131.650000000000091</ele>
        <time>2019-02-17T14:38:47Z</time>
      </trkpt>
      <trkpt lat="4.699540073052049" lon="-75.528218876570463">
        <ele>2131.449999999999818</ele>
        <time>2019-02-17T14:38:34Z</time>
      </trkpt>
      <trkpt lat="4.699560021981597" lon="-75.528283920139074">
        <ele>2130.4699999999998</ele>
        <time>2019-02-17T14:38:24Z</time>
      </trkpt>
      <trkpt lat="4.699561866000295" lon="-75.528285428881645">
        <ele>2128.650000000000091</ele>
        <time>2019-02-17T14:38:13Z</time>
      </trkpt>
      <trkpt lat="4.699589693918824" lon="-75.528341503813863">
        <ele>2128.369999999999891</ele>
        <time>2019-02-17T14:37:59Z</time>
      </trkpt>
      <trkpt lat="4.699579803273082" lon="-75.528417862951756">
        <ele>2127.4699999999998</ele>
        <time>2019-02-17T14:37:41Z</time>
      </trkpt>
      <trkpt lat="4.699598997831345" lon="-75.528493551537395">
        <ele>2125.840000000000146</ele>
        <time>2019-02-17T14:37:24Z</time>
      </trkpt>
      <trkpt lat="4.699582234025002" lon="-75.528539484366775">
        <ele>2125.550000000000182</ele>
        <time>2019-02-17T14:37:19Z</time>
      </trkpt>
      <trkpt lat="4.699579635635018" lon="-75.528559265658259">
        <ele>2125.559999999999945</ele>
        <time>2019-02-17T14:37:17Z</time>
      </trkpt>
      <trkpt lat="4.699574103578925" lon="-75.5286262370646">
        <ele>2124.9699999999998</ele>
        <time>2019-02-17T14:37:10Z</time>
      </trkpt>
      <trkpt lat="4.699551891535521" lon="-75.528723048046231">
        <ele>2123.599999999999909</ele>
        <time>2019-02-17T14:36:59Z</time>
      </trkpt>
      <trkpt lat="4.699461115524173" lon="-75.528750959783792">
        <ele>2122.849999999999909</ele>
        <time>2019-02-17T14:36:50Z</time>
      </trkpt>
      <trkpt lat="4.699435634538531" lon="-75.528791444376111">
        <ele>2122.610000000000127</ele>
        <time>2019-02-17T14:36:46Z</time>
      </trkpt>
      <trkpt lat="4.699397832155228" lon="-75.528847686946392">
        <ele>2122.460000000000036</ele>
        <time>2019-02-17T14:36:35Z</time>
      </trkpt>
      <trkpt lat="4.699374446645379" lon="-75.528905941173434">
        <ele>2122.010000000000218</ele>
        <time>2019-02-17T14:36:24Z</time>
      </trkpt>
      <trkpt lat="4.699284425005317" lon="-75.529022114351392">
        <ele>2120.679999999999836</ele>
        <time>2019-02-17T14:36:11Z</time>
      </trkpt>
      <trkpt lat="4.699245784431696" lon="-75.529097635298967">
        <ele>2119.940000000000055</ele>
        <time>2019-02-17T14:36:01Z</time>
      </trkpt>
      <trkpt lat="4.699301440268755" lon="-75.529221100732684">
        <ele>2119.820000000000164</ele>
        <time>2019-02-17T14:35:50Z</time>
      </trkpt>
      <trkpt lat="4.699326502159238" lon="-75.529251443222165">
        <ele>2120.340000000000146</ele>
        <time>2019-02-17T14:35:44Z</time>
      </trkpt>
      <trkpt lat="4.699361957609653" lon="-75.529327550902963">
        <ele>2120</ele>
        <time>2019-02-17T14:35:33Z</time>
      </trkpt>
      <trkpt lat="4.699377799406648" lon="-75.529364179819822">
        <ele>2119.570000000000164</ele>
        <time>2019-02-17T14:35:29Z</time>
      </trkpt>
      <trkpt lat="4.699397329241037" lon="-75.529401227831841">
        <ele>2118.739999999999782</ele>
        <time>2019-02-17T14:35:25Z</time>
      </trkpt>
      <trkpt lat="4.699399927631021" lon="-75.529572051018476">
        <ele>2117.849999999999909</ele>
        <time>2019-02-17T14:35:07Z</time>
      </trkpt>
      <trkpt lat="4.699383415281773" lon="-75.52960348315537">
        <ele>2118.199999999999818</ele>
        <time>2019-02-17T14:35:04Z</time>
      </trkpt>
      <trkpt lat="4.699378469958901" lon="-75.529652684926987">
        <ele>2117.199999999999818</ele>
        <time>2019-02-17T14:34:57Z</time>
      </trkpt>
      <trkpt lat="4.699375117197633" lon="-75.529713789001107">
        <ele>2117.0300000000002</ele>
        <time>2019-02-17T14:34:47Z</time>
      </trkpt>
      <trkpt lat="4.699371010065079" lon="-75.529753854498267">
        <ele>2116.239999999999782</ele>
        <time>2019-02-17T14:34:43Z</time>
      </trkpt>
      <trkpt lat="4.699367992579937" lon="-75.529784029349685">
        <ele>2115.849999999999909</ele>
        <time>2019-02-17T14:34:40Z</time>
      </trkpt>
      <trkpt lat="4.699387857690454" lon="-75.529846306890249">
        <ele>2114.849999999999909</ele>
        <time>2019-02-17T14:34:35Z</time>
      </trkpt>
      <trkpt lat="4.699443010613322" lon="-75.530001120641828">
        <ele>2114.340000000000146</ele>
        <time>2019-02-17T14:34:24Z</time>
      </trkpt>
      <trkpt lat="4.699542755261064" lon="-75.53008477203548">
        <ele>2114.510000000000218</ele>
        <time>2019-02-17T14:34:09Z</time>
      </trkpt>
      <trkpt lat="4.69960268586874" lon="-75.530133806169033">
        <ele>2114.110000000000127</ele>
        <time>2019-02-17T14:33:59Z</time>
      </trkpt>
      <trkpt lat="4.699622299522161" lon="-75.530157778412104">
        <ele>2113.9699999999998</ele>
        <time>2019-02-17T14:33:56Z</time>
      </trkpt>
      <trkpt lat="4.699634201824665" lon="-75.530209243297577">
        <ele>2113.179999999999836</ele>
        <time>2019-02-17T14:33:44Z</time>
      </trkpt>
      <trkpt lat="4.699646439403296" lon="-75.530218882486224">
        <ele>2113.2199999999998</ele>
        <time>2019-02-17T14:33:42Z</time>
      </trkpt>
      <trkpt lat="4.699672590941191" lon="-75.530274454504251">
        <ele>2112.949999999999818</ele>
        <time>2019-02-17T14:33:34Z</time>
      </trkpt>
      <trkpt lat="4.699683738872409" lon="-75.530384173616767">
        <ele>2111.4699999999998</ele>
        <time>2019-02-17T14:33:15Z</time>
      </trkpt>
      <trkpt lat="4.699679212644696" lon="-75.530408397316933">
        <ele>2112.130000000000109</ele>
        <time>2019-02-17T14:33:12Z</time>
      </trkpt>
      <trkpt lat="4.699701005592942" lon="-75.530468579381704">
        <ele>2111.5300000000002</ele>
        <time>2019-02-17T14:33:02Z</time>
      </trkpt>
      <trkpt lat="4.699684744700789" lon="-75.53050990216434">
        <ele>2109.039999999999964</ele>
        <time>2019-02-17T14:32:45Z</time>
      </trkpt>
      <trkpt lat="4.699713159352541" lon="-75.530582992359996">
        <ele>2108.369999999999891</ele>
        <time>2019-02-17T14:32:37Z</time>
      </trkpt>
      <trkpt lat="4.699729168787599" lon="-75.530601600185037">
        <ele>2108.019999999999982</ele>
        <time>2019-02-17T14:32:35Z</time>
      </trkpt>
      <trkpt lat="4.699733527377248" lon="-75.530629176646471">
        <ele>2108.059999999999945</ele>
        <time>2019-02-17T14:32:32Z</time>
      </trkpt>
      <trkpt lat="4.6997429151088" lon="-75.530771585181355">
        <ele>2107.409999999999854</ele>
        <time>2019-02-17T14:32:21Z</time>
      </trkpt>
      <trkpt lat="4.699786584824324" lon="-75.53085925988853">
        <ele>2106.429999999999836</ele>
        <time>2019-02-17T14:32:15Z</time>
      </trkpt>
      <trkpt lat="4.69982011243701" lon="-75.530895134434104">
        <ele>2106</ele>
        <time>2019-02-17T14:32:13Z</time>
      </trkpt>
      <trkpt lat="4.699853556230664" lon="-75.530988508835435">
        <ele>2105.010000000000218</ele>
        <time>2019-02-17T14:32:03Z</time>
      </trkpt>
      <trkpt lat="4.699862860143185" lon="-75.531028574332595">
        <ele>2104.329999999999927</ele>
        <time>2019-02-17T14:32:00Z</time>
      </trkpt>
      <trkpt lat="4.699867554008961" lon="-75.531055480241776">
        <ele>2103.880000000000109</ele>
        <time>2019-02-17T14:31:57Z</time>
      </trkpt>
      <trkpt lat="4.699861602857709" lon="-75.531073752790689">
        <ele>2103.630000000000109</ele>
        <time>2019-02-17T14:31:53Z</time>
      </trkpt>
      <trkpt lat="4.699831930920482" lon="-75.531258657574654">
        <ele>2101.170000000000073</ele>
        <time>2019-02-17T14:31:30Z</time>
      </trkpt>
      <trkpt lat="4.699779376387596" lon="-75.531308948993683">
        <ele>2100.960000000000036</ele>
        <time>2019-02-17T14:31:24Z</time>
      </trkpt>
      <trkpt lat="4.699779292568564" lon="-75.531337531283498">
        <ele>2100.929999999999836</ele>
        <time>2019-02-17T14:31:21Z</time>
      </trkpt>
      <trkpt lat="4.699778454378247" lon="-75.531358486041427">
        <ele>2100.590000000000146</ele>
        <time>2019-02-17T14:31:19Z</time>
      </trkpt>
      <trkpt lat="4.699771665036678" lon="-75.531423781067133">
        <ele>2098.360000000000127</ele>
        <time>2019-02-17T14:31:06Z</time>
      </trkpt>
      <trkpt lat="4.69974534586072" lon="-75.531439790502191">
        <ele>2098.559999999999945</ele>
        <time>2019-02-17T14:30:58Z</time>
      </trkpt>
      <trkpt lat="4.699726235121489" lon="-75.531439119949937">
        <ele>2097.590000000000146</ele>
        <time>2019-02-17T14:30:39Z</time>
      </trkpt>
      <trkpt lat="4.699838804081082" lon="-75.531487902626395">
        <ele>2096.090000000000146</ele>
        <time>2019-02-17T14:30:05Z</time>
      </trkpt>
      <trkpt lat="4.699876355007291" lon="-75.531502822414041">
        <ele>2095.829999999999927</ele>
        <time>2019-02-17T14:30:00Z</time>
      </trkpt>
      <trkpt lat="4.699870068579912" lon="-75.531593263149261">
        <ele>2093.599999999999909</ele>
        <time>2019-02-17T14:29:13Z</time>
      </trkpt>
      <trkpt lat="4.699910217896104" lon="-75.53163425065577">
        <ele>2092.429999999999836</ele>
        <time>2019-02-17T14:29:02Z</time>
      </trkpt>
      <trkpt lat="4.699983056634665" lon="-75.531804151833057">
        <ele>2090.360000000000127</ele>
        <time>2019-02-17T14:28:38Z</time>
      </trkpt>
      <trkpt lat="4.700032090768218" lon="-75.53186391480267">
        <ele>2089.570000000000164</ele>
        <time>2019-02-17T14:28:28Z</time>
      </trkpt>
      <trkpt lat="4.700170140713453" lon="-75.532054351642728">
        <ele>2088.099999999999909</ele>
        <time>2019-02-17T14:28:09Z</time>
      </trkpt>
      <trkpt lat="4.700269047170877" lon="-75.532212601974607">
        <ele>2086.639999999999873</ele>
        <time>2019-02-17T14:27:45Z</time>
      </trkpt>
      <trkpt lat="4.700274243950844" lon="-75.532230623066425">
        <ele>2086.619999999999891</ele>
        <time>2019-02-17T14:27:43Z</time>
      </trkpt>
      <trkpt lat="4.700334342196584" lon="-75.532310586422682">
        <ele>2085.289999999999964</ele>
        <time>2019-02-17T14:27:28Z</time>
      </trkpt>
      <trkpt lat="4.700412293896079" lon="-75.532524492591619">
        <ele>2082.670000000000073</ele>
        <time>2019-02-17T14:26:59Z</time>
      </trkpt>
      <trkpt lat="4.700409360229969" lon="-75.53268626332283">
        <ele>2080.320000000000164</ele>
        <time>2019-02-17T14:26:34Z</time>
      </trkpt>
      <trkpt lat="4.700473984703422" lon="-75.532837389037013">
        <ele>2079.079999999999927</ele>
        <time>2019-02-17T14:26:20Z</time>
      </trkpt>
      <trkpt lat="4.700468620285392" lon="-75.532898493111134">
        <ele>2078.800000000000182</ele>
        <time>2019-02-17T14:26:12Z</time>
      </trkpt>
      <trkpt lat="4.700572052970529" lon="-75.533073171973228">
        <ele>2077.070000000000164</ele>
        <time>2019-02-17T14:25:56Z</time>
      </trkpt>
      <trkpt lat="4.700600886717439" lon="-75.533135114237666">
        <ele>2076.519999999999982</ele>
        <time>2019-02-17T14:25:50Z</time>
      </trkpt>
      <trkpt lat="4.700558222830296" lon="-75.53329654969275">
        <ele>2073.619999999999891</ele>
        <time>2019-02-17T14:25:29Z</time>
      </trkpt>
      <trkpt lat="4.700575489550829" lon="-75.533357067033648">
        <ele>2073.239999999999782</ele>
        <time>2019-02-17T14:25:23Z</time>
      </trkpt>
      <trkpt lat="4.700590996071696" lon="-75.533392690122128">
        <ele>2073.039999999999964</ele>
        <time>2019-02-17T14:25:20Z</time>
      </trkpt>
      <trkpt lat="4.700642377138138" lon="-75.533704748377204">
        <ele>2071</ele>
        <time>2019-02-17T14:24:54Z</time>
      </trkpt>
      <trkpt lat="4.700678084045649" lon="-75.533790411427617">
        <ele>2070.230000000000018</ele>
        <time>2019-02-17T14:24:45Z</time>
      </trkpt>
      <trkpt lat="4.700596779584885" lon="-75.533983111381531">
        <ele>2067.079999999999927</ele>
        <time>2019-02-17T14:24:22Z</time>
      </trkpt>
      <trkpt lat="4.700610609725118" lon="-75.534151336178184">
        <ele>2065.539999999999964</ele>
        <time>2019-02-17T14:24:01Z</time>
      </trkpt>
      <trkpt lat="4.700574483722448" lon="-75.534261977300048">
        <ele>2063.829999999999927</ele>
        <time>2019-02-17T14:23:46Z</time>
      </trkpt>
      <trkpt lat="4.700623601675034" lon="-75.534417126327753">
        <ele>2062.039999999999964</ele>
        <time>2019-02-17T14:23:29Z</time>
      </trkpt>
      <trkpt lat="4.70063416287303" lon="-75.534536736086011">
        <ele>2060.269999999999982</ele>
        <time>2019-02-17T14:23:12Z</time>
      </trkpt>
      <trkpt lat="4.700612789019942" lon="-75.534576214849949">
        <ele>2059.619999999999891</ele>
        <time>2019-02-17T14:23:05Z</time>
      </trkpt>
      <trkpt lat="4.700602730736136" lon="-75.534613598138094">
        <ele>2058.429999999999836</ele>
        <time>2019-02-17T14:22:58Z</time>
      </trkpt>
      <trkpt lat="4.700635587796569" lon="-75.534686101600528">
        <ele>2057.440000000000055</ele>
        <time>2019-02-17T14:22:45Z</time>
      </trkpt>
      <trkpt lat="4.700673641636968" lon="-75.534718791022897">
        <ele>2057.2199999999998</ele>
        <time>2019-02-17T14:22:40Z</time>
      </trkpt>
      <trkpt lat="4.700720580294728" lon="-75.534746367484331">
        <ele>2056.889999999999873</ele>
        <time>2019-02-17T14:22:37Z</time>
      </trkpt>
      <trkpt lat="4.700735500082374" lon="-75.534757766872644">
        <ele>2056.639999999999873</ele>
        <time>2019-02-17T14:22:34Z</time>
      </trkpt>
      <trkpt lat="4.700761735439301" lon="-75.534781906753778">
        <ele>2056.2800000000002</ele>
        <time>2019-02-17T14:22:31Z</time>
      </trkpt>
      <trkpt lat="4.700869526714087" lon="-75.534903863444924">
        <ele>2055.670000000000073</ele>
        <time>2019-02-17T14:22:17Z</time>
      </trkpt>
      <trkpt lat="4.701117211952806" lon="-75.535223800688982">
        <ele>2052.5300000000002</ele>
        <time>2019-02-17T14:21:34Z</time>
      </trkpt>
      <trkpt lat="4.70114135183394" lon="-75.53526671603322">
        <ele>2051.900000000000091</ele>
        <time>2019-02-17T14:21:27Z</time>
      </trkpt>
      <trkpt lat="4.701194660738111" lon="-75.535421865060925">
        <ele>2048.519999999999982</ele>
        <time>2019-02-17T14:20:51Z</time>
      </trkpt>
      <trkpt lat="4.70119709149003" lon="-75.535440305247903">
        <ele>2048.320000000000164</ele>
        <time>2019-02-17T14:20:49Z</time>
      </trkpt>
      <trkpt lat="4.701221734285355" lon="-75.535487998276949">
        <ele>2047.180000000000064</ele>
        <time>2019-02-17T14:20:44Z</time>
      </trkpt>
      <trkpt lat="4.701412003487349" lon="-75.535653792321682">
        <ele>2043.970000000000027</ele>
        <time>2019-02-17T14:20:20Z</time>
      </trkpt>
      <trkpt lat="4.701614007353783" lon="-75.535762254148722">
        <ele>2041.670000000000073</ele>
        <time>2019-02-17T14:19:54Z</time>
      </trkpt>
      <trkpt lat="4.701745938509703" lon="-75.535822017118335">
        <ele>2040.3599999999999</ele>
        <time>2019-02-17T14:19:39Z</time>
      </trkpt>
      <trkpt lat="4.701761193573475" lon="-75.535855377092957">
        <ele>2040.279999999999973</ele>
        <time>2019-02-17T14:19:34Z</time>
      </trkpt>
      <trkpt lat="4.701757254078984" lon="-75.535890497267246">
        <ele>2039.920000000000073</ele>
        <time>2019-02-17T14:19:28Z</time>
      </trkpt>
      <trkpt lat="4.701870745047927" lon="-75.535947913303971">
        <ele>2038.019999999999982</ele>
        <time>2019-02-17T14:19:11Z</time>
      </trkpt>
      <trkpt lat="4.701979290693998" lon="-75.535990241914988">
        <ele>2036.569999999999936</ele>
        <time>2019-02-17T14:18:59Z</time>
      </trkpt>
      <trkpt lat="4.702089261263609" lon="-75.536059560254216">
        <ele>2035.369999999999891</ele>
        <time>2019-02-17T14:18:48Z</time>
      </trkpt>
      <trkpt lat="4.702144833281636" lon="-75.53609543479979">
        <ele>2034.690000000000055</ele>
        <time>2019-02-17T14:18:43Z</time>
      </trkpt>
      <trkpt lat="4.702173415571451" lon="-75.53610909730196">
        <ele>2034.470000000000027</ele>
        <time>2019-02-17T14:18:40Z</time>
      </trkpt>
      <trkpt lat="4.702241476625204" lon="-75.536178918555379">
        <ele>2033.200000000000045</ele>
        <time>2019-02-17T14:18:25Z</time>
      </trkpt>
      <trkpt lat="4.702394446358085" lon="-75.536182019859552">
        <ele>2031.480000000000018</ele>
        <time>2019-02-17T14:18:07Z</time>
      </trkpt>
      <trkpt lat="4.702551858499646" lon="-75.536271454766393">
        <ele>2029.230000000000018</ele>
        <time>2019-02-17T14:17:48Z</time>
      </trkpt>
      <trkpt lat="4.702601730823517" lon="-75.536272125318646">
        <ele>2028.920000000000073</ele>
        <time>2019-02-17T14:17:44Z</time>
      </trkpt>
      <trkpt lat="4.702679514884949" lon="-75.536352088674903">
        <ele>2027.240000000000009</ele>
        <time>2019-02-17T14:17:31Z</time>
      </trkpt>
      <trkpt lat="4.702717987820506" lon="-75.536362146958709">
        <ele>2027.1099999999999</ele>
        <time>2019-02-17T14:17:26Z</time>
      </trkpt>
      <trkpt lat="4.70277925953269" lon="-75.536377988755703">
        <ele>2026.839999999999918</ele>
        <time>2019-02-17T14:17:17Z</time>
      </trkpt>
      <trkpt lat="4.702795436605811" lon="-75.536374133080244">
        <ele>2025.960000000000036</ele>
        <time>2019-02-17T14:17:14Z</time>
      </trkpt>
      <trkpt lat="4.702905910089612" lon="-75.536406068131328">
        <ele>2024.490000000000009</ele>
        <time>2019-02-17T14:17:01Z</time>
      </trkpt>
      <trkpt lat="4.702999535948038" lon="-75.536455940455198">
        <ele>2023.130000000000109</ele>
        <time>2019-02-17T14:16:46Z</time>
      </trkpt>
      <trkpt lat="4.703112775459886" lon="-75.536517295986414">
        <ele>2022.1099999999999</ele>
        <time>2019-02-17T14:16:34Z</time>
      </trkpt>
      <trkpt lat="4.703205227851868" lon="-75.536618633195758">
        <ele>2020.960000000000036</ele>
        <time>2019-02-17T14:16:22Z</time>
      </trkpt>
      <trkpt lat="4.7032830119133" lon="-75.536757605150342">
        <ele>2020.099999999999909</ele>
        <time>2019-02-17T14:16:09Z</time>
      </trkpt>
      <trkpt lat="4.703321317210793" lon="-75.536751821637154">
        <ele>2019.569999999999936</ele>
        <time>2019-02-17T14:15:59Z</time>
      </trkpt>
      <trkpt lat="4.703292232006788" lon="-75.536750815808773">
        <ele>2018.930000000000064</ele>
        <time>2019-02-17T14:15:46Z</time>
      </trkpt>
      <trkpt lat="4.703343110159039" lon="-75.536781912669539">
        <ele>2018.460000000000036</ele>
        <time>2019-02-17T14:15:41Z</time>
      </trkpt>
      <trkpt lat="4.703375715762377" lon="-75.536814099177718">
        <ele>2018.309999999999945</ele>
        <time>2019-02-17T14:15:38Z</time>
      </trkpt>
      <trkpt lat="4.703429779037833" lon="-75.536900935694575">
        <ele>2016.730000000000018</ele>
        <time>2019-02-17T14:15:26Z</time>
      </trkpt>
      <trkpt lat="4.703588867560029" lon="-75.537035381421447">
        <ele>2014.740000000000009</ele>
        <time>2019-02-17T14:15:04Z</time>
      </trkpt>
      <trkpt lat="4.703612672165036" lon="-75.537065891548991">
        <ele>2014.529999999999973</ele>
        <time>2019-02-17T14:15:01Z</time>
      </trkpt>
      <trkpt lat="4.703710405156016" lon="-75.537161445245147">
        <ele>2012.670000000000073</ele>
        <time>2019-02-17T14:14:43Z</time>
      </trkpt>
      <trkpt lat="4.703777292743325" lon="-75.537208383902907">
        <ele>2011.3599999999999</ele>
        <time>2019-02-17T14:14:21Z</time>
      </trkpt>
      <trkpt lat="4.703822806477547" lon="-75.537239229306579">
        <ele>2009.789999999999964</ele>
        <time>2019-02-17T14:14:02Z</time>
      </trkpt>
      <trkpt lat="4.703862285241485" lon="-75.537331430241466">
        <ele>2008.519999999999982</ele>
        <time>2019-02-17T14:13:46Z</time>
      </trkpt>
      <trkpt lat="4.703866392374039" lon="-75.537421451881528">
        <ele>2008.210000000000036</ele>
        <time>2019-02-17T14:13:33Z</time>
      </trkpt>
    </trkseg>
  </trk>

</gpx>
